DEBUG - 2026-08-02 00:10:51 --> Session: Class initialized using 'CodeIgniter\Session\Handlers\FileHandler' driver.
DEBUG - 2026-08-02 00:11:58 --> Session: Class initialized using 'CodeIgniter\Session\Handlers\FileHandler' driver.
DEBUG - 2026-08-02 00:14:11 --> Session: Class initialized using 'CodeIgniter\Session\Handlers\FileHandler' driver.
INFO - 2026-08-02 00:14:47 --> CSRF token verified.
DEBUG - 2026-08-02 00:14:47 --> Session: Class initialized using 'CodeIgniter\Session\Handlers\FileHandler' driver.
CRITICAL - 2026-08-02 00:14:47 --> Error: Cannot use object of type stdClass as array
[Method: POST, Route: user/tasks/updateMeta/3]
in APPPATH\Controllers\User\Tasks.php on line 65.
 1 SYSTEMPATH\CodeIgniter.php(974): App\Controllers\User\Tasks->updateMeta('3')
 2 SYSTEMPATH\CodeIgniter.php(520): CodeIgniter\CodeIgniter->runController(Object(App\Controllers\User\Tasks))
 3 SYSTEMPATH\CodeIgniter.php(363): CodeIgniter\CodeIgniter->handleRequest(null, Object(Config\Cache), false)
 4 SYSTEMPATH\Boot.php(417): CodeIgniter\CodeIgniter->run()
 5 SYSTEMPATH\Boot.php(68): CodeIgniter\Boot::runCodeIgniter(Object(CodeIgniter\CodeIgniter))
 6 FCPATH\index.php(59): CodeIgniter\Boot::bootWeb(Object(Config\Paths))
DEBUG - 2026-08-02 00:16:43 --> Session: Class initialized using 'CodeIgniter\Session\Handlers\FileHandler' driver.
DEBUG - 2026-08-02 00:20:34 --> Session: Class initialized using 'CodeIgniter\Session\Handlers\FileHandler' driver.
DEBUG - 2026-08-02 00:22:35 --> Session: Class initialized using 'CodeIgniter\Session\Handlers\FileHandler' driver.
DEBUG - 2026-08-02 00:25:14 --> Session: Class initialized using 'CodeIgniter\Session\Handlers\FileHandler' driver.
DEBUG - 2026-08-02 00:37:54 --> Session: Class initialized using 'CodeIgniter\Session\Handlers\FileHandler' driver.
DEBUG - 2026-08-02 00:38:12 --> Session: Class initialized using 'CodeIgniter\Session\Handlers\FileHandler' driver.
DEBUG - 2026-08-02 00:38:13 --> Session: Class initialized using 'CodeIgniter\Session\Handlers\FileHandler' driver.
CRITICAL - 2026-08-02 00:38:13 --> Error: Call to undefined function App\Controllers\Admin\current_services()
[Method: GET, Route: admin/projects/1]
in APPPATH\Controllers\Admin\Projects.php on line 154.
 1 SYSTEMPATH\CodeIgniter.php(974): App\Controllers\Admin\Projects->show('1')
 2 SYSTEMPATH\CodeIgniter.php(520): CodeIgniter\CodeIgniter->runController(Object(App\Controllers\Admin\Projects))
 3 SYSTEMPATH\CodeIgniter.php(363): CodeIgniter\CodeIgniter->handleRequest(null, Object(Config\Cache), false)
 4 SYSTEMPATH\Boot.php(417): CodeIgniter\CodeIgniter->run()
 5 SYSTEMPATH\Boot.php(68): CodeIgniter\Boot::runCodeIgniter(Object(CodeIgniter\CodeIgniter))
 6 FCPATH\index.php(59): CodeIgniter\Boot::bootWeb(Object(Config\Paths))
DEBUG - 2026-08-02 00:38:15 --> Session: Class initialized using 'CodeIgniter\Session\Handlers\FileHandler' driver.
CRITICAL - 2026-08-02 00:38:15 --> Error: Call to undefined function App\Controllers\Admin\current_services()
[Method: GET, Route: admin/projects/1]
in APPPATH\Controllers\Admin\Projects.php on line 154.
 1 SYSTEMPATH\CodeIgniter.php(974): App\Controllers\Admin\Projects->show('1')
 2 SYSTEMPATH\CodeIgniter.php(520): CodeIgniter\CodeIgniter->runController(Object(App\Controllers\Admin\Projects))
 3 SYSTEMPATH\CodeIgniter.php(363): CodeIgniter\CodeIgniter->handleRequest(null, Object(Config\Cache), false)
 4 SYSTEMPATH\Boot.php(417): CodeIgniter\CodeIgniter->run()
 5 SYSTEMPATH\Boot.php(68): CodeIgniter\Boot::runCodeIgniter(Object(CodeIgniter\CodeIgniter))
 6 FCPATH\index.php(59): CodeIgniter\Boot::bootWeb(Object(Config\Paths))
DEBUG - 2026-08-02 00:39:21 --> Session: Class initialized using 'CodeIgniter\Session\Handlers\FileHandler' driver.
DEBUG - 2026-08-02 00:39:25 --> Session: Class initialized using 'CodeIgniter\Session\Handlers\FileHandler' driver.
CRITICAL - 2026-08-02 00:39:25 --> ErrorException: Undefined property: stdClass::$description
[Method: GET, Route: admin/projects/1]
in APPPATH\Views\projects\show.php on line 234.
 1 APPPATH\Views\projects\show.php(234): CodeIgniter\Debug\Exceptions->errorHandler(2, 'Undefined property: stdClass::$description', 'C:\\xampp\\htdocs\\eso8manager_v0.0.1\\app\\Views\\projects\\show.php', 234)
 2 SYSTEMPATH\View\View.php(240): include('C:\\xampp\\htdocs\\eso8manager_v0.0.1\\app\\Views\\projects\\show.php')
 3 SYSTEMPATH\View\View.php(243): CodeIgniter\View\View->CodeIgniter\View\{closure}()
 4 SYSTEMPATH\Common.php(1254): CodeIgniter\View\View->render('projects/show', [], true)
 5 APPPATH\Controllers\Admin\Projects.php(169): view('projects/show', [...])
 6 SYSTEMPATH\CodeIgniter.php(974): App\Controllers\Admin\Projects->show('1')
 7 SYSTEMPATH\CodeIgniter.php(520): CodeIgniter\CodeIgniter->runController(Object(App\Controllers\Admin\Projects))
 8 SYSTEMPATH\CodeIgniter.php(363): CodeIgniter\CodeIgniter->handleRequest(null, Object(Config\Cache), false)
 9 SYSTEMPATH\Boot.php(417): CodeIgniter\CodeIgniter->run()
10 SYSTEMPATH\Boot.php(68): CodeIgniter\Boot::runCodeIgniter(Object(CodeIgniter\CodeIgniter))
11 FCPATH\index.php(59): CodeIgniter\Boot::bootWeb(Object(Config\Paths))
DEBUG - 2026-08-02 00:39:26 --> Session: Class initialized using 'CodeIgniter\Session\Handlers\FileHandler' driver.
CRITICAL - 2026-08-02 00:39:26 --> ErrorException: Undefined property: stdClass::$description
[Method: GET, Route: admin/projects/1]
in APPPATH\Views\projects\show.php on line 234.
 1 APPPATH\Views\projects\show.php(234): CodeIgniter\Debug\Exceptions->errorHandler(2, 'Undefined property: stdClass::$description', 'C:\\xampp\\htdocs\\eso8manager_v0.0.1\\app\\Views\\projects\\show.php', 234)
 2 SYSTEMPATH\View\View.php(240): include('C:\\xampp\\htdocs\\eso8manager_v0.0.1\\app\\Views\\projects\\show.php')
 3 SYSTEMPATH\View\View.php(243): CodeIgniter\View\View->CodeIgniter\View\{closure}()
 4 SYSTEMPATH\Common.php(1254): CodeIgniter\View\View->render('projects/show', [], true)
 5 APPPATH\Controllers\Admin\Projects.php(169): view('projects/show', [...])
 6 SYSTEMPATH\CodeIgniter.php(974): App\Controllers\Admin\Projects->show('1')
 7 SYSTEMPATH\CodeIgniter.php(520): CodeIgniter\CodeIgniter->runController(Object(App\Controllers\Admin\Projects))
 8 SYSTEMPATH\CodeIgniter.php(363): CodeIgniter\CodeIgniter->handleRequest(null, Object(Config\Cache), false)
 9 SYSTEMPATH\Boot.php(417): CodeIgniter\CodeIgniter->run()
10 SYSTEMPATH\Boot.php(68): CodeIgniter\Boot::runCodeIgniter(Object(CodeIgniter\CodeIgniter))
11 FCPATH\index.php(59): CodeIgniter\Boot::bootWeb(Object(Config\Paths))
DEBUG - 2026-08-02 00:39:28 --> Session: Class initialized using 'CodeIgniter\Session\Handlers\FileHandler' driver.
CRITICAL - 2026-08-02 00:39:28 --> ErrorException: Undefined property: stdClass::$description
[Method: GET, Route: admin/projects/1]
in APPPATH\Views\projects\show.php on line 234.
 1 APPPATH\Views\projects\show.php(234): CodeIgniter\Debug\Exceptions->errorHandler(2, 'Undefined property: stdClass::$description', 'C:\\xampp\\htdocs\\eso8manager_v0.0.1\\app\\Views\\projects\\show.php', 234)
 2 SYSTEMPATH\View\View.php(240): include('C:\\xampp\\htdocs\\eso8manager_v0.0.1\\app\\Views\\projects\\show.php')
 3 SYSTEMPATH\View\View.php(243): CodeIgniter\View\View->CodeIgniter\View\{closure}()
 4 SYSTEMPATH\Common.php(1254): CodeIgniter\View\View->render('projects/show', [], true)
 5 APPPATH\Controllers\Admin\Projects.php(169): view('projects/show', [...])
 6 SYSTEMPATH\CodeIgniter.php(974): App\Controllers\Admin\Projects->show('1')
 7 SYSTEMPATH\CodeIgniter.php(520): CodeIgniter\CodeIgniter->runController(Object(App\Controllers\Admin\Projects))
 8 SYSTEMPATH\CodeIgniter.php(363): CodeIgniter\CodeIgniter->handleRequest(null, Object(Config\Cache), false)
 9 SYSTEMPATH\Boot.php(417): CodeIgniter\CodeIgniter->run()
10 SYSTEMPATH\Boot.php(68): CodeIgniter\Boot::runCodeIgniter(Object(CodeIgniter\CodeIgniter))
11 FCPATH\index.php(59): CodeIgniter\Boot::bootWeb(Object(Config\Paths))
DEBUG - 2026-08-02 00:40:04 --> Session: Class initialized using 'CodeIgniter\Session\Handlers\FileHandler' driver.
DEBUG - 2026-08-02 00:40:05 --> Session: Class initialized using 'CodeIgniter\Session\Handlers\FileHandler' driver.
DEBUG - 2026-08-02 00:41:09 --> Session: Class initialized using 'CodeIgniter\Session\Handlers\FileHandler' driver.
INFO - 2026-08-02 00:41:49 --> CSRF token verified.
DEBUG - 2026-08-02 00:41:49 --> Session: Class initialized using 'CodeIgniter\Session\Handlers\FileHandler' driver.
DEBUG - 2026-08-02 00:41:49 --> Session: Class initialized using 'CodeIgniter\Session\Handlers\FileHandler' driver.
DEBUG - 2026-08-02 00:43:27 --> Session: Class initialized using 'CodeIgniter\Session\Handlers\FileHandler' driver.
DEBUG - 2026-08-02 00:43:54 --> Session: Class initialized using 'CodeIgniter\Session\Handlers\FileHandler' driver.
INFO - 2026-08-02 00:45:07 --> CSRF token verified.
DEBUG - 2026-08-02 00:45:08 --> Session: Class initialized using 'CodeIgniter\Session\Handlers\FileHandler' driver.
DEBUG - 2026-08-02 00:45:08 --> Session: Class initialized using 'CodeIgniter\Session\Handlers\FileHandler' driver.
INFO - 2026-08-02 00:45:14 --> CSRF token verified.
DEBUG - 2026-08-02 00:45:14 --> Session: Class initialized using 'CodeIgniter\Session\Handlers\FileHandler' driver.
DEBUG - 2026-08-02 00:45:15 --> Session: Class initialized using 'CodeIgniter\Session\Handlers\FileHandler' driver.
INFO - 2026-08-02 00:45:18 --> CSRF token verified.
DEBUG - 2026-08-02 00:45:18 --> Session: Class initialized using 'CodeIgniter\Session\Handlers\FileHandler' driver.
DEBUG - 2026-08-02 00:45:18 --> Session: Class initialized using 'CodeIgniter\Session\Handlers\FileHandler' driver.
DEBUG - 2026-08-02 00:45:20 --> Session: Class initialized using 'CodeIgniter\Session\Handlers\FileHandler' driver.
DEBUG - 2026-08-02 00:45:41 --> Session: Class initialized using 'CodeIgniter\Session\Handlers\FileHandler' driver.
DEBUG - 2026-08-02 00:46:19 --> Session: Class initialized using 'CodeIgniter\Session\Handlers\FileHandler' driver.
DEBUG - 2026-08-02 00:46:20 --> Session: Class initialized using 'CodeIgniter\Session\Handlers\FileHandler' driver.
INFO - 2026-08-02 00:46:23 --> CSRF token verified.
DEBUG - 2026-08-02 00:46:23 --> Session: Class initialized using 'CodeIgniter\Session\Handlers\FileHandler' driver.
DEBUG - 2026-08-02 00:46:23 --> Session: Class initialized using 'CodeIgniter\Session\Handlers\FileHandler' driver.
INFO - 2026-08-02 00:47:07 --> CSRF token verified.
DEBUG - 2026-08-02 00:47:07 --> Session: Class initialized using 'CodeIgniter\Session\Handlers\FileHandler' driver.
DEBUG - 2026-08-02 00:47:07 --> Session: Class initialized using 'CodeIgniter\Session\Handlers\FileHandler' driver.
DEBUG - 2026-08-02 00:47:31 --> Session: Class initialized using 'CodeIgniter\Session\Handlers\FileHandler' driver.
DEBUG - 2026-08-02 00:48:41 --> Session: Class initialized using 'CodeIgniter\Session\Handlers\FileHandler' driver.
DEBUG - 2026-08-02 00:51:01 --> Session: Class initialized using 'CodeIgniter\Session\Handlers\FileHandler' driver.
INFO - 2026-08-02 00:51:04 --> CSRF token verified.
DEBUG - 2026-08-02 00:51:04 --> Session: Class initialized using 'CodeIgniter\Session\Handlers\FileHandler' driver.
DEBUG - 2026-08-02 00:51:04 --> Session: Class initialized using 'CodeIgniter\Session\Handlers\FileHandler' driver.
DEBUG - 2026-08-02 00:51:08 --> Session: Class initialized using 'CodeIgniter\Session\Handlers\FileHandler' driver.
DEBUG - 2026-08-02 00:53:29 --> Session: Class initialized using 'CodeIgniter\Session\Handlers\FileHandler' driver.
DEBUG - 2026-08-02 00:53:31 --> Session: Class initialized using 'CodeIgniter\Session\Handlers\FileHandler' driver.
DEBUG - 2026-08-02 00:53:43 --> Session: Class initialized using 'CodeIgniter\Session\Handlers\FileHandler' driver.
DEBUG - 2026-08-02 00:58:45 --> Session: Class initialized using 'CodeIgniter\Session\Handlers\FileHandler' driver.
DEBUG - 2026-08-02 00:58:58 --> Session: Class initialized using 'CodeIgniter\Session\Handlers\FileHandler' driver.
INFO - 2026-08-02 00:59:08 --> CSRF token verified.
DEBUG - 2026-08-02 00:59:08 --> Session: Class initialized using 'CodeIgniter\Session\Handlers\FileHandler' driver.
DEBUG - 2026-08-02 00:59:08 --> Session: Class initialized using 'CodeIgniter\Session\Handlers\FileHandler' driver.
DEBUG - 2026-08-02 00:59:13 --> Session: Class initialized using 'CodeIgniter\Session\Handlers\FileHandler' driver.
DEBUG - 2026-08-02 00:59:19 --> Session: Class initialized using 'CodeIgniter\Session\Handlers\FileHandler' driver.
DEBUG - 2026-08-02 00:59:21 --> Session: Class initialized using 'CodeIgniter\Session\Handlers\FileHandler' driver.
DEBUG - 2026-08-02 00:59:25 --> Session: Class initialized using 'CodeIgniter\Session\Handlers\FileHandler' driver.
DEBUG - 2026-08-02 00:59:27 --> Session: Class initialized using 'CodeIgniter\Session\Handlers\FileHandler' driver.
DEBUG - 2026-08-02 00:59:29 --> Session: Class initialized using 'CodeIgniter\Session\Handlers\FileHandler' driver.
DEBUG - 2026-08-02 00:59:31 --> Session: Class initialized using 'CodeIgniter\Session\Handlers\FileHandler' driver.
DEBUG - 2026-08-02 00:59:43 --> Session: Class initialized using 'CodeIgniter\Session\Handlers\FileHandler' driver.
DEBUG - 2026-08-02 00:59:46 --> Session: Class initialized using 'CodeIgniter\Session\Handlers\FileHandler' driver.
DEBUG - 2026-08-02 01:01:24 --> Session: Class initialized using 'CodeIgniter\Session\Handlers\FileHandler' driver.
DEBUG - 2026-08-02 01:01:26 --> Session: Class initialized using 'CodeIgniter\Session\Handlers\FileHandler' driver.
DEBUG - 2026-08-02 01:01:55 --> Session: Class initialized using 'CodeIgniter\Session\Handlers\FileHandler' driver.
DEBUG - 2026-08-02 01:02:00 --> Session: Class initialized using 'CodeIgniter\Session\Handlers\FileHandler' driver.
DEBUG - 2026-08-02 01:02:03 --> Session: Class initialized using 'CodeIgniter\Session\Handlers\FileHandler' driver.
DEBUG - 2026-08-02 01:02:30 --> Session: Class initialized using 'CodeIgniter\Session\Handlers\FileHandler' driver.
DEBUG - 2026-08-02 01:02:32 --> Session: Class initialized using 'CodeIgniter\Session\Handlers\FileHandler' driver.
DEBUG - 2026-08-02 01:02:34 --> Session: Class initialized using 'CodeIgniter\Session\Handlers\FileHandler' driver.
DEBUG - 2026-08-02 01:02:36 --> Session: Class initialized using 'CodeIgniter\Session\Handlers\FileHandler' driver.
DEBUG - 2026-08-02 01:02:59 --> Session: Class initialized using 'CodeIgniter\Session\Handlers\FileHandler' driver.
DEBUG - 2026-08-02 01:03:05 --> Session: Class initialized using 'CodeIgniter\Session\Handlers\FileHandler' driver.
DEBUG - 2026-08-02 01:03:08 --> Session: Class initialized using 'CodeIgniter\Session\Handlers\FileHandler' driver.
DEBUG - 2026-08-02 01:03:17 --> Session: Class initialized using 'CodeIgniter\Session\Handlers\FileHandler' driver.
DEBUG - 2026-08-02 01:07:12 --> Session: Class initialized using 'CodeIgniter\Session\Handlers\FileHandler' driver.
DEBUG - 2026-08-02 01:07:14 --> Session: Class initialized using 'CodeIgniter\Session\Handlers\FileHandler' driver.
DEBUG - 2026-08-02 01:07:16 --> Session: Class initialized using 'CodeIgniter\Session\Handlers\FileHandler' driver.
DEBUG - 2026-08-02 01:07:18 --> Session: Class initialized using 'CodeIgniter\Session\Handlers\FileHandler' driver.
DEBUG - 2026-08-02 01:07:20 --> Session: Class initialized using 'CodeIgniter\Session\Handlers\FileHandler' driver.
DEBUG - 2026-08-02 01:07:41 --> Session: Class initialized using 'CodeIgniter\Session\Handlers\FileHandler' driver.
DEBUG - 2026-08-02 01:08:36 --> Session: Class initialized using 'CodeIgniter\Session\Handlers\FileHandler' driver.
DEBUG - 2026-08-02 01:08:38 --> Session: Class initialized using 'CodeIgniter\Session\Handlers\FileHandler' driver.
DEBUG - 2026-08-02 01:08:40 --> Session: Class initialized using 'CodeIgniter\Session\Handlers\FileHandler' driver.
DEBUG - 2026-08-02 01:11:42 --> Session: Class initialized using 'CodeIgniter\Session\Handlers\FileHandler' driver.
DEBUG - 2026-08-02 01:11:48 --> Session: Class initialized using 'CodeIgniter\Session\Handlers\FileHandler' driver.
DEBUG - 2026-08-02 01:11:50 --> Session: Class initialized using 'CodeIgniter\Session\Handlers\FileHandler' driver.
DEBUG - 2026-08-02 01:11:55 --> Session: Class initialized using 'CodeIgniter\Session\Handlers\FileHandler' driver.
DEBUG - 2026-08-02 01:11:56 --> Session: Class initialized using 'CodeIgniter\Session\Handlers\FileHandler' driver.
INFO - 2026-08-02 01:12:03 --> CSRF token verified.
DEBUG - 2026-08-02 01:12:03 --> Session: Class initialized using 'CodeIgniter\Session\Handlers\FileHandler' driver.
CRITICAL - 2026-08-02 01:12:03 --> CodeIgniter\Database\Exceptions\DataException: There is no data to update.
[Method: POST, Route: admin/shots/updateSettings/1]
in SYSTEMPATH\BaseModel.php on line 1057.
 1 SYSTEMPATH\BaseModel.php(1057): CodeIgniter\Database\Exceptions\DataException::forEmptyDataset('update')
 2 SYSTEMPATH\Model.php(711): CodeIgniter\BaseModel->update([...], [])
 3 APPPATH\Controllers\Admin\Shots.php(72): CodeIgniter\Model->update('1', [...])
 4 SYSTEMPATH\CodeIgniter.php(974): App\Controllers\Admin\Shots->updateSettings('1')
 5 SYSTEMPATH\CodeIgniter.php(520): CodeIgniter\CodeIgniter->runController(Object(App\Controllers\Admin\Shots))
 6 SYSTEMPATH\CodeIgniter.php(363): CodeIgniter\CodeIgniter->handleRequest(null, Object(Config\Cache), false)
 7 SYSTEMPATH\Boot.php(417): CodeIgniter\CodeIgniter->run()
 8 SYSTEMPATH\Boot.php(68): CodeIgniter\Boot::runCodeIgniter(Object(CodeIgniter\CodeIgniter))
 9 FCPATH\index.php(59): CodeIgniter\Boot::bootWeb(Object(Config\Paths))
INFO - 2026-08-02 01:12:26 --> CSRF token verified.
DEBUG - 2026-08-02 01:12:26 --> Session: Class initialized using 'CodeIgniter\Session\Handlers\FileHandler' driver.
CRITICAL - 2026-08-02 01:12:26 --> CodeIgniter\Database\Exceptions\DataException: There is no data to update.
[Method: POST, Route: admin/shots/updateSettings/1]
in SYSTEMPATH\BaseModel.php on line 1057.
 1 SYSTEMPATH\BaseModel.php(1057): CodeIgniter\Database\Exceptions\DataException::forEmptyDataset('update')
 2 SYSTEMPATH\Model.php(711): CodeIgniter\BaseModel->update([...], [])
 3 APPPATH\Controllers\Admin\Shots.php(72): CodeIgniter\Model->update('1', [...])
 4 SYSTEMPATH\CodeIgniter.php(974): App\Controllers\Admin\Shots->updateSettings('1')
 5 SYSTEMPATH\CodeIgniter.php(520): CodeIgniter\CodeIgniter->runController(Object(App\Controllers\Admin\Shots))
 6 SYSTEMPATH\CodeIgniter.php(363): CodeIgniter\CodeIgniter->handleRequest(null, Object(Config\Cache), false)
 7 SYSTEMPATH\Boot.php(417): CodeIgniter\CodeIgniter->run()
 8 SYSTEMPATH\Boot.php(68): CodeIgniter\Boot::runCodeIgniter(Object(CodeIgniter\CodeIgniter))
 9 FCPATH\index.php(59): CodeIgniter\Boot::bootWeb(Object(Config\Paths))
INFO - 2026-08-02 01:12:29 --> CSRF token verified.
DEBUG - 2026-08-02 01:12:29 --> Session: Class initialized using 'CodeIgniter\Session\Handlers\FileHandler' driver.
CRITICAL - 2026-08-02 01:12:29 --> CodeIgniter\Database\Exceptions\DataException: There is no data to update.
[Method: POST, Route: admin/shots/updateSettings/1]
in SYSTEMPATH\BaseModel.php on line 1057.
 1 SYSTEMPATH\BaseModel.php(1057): CodeIgniter\Database\Exceptions\DataException::forEmptyDataset('update')
 2 SYSTEMPATH\Model.php(711): CodeIgniter\BaseModel->update([...], [])
 3 APPPATH\Controllers\Admin\Shots.php(72): CodeIgniter\Model->update('1', [...])
 4 SYSTEMPATH\CodeIgniter.php(974): App\Controllers\Admin\Shots->updateSettings('1')
 5 SYSTEMPATH\CodeIgniter.php(520): CodeIgniter\CodeIgniter->runController(Object(App\Controllers\Admin\Shots))
 6 SYSTEMPATH\CodeIgniter.php(363): CodeIgniter\CodeIgniter->handleRequest(null, Object(Config\Cache), false)
 7 SYSTEMPATH\Boot.php(417): CodeIgniter\CodeIgniter->run()
 8 SYSTEMPATH\Boot.php(68): CodeIgniter\Boot::runCodeIgniter(Object(CodeIgniter\CodeIgniter))
 9 FCPATH\index.php(59): CodeIgniter\Boot::bootWeb(Object(Config\Paths))
DEBUG - 2026-08-02 01:12:30 --> Session: Class initialized using 'CodeIgniter\Session\Handlers\FileHandler' driver.
INFO - 2026-08-02 01:12:36 --> CSRF token verified.
DEBUG - 2026-08-02 01:12:36 --> Session: Class initialized using 'CodeIgniter\Session\Handlers\FileHandler' driver.
DEBUG - 2026-08-02 01:12:36 --> Session: Class initialized using 'CodeIgniter\Session\Handlers\FileHandler' driver.
DEBUG - 2026-08-02 01:12:38 --> Session: Class initialized using 'CodeIgniter\Session\Handlers\FileHandler' driver.
INFO - 2026-08-02 01:12:41 --> CSRF token verified.
DEBUG - 2026-08-02 01:12:41 --> Session: Class initialized using 'CodeIgniter\Session\Handlers\FileHandler' driver.
DEBUG - 2026-08-02 01:12:41 --> Session: Class initialized using 'CodeIgniter\Session\Handlers\FileHandler' driver.
DEBUG - 2026-08-02 01:14:23 --> Session: Class initialized using 'CodeIgniter\Session\Handlers\FileHandler' driver.
DEBUG - 2026-08-02 01:14:29 --> Session: Class initialized using 'CodeIgniter\Session\Handlers\FileHandler' driver.
DEBUG - 2026-08-02 01:16:25 --> Session: Class initialized using 'CodeIgniter\Session\Handlers\FileHandler' driver.
INFO - 2026-08-02 01:16:27 --> CSRF token verified.
DEBUG - 2026-08-02 01:16:27 --> Session: Class initialized using 'CodeIgniter\Session\Handlers\FileHandler' driver.
DEBUG - 2026-08-02 01:16:27 --> Session: Class initialized using 'CodeIgniter\Session\Handlers\FileHandler' driver.
INFO - 2026-08-02 01:16:35 --> CSRF token verified.
DEBUG - 2026-08-02 01:16:35 --> Session: Class initialized using 'CodeIgniter\Session\Handlers\FileHandler' driver.
DEBUG - 2026-08-02 01:16:35 --> Session: Class initialized using 'CodeIgniter\Session\Handlers\FileHandler' driver.
DEBUG - 2026-08-02 01:16:37 --> Session: Class initialized using 'CodeIgniter\Session\Handlers\FileHandler' driver.
DEBUG - 2026-08-02 01:18:36 --> Session: Class initialized using 'CodeIgniter\Session\Handlers\FileHandler' driver.
INFO - 2026-08-02 01:18:39 --> CSRF token verified.
DEBUG - 2026-08-02 01:18:39 --> Session: Class initialized using 'CodeIgniter\Session\Handlers\FileHandler' driver.
DEBUG - 2026-08-02 01:18:39 --> Session: Class initialized using 'CodeIgniter\Session\Handlers\FileHandler' driver.
DEBUG - 2026-08-02 01:19:46 --> Session: Class initialized using 'CodeIgniter\Session\Handlers\FileHandler' driver.
DEBUG - 2026-08-02 01:19:48 --> Session: Class initialized using 'CodeIgniter\Session\Handlers\FileHandler' driver.
DEBUG - 2026-08-02 01:19:52 --> Session: Class initialized using 'CodeIgniter\Session\Handlers\FileHandler' driver.
DEBUG - 2026-08-02 01:19:53 --> Session: Class initialized using 'CodeIgniter\Session\Handlers\FileHandler' driver.
DEBUG - 2026-08-02 01:19:53 --> Session: Class initialized using 'CodeIgniter\Session\Handlers\FileHandler' driver.
DEBUG - 2026-08-02 01:20:00 --> Session: Class initialized using 'CodeIgniter\Session\Handlers\FileHandler' driver.
DEBUG - 2026-08-02 01:20:19 --> Session: Class initialized using 'CodeIgniter\Session\Handlers\FileHandler' driver.
INFO - 2026-08-02 01:20:26 --> CSRF token verified.
DEBUG - 2026-08-02 01:20:26 --> Session: Class initialized using 'CodeIgniter\Session\Handlers\FileHandler' driver.
DEBUG - 2026-08-02 01:20:26 --> Session: Class initialized using 'CodeIgniter\Session\Handlers\FileHandler' driver.
INFO - 2026-08-02 01:20:30 --> CSRF token verified.
DEBUG - 2026-08-02 01:20:30 --> Session: Class initialized using 'CodeIgniter\Session\Handlers\FileHandler' driver.
DEBUG - 2026-08-02 01:20:30 --> Session: Class initialized using 'CodeIgniter\Session\Handlers\FileHandler' driver.
INFO - 2026-08-02 01:20:35 --> CSRF token verified.
DEBUG - 2026-08-02 01:20:35 --> Session: Class initialized using 'CodeIgniter\Session\Handlers\FileHandler' driver.
DEBUG - 2026-08-02 01:20:35 --> Session: Class initialized using 'CodeIgniter\Session\Handlers\FileHandler' driver.
DEBUG - 2026-08-02 01:20:39 --> Session: Class initialized using 'CodeIgniter\Session\Handlers\FileHandler' driver.
DEBUG - 2026-08-02 01:20:58 --> Session: Class initialized using 'CodeIgniter\Session\Handlers\FileHandler' driver.
DEBUG - 2026-08-02 01:21:10 --> Session: Class initialized using 'CodeIgniter\Session\Handlers\FileHandler' driver.
DEBUG - 2026-08-02 01:23:45 --> Session: Class initialized using 'CodeIgniter\Session\Handlers\FileHandler' driver.
DEBUG - 2026-08-02 01:23:46 --> Session: Class initialized using 'CodeIgniter\Session\Handlers\FileHandler' driver.
DEBUG - 2026-08-02 01:23:47 --> Session: Class initialized using 'CodeIgniter\Session\Handlers\FileHandler' driver.
DEBUG - 2026-08-02 01:23:48 --> Session: Class initialized using 'CodeIgniter\Session\Handlers\FileHandler' driver.
INFO - 2026-08-02 01:23:49 --> CSRF token verified.
DEBUG - 2026-08-02 01:23:49 --> Session: Class initialized using 'CodeIgniter\Session\Handlers\FileHandler' driver.
DEBUG - 2026-08-02 01:23:49 --> Session: Class initialized using 'CodeIgniter\Session\Handlers\FileHandler' driver.
DEBUG - 2026-08-02 01:25:39 --> Session: Class initialized using 'CodeIgniter\Session\Handlers\FileHandler' driver.
DEBUG - 2026-08-02 01:26:03 --> Session: Class initialized using 'CodeIgniter\Session\Handlers\FileHandler' driver.
DEBUG - 2026-08-02 01:26:09 --> Session: Class initialized using 'CodeIgniter\Session\Handlers\FileHandler' driver.
DEBUG - 2026-08-02 01:26:22 --> Session: Class initialized using 'CodeIgniter\Session\Handlers\FileHandler' driver.
DEBUG - 2026-08-02 01:26:48 --> Session: Class initialized using 'CodeIgniter\Session\Handlers\FileHandler' driver.
INFO - 2026-08-02 01:27:33 --> CSRF token verified.
DEBUG - 2026-08-02 01:27:33 --> Session: Class initialized using 'CodeIgniter\Session\Handlers\FileHandler' driver.
DEBUG - 2026-08-02 01:27:33 --> Session: Class initialized using 'CodeIgniter\Session\Handlers\FileHandler' driver.
INFO - 2026-08-02 01:29:10 --> CSRF token verified.
DEBUG - 2026-08-02 01:29:10 --> Session: Class initialized using 'CodeIgniter\Session\Handlers\FileHandler' driver.
DEBUG - 2026-08-02 01:29:10 --> Session: Class initialized using 'CodeIgniter\Session\Handlers\FileHandler' driver.
DEBUG - 2026-08-02 01:32:27 --> Session: Class initialized using 'CodeIgniter\Session\Handlers\FileHandler' driver.
INFO - 2026-08-02 01:32:36 --> CSRF token verified.
DEBUG - 2026-08-02 01:32:36 --> Session: Class initialized using 'CodeIgniter\Session\Handlers\FileHandler' driver.
CRITICAL - 2026-08-02 01:32:36 --> Error: Cannot use object of type stdClass as array
[Method: POST, Route: user/tasks/updateStatus/3]
in APPPATH\Controllers\User\Tasks.php on line 34.
 1 SYSTEMPATH\CodeIgniter.php(974): App\Controllers\User\Tasks->updateStatus('3')
 2 SYSTEMPATH\CodeIgniter.php(520): CodeIgniter\CodeIgniter->runController(Object(App\Controllers\User\Tasks))
 3 SYSTEMPATH\CodeIgniter.php(363): CodeIgniter\CodeIgniter->handleRequest(null, Object(Config\Cache), false)
 4 SYSTEMPATH\Boot.php(417): CodeIgniter\CodeIgniter->run()
 5 SYSTEMPATH\Boot.php(68): CodeIgniter\Boot::runCodeIgniter(Object(CodeIgniter\CodeIgniter))
 6 FCPATH\index.php(59): CodeIgniter\Boot::bootWeb(Object(Config\Paths))
INFO - 2026-08-02 01:38:38 --> CSRF token verified.
DEBUG - 2026-08-02 01:38:38 --> Session: Class initialized using 'CodeIgniter\Session\Handlers\FileHandler' driver.
DEBUG - 2026-08-02 01:38:38 --> Session: Class initialized using 'CodeIgniter\Session\Handlers\FileHandler' driver.
INFO - 2026-08-02 01:39:04 --> CSRF token verified.
DEBUG - 2026-08-02 01:39:04 --> Session: Class initialized using 'CodeIgniter\Session\Handlers\FileHandler' driver.
DEBUG - 2026-08-02 01:39:04 --> Session: Class initialized using 'CodeIgniter\Session\Handlers\FileHandler' driver.
DEBUG - 2026-08-02 01:39:22 --> Session: Class initialized using 'CodeIgniter\Session\Handlers\FileHandler' driver.
INFO - 2026-08-02 01:39:36 --> CSRF token verified.
DEBUG - 2026-08-02 01:39:36 --> Session: Class initialized using 'CodeIgniter\Session\Handlers\FileHandler' driver.
CRITICAL - 2026-08-02 01:39:36 --> Error: Cannot use object of type stdClass as array
[Method: POST, Route: admin/tasks/reviewStatus/3]
in APPPATH\Controllers\Admin\Tasks.php on line 177.
 1 SYSTEMPATH\CodeIgniter.php(974): App\Controllers\Admin\Tasks->reviewStatus('3')
 2 SYSTEMPATH\CodeIgniter.php(520): CodeIgniter\CodeIgniter->runController(Object(App\Controllers\Admin\Tasks))
 3 SYSTEMPATH\CodeIgniter.php(363): CodeIgniter\CodeIgniter->handleRequest(null, Object(Config\Cache), false)
 4 SYSTEMPATH\Boot.php(417): CodeIgniter\CodeIgniter->run()
 5 SYSTEMPATH\Boot.php(68): CodeIgniter\Boot::runCodeIgniter(Object(CodeIgniter\CodeIgniter))
 6 FCPATH\index.php(59): CodeIgniter\Boot::bootWeb(Object(Config\Paths))
INFO - 2026-08-02 01:41:11 --> CSRF token verified.
DEBUG - 2026-08-02 01:41:11 --> Session: Class initialized using 'CodeIgniter\Session\Handlers\FileHandler' driver.
DEBUG - 2026-08-02 01:41:11 --> Session: Class initialized using 'CodeIgniter\Session\Handlers\FileHandler' driver.
DEBUG - 2026-08-02 01:41:18 --> Session: Class initialized using 'CodeIgniter\Session\Handlers\FileHandler' driver.
INFO - 2026-08-02 01:41:27 --> CSRF token verified.
DEBUG - 2026-08-02 01:41:27 --> Session: Class initialized using 'CodeIgniter\Session\Handlers\FileHandler' driver.
DEBUG - 2026-08-02 01:41:27 --> Session: Class initialized using 'CodeIgniter\Session\Handlers\FileHandler' driver.
INFO - 2026-08-02 01:41:29 --> CSRF token verified.
DEBUG - 2026-08-02 01:41:29 --> Session: Class initialized using 'CodeIgniter\Session\Handlers\FileHandler' driver.
DEBUG - 2026-08-02 01:41:29 --> Session: Class initialized using 'CodeIgniter\Session\Handlers\FileHandler' driver.
DEBUG - 2026-08-02 01:41:34 --> Session: Class initialized using 'CodeIgniter\Session\Handlers\FileHandler' driver.
INFO - 2026-08-02 01:41:37 --> CSRF token verified.
DEBUG - 2026-08-02 01:41:37 --> Session: Class initialized using 'CodeIgniter\Session\Handlers\FileHandler' driver.
DEBUG - 2026-08-02 01:41:37 --> Session: Class initialized using 'CodeIgniter\Session\Handlers\FileHandler' driver.
DEBUG - 2026-08-02 01:41:42 --> Session: Class initialized using 'CodeIgniter\Session\Handlers\FileHandler' driver.
DEBUG - 2026-08-02 01:43:20 --> Session: Class initialized using 'CodeIgniter\Session\Handlers\FileHandler' driver.
DEBUG - 2026-08-02 01:43:57 --> Session: Class initialized using 'CodeIgniter\Session\Handlers\FileHandler' driver.
DEBUG - 2026-08-02 01:44:48 --> Session: Class initialized using 'CodeIgniter\Session\Handlers\FileHandler' driver.
DEBUG - 2026-08-02 01:44:54 --> Session: Class initialized using 'CodeIgniter\Session\Handlers\FileHandler' driver.
INFO - 2026-08-02 01:45:36 --> CSRF token verified.
DEBUG - 2026-08-02 01:45:36 --> Session: Class initialized using 'CodeIgniter\Session\Handlers\FileHandler' driver.
DEBUG - 2026-08-02 01:45:36 --> Session: Class initialized using 'CodeIgniter\Session\Handlers\FileHandler' driver.
INFO - 2026-08-02 01:45:48 --> CSRF token verified.
DEBUG - 2026-08-02 01:45:48 --> Session: Class initialized using 'CodeIgniter\Session\Handlers\FileHandler' driver.
DEBUG - 2026-08-02 01:45:48 --> Session: Class initialized using 'CodeIgniter\Session\Handlers\FileHandler' driver.
DEBUG - 2026-08-02 01:46:00 --> Session: Class initialized using 'CodeIgniter\Session\Handlers\FileHandler' driver.
INFO - 2026-08-02 01:46:48 --> CSRF token verified.
DEBUG - 2026-08-02 01:46:48 --> Session: Class initialized using 'CodeIgniter\Session\Handlers\FileHandler' driver.
INFO - 2026-08-02 01:49:15 --> CSRF token verified.
DEBUG - 2026-08-02 01:49:15 --> Session: Class initialized using 'CodeIgniter\Session\Handlers\FileHandler' driver.
DEBUG - 2026-08-02 01:49:15 --> Session: Class initialized using 'CodeIgniter\Session\Handlers\FileHandler' driver.
DEBUG - 2026-08-02 01:49:27 --> Session: Class initialized using 'CodeIgniter\Session\Handlers\FileHandler' driver.
DEBUG - 2026-08-02 01:49:27 --> Session: Class initialized using 'CodeIgniter\Session\Handlers\FileHandler' driver.
INFO - 2026-08-02 01:49:40 --> CSRF token verified.
DEBUG - 2026-08-02 01:49:40 --> Session: Class initialized using 'CodeIgniter\Session\Handlers\FileHandler' driver.
DEBUG - 2026-08-02 01:49:40 --> Session: Class initialized using 'CodeIgniter\Session\Handlers\FileHandler' driver.
DEBUG - 2026-08-02 01:49:51 --> Session: Class initialized using 'CodeIgniter\Session\Handlers\FileHandler' driver.
DEBUG - 2026-08-02 01:49:55 --> Session: Class initialized using 'CodeIgniter\Session\Handlers\FileHandler' driver.
DEBUG - 2026-08-02 01:49:56 --> Session: Class initialized using 'CodeIgniter\Session\Handlers\FileHandler' driver.
DEBUG - 2026-08-02 01:49:57 --> Session: Class initialized using 'CodeIgniter\Session\Handlers\FileHandler' driver.
DEBUG - 2026-08-02 01:49:58 --> Session: Class initialized using 'CodeIgniter\Session\Handlers\FileHandler' driver.
INFO - 2026-08-02 01:50:04 --> CSRF token verified.
DEBUG - 2026-08-02 01:50:04 --> Session: Class initialized using 'CodeIgniter\Session\Handlers\FileHandler' driver.
DEBUG - 2026-08-02 01:50:04 --> Session: Class initialized using 'CodeIgniter\Session\Handlers\FileHandler' driver.
INFO - 2026-08-02 01:50:08 --> CSRF token verified.
DEBUG - 2026-08-02 01:50:08 --> Session: Class initialized using 'CodeIgniter\Session\Handlers\FileHandler' driver.
DEBUG - 2026-08-02 01:50:08 --> Session: Class initialized using 'CodeIgniter\Session\Handlers\FileHandler' driver.
DEBUG - 2026-08-02 01:50:53 --> Session: Class initialized using 'CodeIgniter\Session\Handlers\FileHandler' driver.
INFO - 2026-08-02 01:51:11 --> CSRF token verified.
DEBUG - 2026-08-02 01:51:11 --> Session: Class initialized using 'CodeIgniter\Session\Handlers\FileHandler' driver.
DEBUG - 2026-08-02 01:51:12 --> Session: Class initialized using 'CodeIgniter\Session\Handlers\FileHandler' driver.
INFO - 2026-08-02 01:51:18 --> CSRF token verified.
DEBUG - 2026-08-02 01:51:18 --> Session: Class initialized using 'CodeIgniter\Session\Handlers\FileHandler' driver.
DEBUG - 2026-08-02 01:51:18 --> Session: Class initialized using 'CodeIgniter\Session\Handlers\FileHandler' driver.
DEBUG - 2026-08-02 01:51:26 --> Session: Class initialized using 'CodeIgniter\Session\Handlers\FileHandler' driver.
INFO - 2026-08-02 01:51:33 --> CSRF token verified.
DEBUG - 2026-08-02 01:51:33 --> Session: Class initialized using 'CodeIgniter\Session\Handlers\FileHandler' driver.
DEBUG - 2026-08-02 01:51:33 --> Session: Class initialized using 'CodeIgniter\Session\Handlers\FileHandler' driver.
DEBUG - 2026-08-02 01:51:37 --> Session: Class initialized using 'CodeIgniter\Session\Handlers\FileHandler' driver.
DEBUG - 2026-08-02 01:55:29 --> Session: Class initialized using 'CodeIgniter\Session\Handlers\FileHandler' driver.
DEBUG - 2026-08-02 01:55:30 --> Session: Class initialized using 'CodeIgniter\Session\Handlers\FileHandler' driver.
DEBUG - 2026-08-02 01:55:32 --> Session: Class initialized using 'CodeIgniter\Session\Handlers\FileHandler' driver.
DEBUG - 2026-08-02 01:55:37 --> Session: Class initialized using 'CodeIgniter\Session\Handlers\FileHandler' driver.
DEBUG - 2026-08-02 01:55:52 --> Session: Class initialized using 'CodeIgniter\Session\Handlers\FileHandler' driver.
DEBUG - 2026-08-02 01:55:53 --> Session: Class initialized using 'CodeIgniter\Session\Handlers\FileHandler' driver.
DEBUG - 2026-08-02 01:55:55 --> Session: Class initialized using 'CodeIgniter\Session\Handlers\FileHandler' driver.
DEBUG - 2026-08-02 02:08:54 --> Session: Class initialized using 'CodeIgniter\Session\Handlers\FileHandler' driver.
DEBUG - 2026-08-02 02:08:55 --> Session: Class initialized using 'CodeIgniter\Session\Handlers\FileHandler' driver.
DEBUG - 2026-08-02 02:08:55 --> Session: Class initialized using 'CodeIgniter\Session\Handlers\FileHandler' driver.
DEBUG - 2026-08-02 02:08:56 --> Session: Class initialized using 'CodeIgniter\Session\Handlers\FileHandler' driver.
DEBUG - 2026-08-02 02:08:56 --> Session: Class initialized using 'CodeIgniter\Session\Handlers\FileHandler' driver.
DEBUG - 2026-08-02 02:08:57 --> Session: Class initialized using 'CodeIgniter\Session\Handlers\FileHandler' driver.
DEBUG - 2026-08-02 02:08:57 --> Session: Class initialized using 'CodeIgniter\Session\Handlers\FileHandler' driver.
DEBUG - 2026-08-02 02:09:20 --> Session: Class initialized using 'CodeIgniter\Session\Handlers\FileHandler' driver.
DEBUG - 2026-08-02 02:10:29 --> Session: Class initialized using 'CodeIgniter\Session\Handlers\FileHandler' driver.
DEBUG - 2026-08-02 02:10:32 --> Session: Class initialized using 'CodeIgniter\Session\Handlers\FileHandler' driver.
DEBUG - 2026-08-02 02:13:31 --> Session: Class initialized using 'CodeIgniter\Session\Handlers\FileHandler' driver.
DEBUG - 2026-08-02 02:13:32 --> Session: Class initialized using 'CodeIgniter\Session\Handlers\FileHandler' driver.
DEBUG - 2026-08-02 02:13:33 --> Session: Class initialized using 'CodeIgniter\Session\Handlers\FileHandler' driver.
DEBUG - 2026-08-02 02:13:42 --> Session: Class initialized using 'CodeIgniter\Session\Handlers\FileHandler' driver.
DEBUG - 2026-08-02 02:13:43 --> Session: Class initialized using 'CodeIgniter\Session\Handlers\FileHandler' driver.
DEBUG - 2026-08-02 02:13:44 --> Session: Class initialized using 'CodeIgniter\Session\Handlers\FileHandler' driver.
DEBUG - 2026-08-02 02:14:00 --> Session: Class initialized using 'CodeIgniter\Session\Handlers\FileHandler' driver.
DEBUG - 2026-08-02 02:14:03 --> Session: Class initialized using 'CodeIgniter\Session\Handlers\FileHandler' driver.
DEBUG - 2026-08-02 02:14:04 --> Session: Class initialized using 'CodeIgniter\Session\Handlers\FileHandler' driver.
DEBUG - 2026-08-02 02:14:30 --> Session: Class initialized using 'CodeIgniter\Session\Handlers\FileHandler' driver.
DEBUG - 2026-08-02 02:14:31 --> Session: Class initialized using 'CodeIgniter\Session\Handlers\FileHandler' driver.
DEBUG - 2026-08-02 02:14:31 --> Session: Class initialized using 'CodeIgniter\Session\Handlers\FileHandler' driver.
DEBUG - 2026-08-02 02:14:32 --> Session: Class initialized using 'CodeIgniter\Session\Handlers\FileHandler' driver.
DEBUG - 2026-08-02 02:14:32 --> Session: Class initialized using 'CodeIgniter\Session\Handlers\FileHandler' driver.
DEBUG - 2026-08-02 02:14:33 --> Session: Class initialized using 'CodeIgniter\Session\Handlers\FileHandler' driver.
DEBUG - 2026-08-02 02:14:34 --> Session: Class initialized using 'CodeIgniter\Session\Handlers\FileHandler' driver.
DEBUG - 2026-08-02 02:14:45 --> Session: Class initialized using 'CodeIgniter\Session\Handlers\FileHandler' driver.
DEBUG - 2026-08-02 02:14:46 --> Session: Class initialized using 'CodeIgniter\Session\Handlers\FileHandler' driver.
DEBUG - 2026-08-02 02:15:22 --> Session: Class initialized using 'CodeIgniter\Session\Handlers\FileHandler' driver.
DEBUG - 2026-08-02 02:15:23 --> Session: Class initialized using 'CodeIgniter\Session\Handlers\FileHandler' driver.
DEBUG - 2026-08-02 02:15:33 --> Session: Class initialized using 'CodeIgniter\Session\Handlers\FileHandler' driver.
DEBUG - 2026-08-02 02:15:34 --> Session: Class initialized using 'CodeIgniter\Session\Handlers\FileHandler' driver.
DEBUG - 2026-08-02 02:16:03 --> Session: Class initialized using 'CodeIgniter\Session\Handlers\FileHandler' driver.
DEBUG - 2026-08-02 02:16:07 --> Session: Class initialized using 'CodeIgniter\Session\Handlers\FileHandler' driver.
DEBUG - 2026-08-02 02:16:19 --> Session: Class initialized using 'CodeIgniter\Session\Handlers\FileHandler' driver.
DEBUG - 2026-08-02 02:16:19 --> Session: Class initialized using 'CodeIgniter\Session\Handlers\FileHandler' driver.
DEBUG - 2026-08-02 02:16:19 --> Session: Class initialized using 'CodeIgniter\Session\Handlers\FileHandler' driver.
DEBUG - 2026-08-02 02:16:19 --> Session: Class initialized using 'CodeIgniter\Session\Handlers\FileHandler' driver.
DEBUG - 2026-08-02 02:16:19 --> Session: Class initialized using 'CodeIgniter\Session\Handlers\FileHandler' driver.
DEBUG - 2026-08-02 02:16:20 --> Session: Class initialized using 'CodeIgniter\Session\Handlers\FileHandler' driver.
DEBUG - 2026-08-02 02:16:20 --> Session: Class initialized using 'CodeIgniter\Session\Handlers\FileHandler' driver.
DEBUG - 2026-08-02 02:17:48 --> Session: Class initialized using 'CodeIgniter\Session\Handlers\FileHandler' driver.
DEBUG - 2026-08-02 02:17:55 --> Session: Class initialized using 'CodeIgniter\Session\Handlers\FileHandler' driver.
DEBUG - 2026-08-02 02:17:57 --> Session: Class initialized using 'CodeIgniter\Session\Handlers\FileHandler' driver.
DEBUG - 2026-08-02 02:18:06 --> Session: Class initialized using 'CodeIgniter\Session\Handlers\FileHandler' driver.
DEBUG - 2026-08-02 02:18:08 --> Session: Class initialized using 'CodeIgniter\Session\Handlers\FileHandler' driver.
DEBUG - 2026-08-02 02:18:08 --> Session: Class initialized using 'CodeIgniter\Session\Handlers\FileHandler' driver.
DEBUG - 2026-08-02 02:18:08 --> Session: Class initialized using 'CodeIgniter\Session\Handlers\FileHandler' driver.
DEBUG - 2026-08-02 02:18:08 --> Session: Class initialized using 'CodeIgniter\Session\Handlers\FileHandler' driver.
DEBUG - 2026-08-02 02:18:08 --> Session: Class initialized using 'CodeIgniter\Session\Handlers\FileHandler' driver.
DEBUG - 2026-08-02 02:18:08 --> Session: Class initialized using 'CodeIgniter\Session\Handlers\FileHandler' driver.
DEBUG - 2026-08-02 02:19:05 --> Session: Class initialized using 'CodeIgniter\Session\Handlers\FileHandler' driver.
DEBUG - 2026-08-02 02:19:06 --> Session: Class initialized using 'CodeIgniter\Session\Handlers\FileHandler' driver.
DEBUG - 2026-08-02 02:19:07 --> Session: Class initialized using 'CodeIgniter\Session\Handlers\FileHandler' driver.
DEBUG - 2026-08-02 02:19:07 --> Session: Class initialized using 'CodeIgniter\Session\Handlers\FileHandler' driver.
DEBUG - 2026-08-02 02:19:08 --> Session: Class initialized using 'CodeIgniter\Session\Handlers\FileHandler' driver.
DEBUG - 2026-08-02 02:19:09 --> Session: Class initialized using 'CodeIgniter\Session\Handlers\FileHandler' driver.
DEBUG - 2026-08-02 02:19:09 --> Session: Class initialized using 'CodeIgniter\Session\Handlers\FileHandler' driver.
DEBUG - 2026-08-02 02:19:09 --> Session: Class initialized using 'CodeIgniter\Session\Handlers\FileHandler' driver.
DEBUG - 2026-08-02 02:19:10 --> Session: Class initialized using 'CodeIgniter\Session\Handlers\FileHandler' driver.
DEBUG - 2026-08-02 02:19:10 --> Session: Class initialized using 'CodeIgniter\Session\Handlers\FileHandler' driver.
DEBUG - 2026-08-02 02:19:11 --> Session: Class initialized using 'CodeIgniter\Session\Handlers\FileHandler' driver.
DEBUG - 2026-08-02 02:19:11 --> Session: Class initialized using 'CodeIgniter\Session\Handlers\FileHandler' driver.
DEBUG - 2026-08-02 02:19:12 --> Session: Class initialized using 'CodeIgniter\Session\Handlers\FileHandler' driver.
DEBUG - 2026-08-02 02:19:12 --> Session: Class initialized using 'CodeIgniter\Session\Handlers\FileHandler' driver.
DEBUG - 2026-08-02 02:19:13 --> Session: Class initialized using 'CodeIgniter\Session\Handlers\FileHandler' driver.
DEBUG - 2026-08-02 02:19:13 --> Session: Class initialized using 'CodeIgniter\Session\Handlers\FileHandler' driver.
DEBUG - 2026-08-02 02:19:13 --> Session: Class initialized using 'CodeIgniter\Session\Handlers\FileHandler' driver.
DEBUG - 2026-08-02 02:19:14 --> Session: Class initialized using 'CodeIgniter\Session\Handlers\FileHandler' driver.
DEBUG - 2026-08-02 02:19:14 --> Session: Class initialized using 'CodeIgniter\Session\Handlers\FileHandler' driver.
DEBUG - 2026-08-02 02:19:15 --> Session: Class initialized using 'CodeIgniter\Session\Handlers\FileHandler' driver.
DEBUG - 2026-08-02 02:19:16 --> Session: Class initialized using 'CodeIgniter\Session\Handlers\FileHandler' driver.
DEBUG - 2026-08-02 02:19:49 --> Session: Class initialized using 'CodeIgniter\Session\Handlers\FileHandler' driver.
DEBUG - 2026-08-02 02:19:50 --> Session: Class initialized using 'CodeIgniter\Session\Handlers\FileHandler' driver.
DEBUG - 2026-08-02 02:19:51 --> Session: Class initialized using 'CodeIgniter\Session\Handlers\FileHandler' driver.
DEBUG - 2026-08-02 02:19:51 --> Session: Class initialized using 'CodeIgniter\Session\Handlers\FileHandler' driver.
DEBUG - 2026-08-02 02:19:55 --> Session: Class initialized using 'CodeIgniter\Session\Handlers\FileHandler' driver.
DEBUG - 2026-08-02 02:19:56 --> Session: Class initialized using 'CodeIgniter\Session\Handlers\FileHandler' driver.
DEBUG - 2026-08-02 02:19:56 --> Session: Class initialized using 'CodeIgniter\Session\Handlers\FileHandler' driver.
DEBUG - 2026-08-02 02:19:56 --> Session: Class initialized using 'CodeIgniter\Session\Handlers\FileHandler' driver.
DEBUG - 2026-08-02 02:19:57 --> Session: Class initialized using 'CodeIgniter\Session\Handlers\FileHandler' driver.
DEBUG - 2026-08-02 02:19:57 --> Session: Class initialized using 'CodeIgniter\Session\Handlers\FileHandler' driver.
DEBUG - 2026-08-02 02:20:38 --> Session: Class initialized using 'CodeIgniter\Session\Handlers\FileHandler' driver.
DEBUG - 2026-08-02 02:20:39 --> Session: Class initialized using 'CodeIgniter\Session\Handlers\FileHandler' driver.
DEBUG - 2026-08-02 02:20:40 --> Session: Class initialized using 'CodeIgniter\Session\Handlers\FileHandler' driver.
DEBUG - 2026-08-02 02:20:41 --> Session: Class initialized using 'CodeIgniter\Session\Handlers\FileHandler' driver.
DEBUG - 2026-08-02 02:20:41 --> Session: Class initialized using 'CodeIgniter\Session\Handlers\FileHandler' driver.
DEBUG - 2026-08-02 02:20:41 --> Session: Class initialized using 'CodeIgniter\Session\Handlers\FileHandler' driver.
DEBUG - 2026-08-02 02:20:41 --> Session: Class initialized using 'CodeIgniter\Session\Handlers\FileHandler' driver.
DEBUG - 2026-08-02 02:21:06 --> Session: Class initialized using 'CodeIgniter\Session\Handlers\FileHandler' driver.
DEBUG - 2026-08-02 02:22:23 --> Session: Class initialized using 'CodeIgniter\Session\Handlers\FileHandler' driver.
DEBUG - 2026-08-02 02:22:24 --> Session: Class initialized using 'CodeIgniter\Session\Handlers\FileHandler' driver.
DEBUG - 2026-08-02 02:22:25 --> Session: Class initialized using 'CodeIgniter\Session\Handlers\FileHandler' driver.
DEBUG - 2026-08-02 02:22:25 --> Session: Class initialized using 'CodeIgniter\Session\Handlers\FileHandler' driver.
DEBUG - 2026-08-02 02:22:25 --> Session: Class initialized using 'CodeIgniter\Session\Handlers\FileHandler' driver.
DEBUG - 2026-08-02 02:22:26 --> Session: Class initialized using 'CodeIgniter\Session\Handlers\FileHandler' driver.
DEBUG - 2026-08-02 02:22:26 --> Session: Class initialized using 'CodeIgniter\Session\Handlers\FileHandler' driver.
DEBUG - 2026-08-02 02:22:26 --> Session: Class initialized using 'CodeIgniter\Session\Handlers\FileHandler' driver.
DEBUG - 2026-08-02 02:22:27 --> Session: Class initialized using 'CodeIgniter\Session\Handlers\FileHandler' driver.
DEBUG - 2026-08-02 02:22:27 --> Session: Class initialized using 'CodeIgniter\Session\Handlers\FileHandler' driver.
DEBUG - 2026-08-02 02:22:27 --> Session: Class initialized using 'CodeIgniter\Session\Handlers\FileHandler' driver.
DEBUG - 2026-08-02 02:22:32 --> Session: Class initialized using 'CodeIgniter\Session\Handlers\FileHandler' driver.
DEBUG - 2026-08-02 02:22:34 --> Session: Class initialized using 'CodeIgniter\Session\Handlers\FileHandler' driver.
DEBUG - 2026-08-02 02:22:35 --> Session: Class initialized using 'CodeIgniter\Session\Handlers\FileHandler' driver.
DEBUG - 2026-08-02 02:22:37 --> Session: Class initialized using 'CodeIgniter\Session\Handlers\FileHandler' driver.
DEBUG - 2026-08-02 02:22:38 --> Session: Class initialized using 'CodeIgniter\Session\Handlers\FileHandler' driver.
DEBUG - 2026-08-02 02:22:42 --> Session: Class initialized using 'CodeIgniter\Session\Handlers\FileHandler' driver.
DEBUG - 2026-08-02 02:22:44 --> Session: Class initialized using 'CodeIgniter\Session\Handlers\FileHandler' driver.
DEBUG - 2026-08-02 02:23:00 --> Session: Class initialized using 'CodeIgniter\Session\Handlers\FileHandler' driver.
DEBUG - 2026-08-02 02:23:01 --> Session: Class initialized using 'CodeIgniter\Session\Handlers\FileHandler' driver.
DEBUG - 2026-08-02 02:23:01 --> Session: Class initialized using 'CodeIgniter\Session\Handlers\FileHandler' driver.
DEBUG - 2026-08-02 02:23:02 --> Session: Class initialized using 'CodeIgniter\Session\Handlers\FileHandler' driver.
DEBUG - 2026-08-02 02:23:02 --> Session: Class initialized using 'CodeIgniter\Session\Handlers\FileHandler' driver.
DEBUG - 2026-08-02 02:23:03 --> Session: Class initialized using 'CodeIgniter\Session\Handlers\FileHandler' driver.
DEBUG - 2026-08-02 02:23:04 --> Session: Class initialized using 'CodeIgniter\Session\Handlers\FileHandler' driver.
DEBUG - 2026-08-02 02:23:05 --> Session: Class initialized using 'CodeIgniter\Session\Handlers\FileHandler' driver.
DEBUG - 2026-08-02 02:23:23 --> Session: Class initialized using 'CodeIgniter\Session\Handlers\FileHandler' driver.
DEBUG - 2026-08-02 02:23:24 --> Session: Class initialized using 'CodeIgniter\Session\Handlers\FileHandler' driver.
DEBUG - 2026-08-02 02:23:25 --> Session: Class initialized using 'CodeIgniter\Session\Handlers\FileHandler' driver.
DEBUG - 2026-08-02 02:23:46 --> Session: Class initialized using 'CodeIgniter\Session\Handlers\FileHandler' driver.
DEBUG - 2026-08-02 02:23:47 --> Session: Class initialized using 'CodeIgniter\Session\Handlers\FileHandler' driver.
DEBUG - 2026-08-02 02:24:57 --> Session: Class initialized using 'CodeIgniter\Session\Handlers\FileHandler' driver.
DEBUG - 2026-08-02 02:24:58 --> Session: Class initialized using 'CodeIgniter\Session\Handlers\FileHandler' driver.
DEBUG - 2026-08-02 02:24:59 --> Session: Class initialized using 'CodeIgniter\Session\Handlers\FileHandler' driver.
DEBUG - 2026-08-02 02:24:59 --> Session: Class initialized using 'CodeIgniter\Session\Handlers\FileHandler' driver.
DEBUG - 2026-08-02 02:25:00 --> Session: Class initialized using 'CodeIgniter\Session\Handlers\FileHandler' driver.
DEBUG - 2026-08-02 02:25:01 --> Session: Class initialized using 'CodeIgniter\Session\Handlers\FileHandler' driver.
DEBUG - 2026-08-02 02:25:01 --> Session: Class initialized using 'CodeIgniter\Session\Handlers\FileHandler' driver.
DEBUG - 2026-08-02 02:25:02 --> Session: Class initialized using 'CodeIgniter\Session\Handlers\FileHandler' driver.
DEBUG - 2026-08-02 02:25:02 --> Session: Class initialized using 'CodeIgniter\Session\Handlers\FileHandler' driver.
DEBUG - 2026-08-02 02:25:48 --> Session: Class initialized using 'CodeIgniter\Session\Handlers\FileHandler' driver.
DEBUG - 2026-08-02 02:25:49 --> Session: Class initialized using 'CodeIgniter\Session\Handlers\FileHandler' driver.
DEBUG - 2026-08-02 02:25:50 --> Session: Class initialized using 'CodeIgniter\Session\Handlers\FileHandler' driver.
DEBUG - 2026-08-02 02:25:50 --> Session: Class initialized using 'CodeIgniter\Session\Handlers\FileHandler' driver.
DEBUG - 2026-08-02 02:25:51 --> Session: Class initialized using 'CodeIgniter\Session\Handlers\FileHandler' driver.
DEBUG - 2026-08-02 02:25:51 --> Session: Class initialized using 'CodeIgniter\Session\Handlers\FileHandler' driver.
DEBUG - 2026-08-02 02:25:52 --> Session: Class initialized using 'CodeIgniter\Session\Handlers\FileHandler' driver.
DEBUG - 2026-08-02 02:25:52 --> Session: Class initialized using 'CodeIgniter\Session\Handlers\FileHandler' driver.
DEBUG - 2026-08-02 02:25:53 --> Session: Class initialized using 'CodeIgniter\Session\Handlers\FileHandler' driver.
DEBUG - 2026-08-02 02:25:53 --> Session: Class initialized using 'CodeIgniter\Session\Handlers\FileHandler' driver.
DEBUG - 2026-08-02 02:25:54 --> Session: Class initialized using 'CodeIgniter\Session\Handlers\FileHandler' driver.
DEBUG - 2026-08-02 02:25:54 --> Session: Class initialized using 'CodeIgniter\Session\Handlers\FileHandler' driver.
DEBUG - 2026-08-02 02:25:55 --> Session: Class initialized using 'CodeIgniter\Session\Handlers\FileHandler' driver.
DEBUG - 2026-08-02 02:25:55 --> Session: Class initialized using 'CodeIgniter\Session\Handlers\FileHandler' driver.
DEBUG - 2026-08-02 02:25:55 --> Session: Class initialized using 'CodeIgniter\Session\Handlers\FileHandler' driver.
DEBUG - 2026-08-02 02:25:56 --> Session: Class initialized using 'CodeIgniter\Session\Handlers\FileHandler' driver.
DEBUG - 2026-08-02 02:25:56 --> Session: Class initialized using 'CodeIgniter\Session\Handlers\FileHandler' driver.
DEBUG - 2026-08-02 02:25:57 --> Session: Class initialized using 'CodeIgniter\Session\Handlers\FileHandler' driver.
DEBUG - 2026-08-02 02:25:57 --> Session: Class initialized using 'CodeIgniter\Session\Handlers\FileHandler' driver.
DEBUG - 2026-08-02 02:25:57 --> Session: Class initialized using 'CodeIgniter\Session\Handlers\FileHandler' driver.
DEBUG - 2026-08-02 02:25:57 --> Session: Class initialized using 'CodeIgniter\Session\Handlers\FileHandler' driver.
DEBUG - 2026-08-02 02:25:58 --> Session: Class initialized using 'CodeIgniter\Session\Handlers\FileHandler' driver.
DEBUG - 2026-08-02 02:25:58 --> Session: Class initialized using 'CodeIgniter\Session\Handlers\FileHandler' driver.
DEBUG - 2026-08-02 02:25:58 --> Session: Class initialized using 'CodeIgniter\Session\Handlers\FileHandler' driver.
DEBUG - 2026-08-02 02:25:58 --> Session: Class initialized using 'CodeIgniter\Session\Handlers\FileHandler' driver.
DEBUG - 2026-08-02 02:25:59 --> Session: Class initialized using 'CodeIgniter\Session\Handlers\FileHandler' driver.
DEBUG - 2026-08-02 02:25:59 --> Session: Class initialized using 'CodeIgniter\Session\Handlers\FileHandler' driver.
DEBUG - 2026-08-02 02:25:59 --> Session: Class initialized using 'CodeIgniter\Session\Handlers\FileHandler' driver.
DEBUG - 2026-08-02 02:25:59 --> Session: Class initialized using 'CodeIgniter\Session\Handlers\FileHandler' driver.
DEBUG - 2026-08-02 02:26:00 --> Session: Class initialized using 'CodeIgniter\Session\Handlers\FileHandler' driver.
DEBUG - 2026-08-02 02:26:00 --> Session: Class initialized using 'CodeIgniter\Session\Handlers\FileHandler' driver.
DEBUG - 2026-08-02 02:26:01 --> Session: Class initialized using 'CodeIgniter\Session\Handlers\FileHandler' driver.
DEBUG - 2026-08-02 02:26:01 --> Session: Class initialized using 'CodeIgniter\Session\Handlers\FileHandler' driver.
DEBUG - 2026-08-02 02:26:01 --> Session: Class initialized using 'CodeIgniter\Session\Handlers\FileHandler' driver.
DEBUG - 2026-08-02 02:26:01 --> Session: Class initialized using 'CodeIgniter\Session\Handlers\FileHandler' driver.
DEBUG - 2026-08-02 02:26:02 --> Session: Class initialized using 'CodeIgniter\Session\Handlers\FileHandler' driver.
DEBUG - 2026-08-02 02:26:02 --> Session: Class initialized using 'CodeIgniter\Session\Handlers\FileHandler' driver.
DEBUG - 2026-08-02 02:26:03 --> Session: Class initialized using 'CodeIgniter\Session\Handlers\FileHandler' driver.
DEBUG - 2026-08-02 02:26:03 --> Session: Class initialized using 'CodeIgniter\Session\Handlers\FileHandler' driver.
DEBUG - 2026-08-02 02:26:04 --> Session: Class initialized using 'CodeIgniter\Session\Handlers\FileHandler' driver.
DEBUG - 2026-08-02 02:27:55 --> Session: Class initialized using 'CodeIgniter\Session\Handlers\FileHandler' driver.
DEBUG - 2026-08-02 02:31:37 --> Session: Class initialized using 'CodeIgniter\Session\Handlers\FileHandler' driver.
DEBUG - 2026-08-02 02:31:45 --> Session: Class initialized using 'CodeIgniter\Session\Handlers\FileHandler' driver.
DEBUG - 2026-08-02 02:31:50 --> Session: Class initialized using 'CodeIgniter\Session\Handlers\FileHandler' driver.
DEBUG - 2026-08-02 02:33:33 --> Session: Class initialized using 'CodeIgniter\Session\Handlers\FileHandler' driver.
DEBUG - 2026-08-02 02:33:34 --> Session: Class initialized using 'CodeIgniter\Session\Handlers\FileHandler' driver.
DEBUG - 2026-08-02 02:33:34 --> Session: Class initialized using 'CodeIgniter\Session\Handlers\FileHandler' driver.
DEBUG - 2026-08-02 02:33:35 --> Session: Class initialized using 'CodeIgniter\Session\Handlers\FileHandler' driver.
DEBUG - 2026-08-02 02:33:35 --> Session: Class initialized using 'CodeIgniter\Session\Handlers\FileHandler' driver.
DEBUG - 2026-08-02 02:33:36 --> Session: Class initialized using 'CodeIgniter\Session\Handlers\FileHandler' driver.
DEBUG - 2026-08-02 02:33:36 --> Session: Class initialized using 'CodeIgniter\Session\Handlers\FileHandler' driver.
DEBUG - 2026-08-02 02:33:56 --> Session: Class initialized using 'CodeIgniter\Session\Handlers\FileHandler' driver.
DEBUG - 2026-08-02 02:33:57 --> Session: Class initialized using 'CodeIgniter\Session\Handlers\FileHandler' driver.
DEBUG - 2026-08-02 02:33:57 --> Session: Class initialized using 'CodeIgniter\Session\Handlers\FileHandler' driver.
DEBUG - 2026-08-02 02:35:23 --> Session: Class initialized using 'CodeIgniter\Session\Handlers\FileHandler' driver.
DEBUG - 2026-08-02 02:35:23 --> Session: Class initialized using 'CodeIgniter\Session\Handlers\FileHandler' driver.
DEBUG - 2026-08-02 02:35:24 --> Session: Class initialized using 'CodeIgniter\Session\Handlers\FileHandler' driver.
DEBUG - 2026-08-02 02:35:24 --> Session: Class initialized using 'CodeIgniter\Session\Handlers\FileHandler' driver.
DEBUG - 2026-08-02 02:35:26 --> Session: Class initialized using 'CodeIgniter\Session\Handlers\FileHandler' driver.
DEBUG - 2026-08-02 02:35:27 --> Session: Class initialized using 'CodeIgniter\Session\Handlers\FileHandler' driver.
DEBUG - 2026-08-02 02:36:06 --> Session: Class initialized using 'CodeIgniter\Session\Handlers\FileHandler' driver.
DEBUG - 2026-08-02 02:36:07 --> Session: Class initialized using 'CodeIgniter\Session\Handlers\FileHandler' driver.
DEBUG - 2026-08-02 02:36:08 --> Session: Class initialized using 'CodeIgniter\Session\Handlers\FileHandler' driver.
DEBUG - 2026-08-02 02:36:09 --> Session: Class initialized using 'CodeIgniter\Session\Handlers\FileHandler' driver.
DEBUG - 2026-08-02 02:36:10 --> Session: Class initialized using 'CodeIgniter\Session\Handlers\FileHandler' driver.
DEBUG - 2026-08-02 02:36:11 --> Session: Class initialized using 'CodeIgniter\Session\Handlers\FileHandler' driver.
DEBUG - 2026-08-02 02:36:11 --> Session: Class initialized using 'CodeIgniter\Session\Handlers\FileHandler' driver.
DEBUG - 2026-08-02 02:36:15 --> Session: Class initialized using 'CodeIgniter\Session\Handlers\FileHandler' driver.
DEBUG - 2026-08-02 02:36:16 --> Session: Class initialized using 'CodeIgniter\Session\Handlers\FileHandler' driver.
DEBUG - 2026-08-02 02:36:16 --> Session: Class initialized using 'CodeIgniter\Session\Handlers\FileHandler' driver.
DEBUG - 2026-08-02 02:36:17 --> Session: Class initialized using 'CodeIgniter\Session\Handlers\FileHandler' driver.
DEBUG - 2026-08-02 02:36:55 --> Session: Class initialized using 'CodeIgniter\Session\Handlers\FileHandler' driver.
DEBUG - 2026-08-02 02:37:28 --> Session: Class initialized using 'CodeIgniter\Session\Handlers\FileHandler' driver.
DEBUG - 2026-08-02 02:37:29 --> Session: Class initialized using 'CodeIgniter\Session\Handlers\FileHandler' driver.
DEBUG - 2026-08-02 02:37:30 --> Session: Class initialized using 'CodeIgniter\Session\Handlers\FileHandler' driver.
DEBUG - 2026-08-02 02:38:54 --> Session: Class initialized using 'CodeIgniter\Session\Handlers\FileHandler' driver.
DEBUG - 2026-08-02 02:38:55 --> Session: Class initialized using 'CodeIgniter\Session\Handlers\FileHandler' driver.
DEBUG - 2026-08-02 02:38:56 --> Session: Class initialized using 'CodeIgniter\Session\Handlers\FileHandler' driver.
DEBUG - 2026-08-02 02:38:57 --> Session: Class initialized using 'CodeIgniter\Session\Handlers\FileHandler' driver.
DEBUG - 2026-08-02 02:39:50 --> Session: Class initialized using 'CodeIgniter\Session\Handlers\FileHandler' driver.
DEBUG - 2026-08-02 02:39:51 --> Session: Class initialized using 'CodeIgniter\Session\Handlers\FileHandler' driver.
DEBUG - 2026-08-02 02:39:57 --> Session: Class initialized using 'CodeIgniter\Session\Handlers\FileHandler' driver.
DEBUG - 2026-08-02 02:40:15 --> Session: Class initialized using 'CodeIgniter\Session\Handlers\FileHandler' driver.
DEBUG - 2026-08-02 02:40:15 --> Session: Class initialized using 'CodeIgniter\Session\Handlers\FileHandler' driver.
DEBUG - 2026-08-02 02:40:16 --> Session: Class initialized using 'CodeIgniter\Session\Handlers\FileHandler' driver.
DEBUG - 2026-08-02 02:40:16 --> Session: Class initialized using 'CodeIgniter\Session\Handlers\FileHandler' driver.
DEBUG - 2026-08-02 02:41:45 --> Session: Class initialized using 'CodeIgniter\Session\Handlers\FileHandler' driver.
DEBUG - 2026-08-02 02:42:24 --> Session: Class initialized using 'CodeIgniter\Session\Handlers\FileHandler' driver.
DEBUG - 2026-08-02 02:43:11 --> Session: Class initialized using 'CodeIgniter\Session\Handlers\FileHandler' driver.
DEBUG - 2026-08-02 02:43:13 --> Session: Class initialized using 'CodeIgniter\Session\Handlers\FileHandler' driver.
DEBUG - 2026-08-02 02:43:13 --> Session: Class initialized using 'CodeIgniter\Session\Handlers\FileHandler' driver.
DEBUG - 2026-08-02 02:43:17 --> Session: Class initialized using 'CodeIgniter\Session\Handlers\FileHandler' driver.
DEBUG - 2026-08-02 02:43:18 --> Session: Class initialized using 'CodeIgniter\Session\Handlers\FileHandler' driver.
DEBUG - 2026-08-02 02:43:19 --> Session: Class initialized using 'CodeIgniter\Session\Handlers\FileHandler' driver.
DEBUG - 2026-08-02 02:43:19 --> Session: Class initialized using 'CodeIgniter\Session\Handlers\FileHandler' driver.
DEBUG - 2026-08-02 02:43:20 --> Session: Class initialized using 'CodeIgniter\Session\Handlers\FileHandler' driver.
DEBUG - 2026-08-02 02:43:20 --> Session: Class initialized using 'CodeIgniter\Session\Handlers\FileHandler' driver.
DEBUG - 2026-08-02 02:43:21 --> Session: Class initialized using 'CodeIgniter\Session\Handlers\FileHandler' driver.
DEBUG - 2026-08-02 02:43:21 --> Session: Class initialized using 'CodeIgniter\Session\Handlers\FileHandler' driver.
DEBUG - 2026-08-02 02:43:22 --> Session: Class initialized using 'CodeIgniter\Session\Handlers\FileHandler' driver.
DEBUG - 2026-08-02 02:43:22 --> Session: Class initialized using 'CodeIgniter\Session\Handlers\FileHandler' driver.
DEBUG - 2026-08-02 02:43:26 --> Session: Class initialized using 'CodeIgniter\Session\Handlers\FileHandler' driver.
DEBUG - 2026-08-02 02:43:28 --> Session: Class initialized using 'CodeIgniter\Session\Handlers\FileHandler' driver.
DEBUG - 2026-08-02 02:43:29 --> Session: Class initialized using 'CodeIgniter\Session\Handlers\FileHandler' driver.
DEBUG - 2026-08-02 02:43:56 --> Session: Class initialized using 'CodeIgniter\Session\Handlers\FileHandler' driver.
DEBUG - 2026-08-02 02:44:01 --> Session: Class initialized using 'CodeIgniter\Session\Handlers\FileHandler' driver.
DEBUG - 2026-08-02 02:44:02 --> Session: Class initialized using 'CodeIgniter\Session\Handlers\FileHandler' driver.
DEBUG - 2026-08-02 02:44:02 --> Session: Class initialized using 'CodeIgniter\Session\Handlers\FileHandler' driver.
DEBUG - 2026-08-02 02:44:03 --> Session: Class initialized using 'CodeIgniter\Session\Handlers\FileHandler' driver.
DEBUG - 2026-08-02 02:44:03 --> Session: Class initialized using 'CodeIgniter\Session\Handlers\FileHandler' driver.
DEBUG - 2026-08-02 02:44:03 --> Session: Class initialized using 'CodeIgniter\Session\Handlers\FileHandler' driver.
DEBUG - 2026-08-02 02:44:04 --> Session: Class initialized using 'CodeIgniter\Session\Handlers\FileHandler' driver.
DEBUG - 2026-08-02 02:44:04 --> Session: Class initialized using 'CodeIgniter\Session\Handlers\FileHandler' driver.
DEBUG - 2026-08-02 02:44:05 --> Session: Class initialized using 'CodeIgniter\Session\Handlers\FileHandler' driver.
DEBUG - 2026-08-02 02:44:06 --> Session: Class initialized using 'CodeIgniter\Session\Handlers\FileHandler' driver.
DEBUG - 2026-08-02 02:44:35 --> Session: Class initialized using 'CodeIgniter\Session\Handlers\FileHandler' driver.
DEBUG - 2026-08-02 02:44:36 --> Session: Class initialized using 'CodeIgniter\Session\Handlers\FileHandler' driver.
DEBUG - 2026-08-02 02:44:36 --> Session: Class initialized using 'CodeIgniter\Session\Handlers\FileHandler' driver.
DEBUG - 2026-08-02 02:44:37 --> Session: Class initialized using 'CodeIgniter\Session\Handlers\FileHandler' driver.
DEBUG - 2026-08-02 02:44:37 --> Session: Class initialized using 'CodeIgniter\Session\Handlers\FileHandler' driver.
DEBUG - 2026-08-02 02:44:38 --> Session: Class initialized using 'CodeIgniter\Session\Handlers\FileHandler' driver.
DEBUG - 2026-08-02 02:44:39 --> Session: Class initialized using 'CodeIgniter\Session\Handlers\FileHandler' driver.
DEBUG - 2026-08-02 02:44:44 --> Session: Class initialized using 'CodeIgniter\Session\Handlers\FileHandler' driver.
DEBUG - 2026-08-02 02:44:44 --> Session: Class initialized using 'CodeIgniter\Session\Handlers\FileHandler' driver.
DEBUG - 2026-08-02 02:44:45 --> Session: Class initialized using 'CodeIgniter\Session\Handlers\FileHandler' driver.
DEBUG - 2026-08-02 02:44:46 --> Session: Class initialized using 'CodeIgniter\Session\Handlers\FileHandler' driver.
DEBUG - 2026-08-02 02:45:57 --> Session: Class initialized using 'CodeIgniter\Session\Handlers\FileHandler' driver.
DEBUG - 2026-08-02 02:48:26 --> Session: Class initialized using 'CodeIgniter\Session\Handlers\FileHandler' driver.
DEBUG - 2026-08-02 02:48:28 --> Session: Class initialized using 'CodeIgniter\Session\Handlers\FileHandler' driver.
DEBUG - 2026-08-02 02:48:29 --> Session: Class initialized using 'CodeIgniter\Session\Handlers\FileHandler' driver.
DEBUG - 2026-08-02 02:48:29 --> Session: Class initialized using 'CodeIgniter\Session\Handlers\FileHandler' driver.
DEBUG - 2026-08-02 02:48:30 --> Session: Class initialized using 'CodeIgniter\Session\Handlers\FileHandler' driver.
DEBUG - 2026-08-02 02:48:30 --> Session: Class initialized using 'CodeIgniter\Session\Handlers\FileHandler' driver.
DEBUG - 2026-08-02 02:48:30 --> Session: Class initialized using 'CodeIgniter\Session\Handlers\FileHandler' driver.
DEBUG - 2026-08-02 02:48:30 --> Session: Class initialized using 'CodeIgniter\Session\Handlers\FileHandler' driver.
DEBUG - 2026-08-02 02:48:31 --> Session: Class initialized using 'CodeIgniter\Session\Handlers\FileHandler' driver.
DEBUG - 2026-08-02 02:48:36 --> Session: Class initialized using 'CodeIgniter\Session\Handlers\FileHandler' driver.
DEBUG - 2026-08-02 02:48:37 --> Session: Class initialized using 'CodeIgniter\Session\Handlers\FileHandler' driver.
DEBUG - 2026-08-02 02:48:37 --> Session: Class initialized using 'CodeIgniter\Session\Handlers\FileHandler' driver.
DEBUG - 2026-08-02 02:48:37 --> Session: Class initialized using 'CodeIgniter\Session\Handlers\FileHandler' driver.
DEBUG - 2026-08-02 02:48:38 --> Session: Class initialized using 'CodeIgniter\Session\Handlers\FileHandler' driver.
DEBUG - 2026-08-02 02:48:38 --> Session: Class initialized using 'CodeIgniter\Session\Handlers\FileHandler' driver.
DEBUG - 2026-08-02 02:48:38 --> Session: Class initialized using 'CodeIgniter\Session\Handlers\FileHandler' driver.
DEBUG - 2026-08-02 02:48:38 --> Session: Class initialized using 'CodeIgniter\Session\Handlers\FileHandler' driver.
DEBUG - 2026-08-02 02:48:39 --> Session: Class initialized using 'CodeIgniter\Session\Handlers\FileHandler' driver.
DEBUG - 2026-08-02 02:48:39 --> Session: Class initialized using 'CodeIgniter\Session\Handlers\FileHandler' driver.
DEBUG - 2026-08-02 02:48:39 --> Session: Class initialized using 'CodeIgniter\Session\Handlers\FileHandler' driver.
DEBUG - 2026-08-02 02:48:40 --> Session: Class initialized using 'CodeIgniter\Session\Handlers\FileHandler' driver.
DEBUG - 2026-08-02 02:48:40 --> Session: Class initialized using 'CodeIgniter\Session\Handlers\FileHandler' driver.
DEBUG - 2026-08-02 02:48:40 --> Session: Class initialized using 'CodeIgniter\Session\Handlers\FileHandler' driver.
DEBUG - 2026-08-02 02:48:41 --> Session: Class initialized using 'CodeIgniter\Session\Handlers\FileHandler' driver.
DEBUG - 2026-08-02 02:48:41 --> Session: Class initialized using 'CodeIgniter\Session\Handlers\FileHandler' driver.
DEBUG - 2026-08-02 02:48:41 --> Session: Class initialized using 'CodeIgniter\Session\Handlers\FileHandler' driver.
DEBUG - 2026-08-02 02:48:56 --> Session: Class initialized using 'CodeIgniter\Session\Handlers\FileHandler' driver.
DEBUG - 2026-08-02 02:48:57 --> Session: Class initialized using 'CodeIgniter\Session\Handlers\FileHandler' driver.
DEBUG - 2026-08-02 02:48:57 --> Session: Class initialized using 'CodeIgniter\Session\Handlers\FileHandler' driver.
DEBUG - 2026-08-02 02:48:58 --> Session: Class initialized using 'CodeIgniter\Session\Handlers\FileHandler' driver.
DEBUG - 2026-08-02 02:48:58 --> Session: Class initialized using 'CodeIgniter\Session\Handlers\FileHandler' driver.
DEBUG - 2026-08-02 02:48:58 --> Session: Class initialized using 'CodeIgniter\Session\Handlers\FileHandler' driver.
DEBUG - 2026-08-02 02:48:59 --> Session: Class initialized using 'CodeIgniter\Session\Handlers\FileHandler' driver.
DEBUG - 2026-08-02 02:48:59 --> Session: Class initialized using 'CodeIgniter\Session\Handlers\FileHandler' driver.
DEBUG - 2026-08-02 02:48:59 --> Session: Class initialized using 'CodeIgniter\Session\Handlers\FileHandler' driver.
DEBUG - 2026-08-02 02:49:04 --> Session: Class initialized using 'CodeIgniter\Session\Handlers\FileHandler' driver.
DEBUG - 2026-08-02 02:49:06 --> Session: Class initialized using 'CodeIgniter\Session\Handlers\FileHandler' driver.
DEBUG - 2026-08-02 02:49:19 --> Session: Class initialized using 'CodeIgniter\Session\Handlers\FileHandler' driver.
DEBUG - 2026-08-02 02:49:20 --> Session: Class initialized using 'CodeIgniter\Session\Handlers\FileHandler' driver.
DEBUG - 2026-08-02 02:49:20 --> Session: Class initialized using 'CodeIgniter\Session\Handlers\FileHandler' driver.
DEBUG - 2026-08-02 02:49:21 --> Session: Class initialized using 'CodeIgniter\Session\Handlers\FileHandler' driver.
DEBUG - 2026-08-02 02:50:29 --> Session: Class initialized using 'CodeIgniter\Session\Handlers\FileHandler' driver.
DEBUG - 2026-08-02 02:50:30 --> Session: Class initialized using 'CodeIgniter\Session\Handlers\FileHandler' driver.
DEBUG - 2026-08-02 02:50:30 --> Session: Class initialized using 'CodeIgniter\Session\Handlers\FileHandler' driver.
DEBUG - 2026-08-02 02:50:31 --> Session: Class initialized using 'CodeIgniter\Session\Handlers\FileHandler' driver.
DEBUG - 2026-08-02 02:50:31 --> Session: Class initialized using 'CodeIgniter\Session\Handlers\FileHandler' driver.
DEBUG - 2026-08-02 02:50:32 --> Session: Class initialized using 'CodeIgniter\Session\Handlers\FileHandler' driver.
DEBUG - 2026-08-02 02:50:33 --> Session: Class initialized using 'CodeIgniter\Session\Handlers\FileHandler' driver.
DEBUG - 2026-08-02 02:50:33 --> Session: Class initialized using 'CodeIgniter\Session\Handlers\FileHandler' driver.
DEBUG - 2026-08-02 02:50:33 --> Session: Class initialized using 'CodeIgniter\Session\Handlers\FileHandler' driver.
DEBUG - 2026-08-02 02:50:33 --> Session: Class initialized using 'CodeIgniter\Session\Handlers\FileHandler' driver.
DEBUG - 2026-08-02 02:50:35 --> Session: Class initialized using 'CodeIgniter\Session\Handlers\FileHandler' driver.
DEBUG - 2026-08-02 02:50:35 --> Session: Class initialized using 'CodeIgniter\Session\Handlers\FileHandler' driver.
DEBUG - 2026-08-02 02:50:36 --> Session: Class initialized using 'CodeIgniter\Session\Handlers\FileHandler' driver.
DEBUG - 2026-08-02 02:50:36 --> Session: Class initialized using 'CodeIgniter\Session\Handlers\FileHandler' driver.
DEBUG - 2026-08-02 02:50:36 --> Session: Class initialized using 'CodeIgniter\Session\Handlers\FileHandler' driver.
DEBUG - 2026-08-02 02:50:36 --> Session: Class initialized using 'CodeIgniter\Session\Handlers\FileHandler' driver.
DEBUG - 2026-08-02 02:50:36 --> Session: Class initialized using 'CodeIgniter\Session\Handlers\FileHandler' driver.
DEBUG - 2026-08-02 02:50:36 --> Session: Class initialized using 'CodeIgniter\Session\Handlers\FileHandler' driver.
DEBUG - 2026-08-02 02:50:37 --> Session: Class initialized using 'CodeIgniter\Session\Handlers\FileHandler' driver.
DEBUG - 2026-08-02 02:50:37 --> Session: Class initialized using 'CodeIgniter\Session\Handlers\FileHandler' driver.
DEBUG - 2026-08-02 02:50:37 --> Session: Class initialized using 'CodeIgniter\Session\Handlers\FileHandler' driver.
DEBUG - 2026-08-02 02:50:37 --> Session: Class initialized using 'CodeIgniter\Session\Handlers\FileHandler' driver.
DEBUG - 2026-08-02 02:50:37 --> Session: Class initialized using 'CodeIgniter\Session\Handlers\FileHandler' driver.
DEBUG - 2026-08-02 02:50:38 --> Session: Class initialized using 'CodeIgniter\Session\Handlers\FileHandler' driver.
DEBUG - 2026-08-02 02:50:38 --> Session: Class initialized using 'CodeIgniter\Session\Handlers\FileHandler' driver.
DEBUG - 2026-08-02 02:51:32 --> Session: Class initialized using 'CodeIgniter\Session\Handlers\FileHandler' driver.
DEBUG - 2026-08-02 02:51:32 --> Session: Class initialized using 'CodeIgniter\Session\Handlers\FileHandler' driver.
DEBUG - 2026-08-02 02:51:33 --> Session: Class initialized using 'CodeIgniter\Session\Handlers\FileHandler' driver.
DEBUG - 2026-08-02 02:51:34 --> Session: Class initialized using 'CodeIgniter\Session\Handlers\FileHandler' driver.
DEBUG - 2026-08-02 02:51:45 --> Session: Class initialized using 'CodeIgniter\Session\Handlers\FileHandler' driver.
DEBUG - 2026-08-02 02:51:51 --> Session: Class initialized using 'CodeIgniter\Session\Handlers\FileHandler' driver.
DEBUG - 2026-08-02 02:52:27 --> Session: Class initialized using 'CodeIgniter\Session\Handlers\FileHandler' driver.
DEBUG - 2026-08-02 02:52:28 --> Session: Class initialized using 'CodeIgniter\Session\Handlers\FileHandler' driver.
DEBUG - 2026-08-02 02:52:28 --> Session: Class initialized using 'CodeIgniter\Session\Handlers\FileHandler' driver.
DEBUG - 2026-08-02 02:52:29 --> Session: Class initialized using 'CodeIgniter\Session\Handlers\FileHandler' driver.
DEBUG - 2026-08-02 02:52:29 --> Session: Class initialized using 'CodeIgniter\Session\Handlers\FileHandler' driver.
DEBUG - 2026-08-02 02:52:38 --> Session: Class initialized using 'CodeIgniter\Session\Handlers\FileHandler' driver.
DEBUG - 2026-08-02 02:53:19 --> Session: Class initialized using 'CodeIgniter\Session\Handlers\FileHandler' driver.
DEBUG - 2026-08-02 02:53:20 --> Session: Class initialized using 'CodeIgniter\Session\Handlers\FileHandler' driver.
DEBUG - 2026-08-02 02:53:21 --> Session: Class initialized using 'CodeIgniter\Session\Handlers\FileHandler' driver.
DEBUG - 2026-08-02 02:53:21 --> Session: Class initialized using 'CodeIgniter\Session\Handlers\FileHandler' driver.
DEBUG - 2026-08-02 02:53:22 --> Session: Class initialized using 'CodeIgniter\Session\Handlers\FileHandler' driver.
DEBUG - 2026-08-02 02:53:50 --> Session: Class initialized using 'CodeIgniter\Session\Handlers\FileHandler' driver.
DEBUG - 2026-08-02 02:53:51 --> Session: Class initialized using 'CodeIgniter\Session\Handlers\FileHandler' driver.
DEBUG - 2026-08-02 02:53:51 --> Session: Class initialized using 'CodeIgniter\Session\Handlers\FileHandler' driver.
DEBUG - 2026-08-02 02:56:10 --> Session: Class initialized using 'CodeIgniter\Session\Handlers\FileHandler' driver.
DEBUG - 2026-08-02 02:57:18 --> Session: Class initialized using 'CodeIgniter\Session\Handlers\FileHandler' driver.
DEBUG - 2026-08-02 02:58:11 --> Session: Class initialized using 'CodeIgniter\Session\Handlers\FileHandler' driver.
DEBUG - 2026-08-02 02:59:21 --> Session: Class initialized using 'CodeIgniter\Session\Handlers\FileHandler' driver.
DEBUG - 2026-08-02 02:59:22 --> Session: Class initialized using 'CodeIgniter\Session\Handlers\FileHandler' driver.
DEBUG - 2026-08-02 02:59:26 --> Session: Class initialized using 'CodeIgniter\Session\Handlers\FileHandler' driver.
DEBUG - 2026-08-02 02:59:27 --> Session: Class initialized using 'CodeIgniter\Session\Handlers\FileHandler' driver.
DEBUG - 2026-08-02 02:59:27 --> Session: Class initialized using 'CodeIgniter\Session\Handlers\FileHandler' driver.
DEBUG - 2026-08-02 02:59:32 --> Session: Class initialized using 'CodeIgniter\Session\Handlers\FileHandler' driver.
DEBUG - 2026-08-02 02:59:33 --> Session: Class initialized using 'CodeIgniter\Session\Handlers\FileHandler' driver.
DEBUG - 2026-08-02 02:59:33 --> Session: Class initialized using 'CodeIgniter\Session\Handlers\FileHandler' driver.
DEBUG - 2026-08-02 02:59:53 --> Session: Class initialized using 'CodeIgniter\Session\Handlers\FileHandler' driver.
DEBUG - 2026-08-02 03:00:09 --> Session: Class initialized using 'CodeIgniter\Session\Handlers\FileHandler' driver.
DEBUG - 2026-08-02 03:00:10 --> Session: Class initialized using 'CodeIgniter\Session\Handlers\FileHandler' driver.
DEBUG - 2026-08-02 03:00:10 --> Session: Class initialized using 'CodeIgniter\Session\Handlers\FileHandler' driver.
DEBUG - 2026-08-02 03:00:14 --> Session: Class initialized using 'CodeIgniter\Session\Handlers\FileHandler' driver.
DEBUG - 2026-08-02 03:00:39 --> Session: Class initialized using 'CodeIgniter\Session\Handlers\FileHandler' driver.
DEBUG - 2026-08-02 03:02:46 --> Session: Class initialized using 'CodeIgniter\Session\Handlers\FileHandler' driver.
DEBUG - 2026-08-02 03:02:49 --> Session: Class initialized using 'CodeIgniter\Session\Handlers\FileHandler' driver.
DEBUG - 2026-08-02 03:03:33 --> Session: Class initialized using 'CodeIgniter\Session\Handlers\FileHandler' driver.
DEBUG - 2026-08-02 03:03:34 --> Session: Class initialized using 'CodeIgniter\Session\Handlers\FileHandler' driver.
DEBUG - 2026-08-02 03:03:34 --> Session: Class initialized using 'CodeIgniter\Session\Handlers\FileHandler' driver.
DEBUG - 2026-08-02 03:03:35 --> Session: Class initialized using 'CodeIgniter\Session\Handlers\FileHandler' driver.
DEBUG - 2026-08-02 03:03:35 --> Session: Class initialized using 'CodeIgniter\Session\Handlers\FileHandler' driver.
DEBUG - 2026-08-02 03:03:40 --> Session: Class initialized using 'CodeIgniter\Session\Handlers\FileHandler' driver.
DEBUG - 2026-08-02 03:03:41 --> Session: Class initialized using 'CodeIgniter\Session\Handlers\FileHandler' driver.
DEBUG - 2026-08-02 03:03:41 --> Session: Class initialized using 'CodeIgniter\Session\Handlers\FileHandler' driver.
DEBUG - 2026-08-02 03:03:42 --> Session: Class initialized using 'CodeIgniter\Session\Handlers\FileHandler' driver.
DEBUG - 2026-08-02 03:03:42 --> Session: Class initialized using 'CodeIgniter\Session\Handlers\FileHandler' driver.
DEBUG - 2026-08-02 03:03:43 --> Session: Class initialized using 'CodeIgniter\Session\Handlers\FileHandler' driver.
DEBUG - 2026-08-02 03:03:43 --> Session: Class initialized using 'CodeIgniter\Session\Handlers\FileHandler' driver.
DEBUG - 2026-08-02 03:03:44 --> Session: Class initialized using 'CodeIgniter\Session\Handlers\FileHandler' driver.
DEBUG - 2026-08-02 03:03:44 --> Session: Class initialized using 'CodeIgniter\Session\Handlers\FileHandler' driver.
DEBUG - 2026-08-02 03:03:45 --> Session: Class initialized using 'CodeIgniter\Session\Handlers\FileHandler' driver.
DEBUG - 2026-08-02 03:03:47 --> Session: Class initialized using 'CodeIgniter\Session\Handlers\FileHandler' driver.
DEBUG - 2026-08-02 03:03:48 --> Session: Class initialized using 'CodeIgniter\Session\Handlers\FileHandler' driver.
DEBUG - 2026-08-02 03:03:53 --> Session: Class initialized using 'CodeIgniter\Session\Handlers\FileHandler' driver.
DEBUG - 2026-08-02 03:05:05 --> Session: Class initialized using 'CodeIgniter\Session\Handlers\FileHandler' driver.
DEBUG - 2026-08-02 03:05:06 --> Session: Class initialized using 'CodeIgniter\Session\Handlers\FileHandler' driver.
DEBUG - 2026-08-02 03:05:11 --> Session: Class initialized using 'CodeIgniter\Session\Handlers\FileHandler' driver.
DEBUG - 2026-08-02 03:07:17 --> Session: Class initialized using 'CodeIgniter\Session\Handlers\FileHandler' driver.
DEBUG - 2026-08-02 03:07:24 --> Session: Class initialized using 'CodeIgniter\Session\Handlers\FileHandler' driver.
DEBUG - 2026-08-02 03:07:26 --> Session: Class initialized using 'CodeIgniter\Session\Handlers\FileHandler' driver.
DEBUG - 2026-08-02 03:07:27 --> Session: Class initialized using 'CodeIgniter\Session\Handlers\FileHandler' driver.
DEBUG - 2026-08-02 03:09:41 --> Session: Class initialized using 'CodeIgniter\Session\Handlers\FileHandler' driver.
DEBUG - 2026-08-02 03:09:41 --> Session: Class initialized using 'CodeIgniter\Session\Handlers\FileHandler' driver.
DEBUG - 2026-08-02 03:09:45 --> Session: Class initialized using 'CodeIgniter\Session\Handlers\FileHandler' driver.
DEBUG - 2026-08-02 03:09:46 --> Session: Class initialized using 'CodeIgniter\Session\Handlers\FileHandler' driver.
DEBUG - 2026-08-02 03:09:46 --> Session: Class initialized using 'CodeIgniter\Session\Handlers\FileHandler' driver.
DEBUG - 2026-08-02 03:09:57 --> Session: Class initialized using 'CodeIgniter\Session\Handlers\FileHandler' driver.
DEBUG - 2026-08-02 03:09:59 --> Session: Class initialized using 'CodeIgniter\Session\Handlers\FileHandler' driver.
DEBUG - 2026-08-02 03:10:01 --> Session: Class initialized using 'CodeIgniter\Session\Handlers\FileHandler' driver.
DEBUG - 2026-08-02 03:10:02 --> Session: Class initialized using 'CodeIgniter\Session\Handlers\FileHandler' driver.
DEBUG - 2026-08-02 03:10:08 --> Session: Class initialized using 'CodeIgniter\Session\Handlers\FileHandler' driver.
DEBUG - 2026-08-02 03:10:10 --> Session: Class initialized using 'CodeIgniter\Session\Handlers\FileHandler' driver.
DEBUG - 2026-08-02 03:10:11 --> Session: Class initialized using 'CodeIgniter\Session\Handlers\FileHandler' driver.
DEBUG - 2026-08-02 03:10:12 --> Session: Class initialized using 'CodeIgniter\Session\Handlers\FileHandler' driver.
DEBUG - 2026-08-02 03:10:14 --> Session: Class initialized using 'CodeIgniter\Session\Handlers\FileHandler' driver.
DEBUG - 2026-08-02 03:10:18 --> Session: Class initialized using 'CodeIgniter\Session\Handlers\FileHandler' driver.
DEBUG - 2026-08-02 03:10:19 --> Session: Class initialized using 'CodeIgniter\Session\Handlers\FileHandler' driver.
DEBUG - 2026-08-02 03:10:31 --> Session: Class initialized using 'CodeIgniter\Session\Handlers\FileHandler' driver.
DEBUG - 2026-08-02 03:10:32 --> Session: Class initialized using 'CodeIgniter\Session\Handlers\FileHandler' driver.
DEBUG - 2026-08-02 03:10:33 --> Session: Class initialized using 'CodeIgniter\Session\Handlers\FileHandler' driver.
DEBUG - 2026-08-02 03:12:59 --> Session: Class initialized using 'CodeIgniter\Session\Handlers\FileHandler' driver.
DEBUG - 2026-08-02 03:14:19 --> Session: Class initialized using 'CodeIgniter\Session\Handlers\FileHandler' driver.
DEBUG - 2026-08-02 03:14:55 --> Session: Class initialized using 'CodeIgniter\Session\Handlers\FileHandler' driver.
DEBUG - 2026-08-02 03:15:38 --> Session: Class initialized using 'CodeIgniter\Session\Handlers\FileHandler' driver.
DEBUG - 2026-08-02 03:17:13 --> Session: Class initialized using 'CodeIgniter\Session\Handlers\FileHandler' driver.
DEBUG - 2026-08-02 03:17:20 --> Session: Class initialized using 'CodeIgniter\Session\Handlers\FileHandler' driver.
DEBUG - 2026-08-02 03:17:22 --> Session: Class initialized using 'CodeIgniter\Session\Handlers\FileHandler' driver.
DEBUG - 2026-08-02 03:17:23 --> Session: Class initialized using 'CodeIgniter\Session\Handlers\FileHandler' driver.
DEBUG - 2026-08-02 03:17:24 --> Session: Class initialized using 'CodeIgniter\Session\Handlers\FileHandler' driver.
DEBUG - 2026-08-02 03:17:29 --> Session: Class initialized using 'CodeIgniter\Session\Handlers\FileHandler' driver.
DEBUG - 2026-08-02 03:18:09 --> Session: Class initialized using 'CodeIgniter\Session\Handlers\FileHandler' driver.
DEBUG - 2026-08-02 03:18:47 --> Session: Class initialized using 'CodeIgniter\Session\Handlers\FileHandler' driver.
DEBUG - 2026-08-02 03:19:11 --> Session: Class initialized using 'CodeIgniter\Session\Handlers\FileHandler' driver.
DEBUG - 2026-08-02 03:19:12 --> Session: Class initialized using 'CodeIgniter\Session\Handlers\FileHandler' driver.
DEBUG - 2026-08-02 03:19:13 --> Session: Class initialized using 'CodeIgniter\Session\Handlers\FileHandler' driver.
DEBUG - 2026-08-02 03:19:15 --> Session: Class initialized using 'CodeIgniter\Session\Handlers\FileHandler' driver.
DEBUG - 2026-08-02 03:19:17 --> Session: Class initialized using 'CodeIgniter\Session\Handlers\FileHandler' driver.
DEBUG - 2026-08-02 03:19:19 --> Session: Class initialized using 'CodeIgniter\Session\Handlers\FileHandler' driver.
DEBUG - 2026-08-02 03:19:20 --> Session: Class initialized using 'CodeIgniter\Session\Handlers\FileHandler' driver.
DEBUG - 2026-08-02 03:19:20 --> Session: Class initialized using 'CodeIgniter\Session\Handlers\FileHandler' driver.
DEBUG - 2026-08-02 03:19:25 --> Session: Class initialized using 'CodeIgniter\Session\Handlers\FileHandler' driver.
DEBUG - 2026-08-02 03:20:03 --> Session: Class initialized using 'CodeIgniter\Session\Handlers\FileHandler' driver.
DEBUG - 2026-08-02 03:20:05 --> Session: Class initialized using 'CodeIgniter\Session\Handlers\FileHandler' driver.
DEBUG - 2026-08-02 03:20:16 --> Session: Class initialized using 'CodeIgniter\Session\Handlers\FileHandler' driver.
DEBUG - 2026-08-02 03:20:18 --> Session: Class initialized using 'CodeIgniter\Session\Handlers\FileHandler' driver.
DEBUG - 2026-08-02 03:20:19 --> Session: Class initialized using 'CodeIgniter\Session\Handlers\FileHandler' driver.
DEBUG - 2026-08-02 03:20:51 --> Session: Class initialized using 'CodeIgniter\Session\Handlers\FileHandler' driver.
DEBUG - 2026-08-02 03:20:51 --> Session: Class initialized using 'CodeIgniter\Session\Handlers\FileHandler' driver.
DEBUG - 2026-08-02 03:20:52 --> Session: Class initialized using 'CodeIgniter\Session\Handlers\FileHandler' driver.
DEBUG - 2026-08-02 03:20:52 --> Session: Class initialized using 'CodeIgniter\Session\Handlers\FileHandler' driver.
DEBUG - 2026-08-02 03:20:52 --> Session: Class initialized using 'CodeIgniter\Session\Handlers\FileHandler' driver.
DEBUG - 2026-08-02 03:20:53 --> Session: Class initialized using 'CodeIgniter\Session\Handlers\FileHandler' driver.
DEBUG - 2026-08-02 03:20:54 --> Session: Class initialized using 'CodeIgniter\Session\Handlers\FileHandler' driver.
DEBUG - 2026-08-02 03:20:55 --> Session: Class initialized using 'CodeIgniter\Session\Handlers\FileHandler' driver.
DEBUG - 2026-08-02 03:20:55 --> Session: Class initialized using 'CodeIgniter\Session\Handlers\FileHandler' driver.
DEBUG - 2026-08-02 03:21:00 --> Session: Class initialized using 'CodeIgniter\Session\Handlers\FileHandler' driver.
DEBUG - 2026-08-02 03:21:01 --> Session: Class initialized using 'CodeIgniter\Session\Handlers\FileHandler' driver.
DEBUG - 2026-08-02 03:21:02 --> Session: Class initialized using 'CodeIgniter\Session\Handlers\FileHandler' driver.
DEBUG - 2026-08-02 03:21:25 --> Session: Class initialized using 'CodeIgniter\Session\Handlers\FileHandler' driver.
DEBUG - 2026-08-02 03:21:26 --> Session: Class initialized using 'CodeIgniter\Session\Handlers\FileHandler' driver.
DEBUG - 2026-08-02 03:21:28 --> Session: Class initialized using 'CodeIgniter\Session\Handlers\FileHandler' driver.
DEBUG - 2026-08-02 03:21:29 --> Session: Class initialized using 'CodeIgniter\Session\Handlers\FileHandler' driver.
DEBUG - 2026-08-02 03:21:42 --> Session: Class initialized using 'CodeIgniter\Session\Handlers\FileHandler' driver.
DEBUG - 2026-08-02 03:21:42 --> Session: Class initialized using 'CodeIgniter\Session\Handlers\FileHandler' driver.
DEBUG - 2026-08-02 03:21:43 --> Session: Class initialized using 'CodeIgniter\Session\Handlers\FileHandler' driver.
DEBUG - 2026-08-02 03:21:48 --> Session: Class initialized using 'CodeIgniter\Session\Handlers\FileHandler' driver.
DEBUG - 2026-08-02 03:21:49 --> Session: Class initialized using 'CodeIgniter\Session\Handlers\FileHandler' driver.
DEBUG - 2026-08-02 03:21:52 --> Session: Class initialized using 'CodeIgniter\Session\Handlers\FileHandler' driver.
DEBUG - 2026-08-02 03:21:53 --> Session: Class initialized using 'CodeIgniter\Session\Handlers\FileHandler' driver.
DEBUG - 2026-08-02 03:21:53 --> Session: Class initialized using 'CodeIgniter\Session\Handlers\FileHandler' driver.
DEBUG - 2026-08-02 03:21:55 --> Session: Class initialized using 'CodeIgniter\Session\Handlers\FileHandler' driver.
DEBUG - 2026-08-02 03:22:24 --> Session: Class initialized using 'CodeIgniter\Session\Handlers\FileHandler' driver.
DEBUG - 2026-08-02 03:22:25 --> Session: Class initialized using 'CodeIgniter\Session\Handlers\FileHandler' driver.
DEBUG - 2026-08-02 03:22:26 --> Session: Class initialized using 'CodeIgniter\Session\Handlers\FileHandler' driver.
DEBUG - 2026-08-02 03:22:27 --> Session: Class initialized using 'CodeIgniter\Session\Handlers\FileHandler' driver.
DEBUG - 2026-08-02 03:22:27 --> Session: Class initialized using 'CodeIgniter\Session\Handlers\FileHandler' driver.
DEBUG - 2026-08-02 03:22:29 --> Session: Class initialized using 'CodeIgniter\Session\Handlers\FileHandler' driver.
DEBUG - 2026-08-02 03:22:30 --> Session: Class initialized using 'CodeIgniter\Session\Handlers\FileHandler' driver.
DEBUG - 2026-08-02 03:22:31 --> Session: Class initialized using 'CodeIgniter\Session\Handlers\FileHandler' driver.
DEBUG - 2026-08-02 03:22:31 --> Session: Class initialized using 'CodeIgniter\Session\Handlers\FileHandler' driver.
DEBUG - 2026-08-02 03:22:42 --> Session: Class initialized using 'CodeIgniter\Session\Handlers\FileHandler' driver.
DEBUG - 2026-08-02 03:22:43 --> Session: Class initialized using 'CodeIgniter\Session\Handlers\FileHandler' driver.
DEBUG - 2026-08-02 03:23:13 --> Session: Class initialized using 'CodeIgniter\Session\Handlers\FileHandler' driver.
DEBUG - 2026-08-02 03:23:15 --> Session: Class initialized using 'CodeIgniter\Session\Handlers\FileHandler' driver.
DEBUG - 2026-08-02 03:23:16 --> Session: Class initialized using 'CodeIgniter\Session\Handlers\FileHandler' driver.
DEBUG - 2026-08-02 03:23:16 --> Session: Class initialized using 'CodeIgniter\Session\Handlers\FileHandler' driver.
DEBUG - 2026-08-02 03:23:18 --> Session: Class initialized using 'CodeIgniter\Session\Handlers\FileHandler' driver.
DEBUG - 2026-08-02 03:23:20 --> Session: Class initialized using 'CodeIgniter\Session\Handlers\FileHandler' driver.
DEBUG - 2026-08-02 03:23:33 --> Session: Class initialized using 'CodeIgniter\Session\Handlers\FileHandler' driver.
DEBUG - 2026-08-02 03:23:49 --> Session: Class initialized using 'CodeIgniter\Session\Handlers\FileHandler' driver.
DEBUG - 2026-08-02 03:23:52 --> Session: Class initialized using 'CodeIgniter\Session\Handlers\FileHandler' driver.
DEBUG - 2026-08-02 03:23:53 --> Session: Class initialized using 'CodeIgniter\Session\Handlers\FileHandler' driver.
DEBUG - 2026-08-02 03:23:55 --> Session: Class initialized using 'CodeIgniter\Session\Handlers\FileHandler' driver.
DEBUG - 2026-08-02 03:23:57 --> Session: Class initialized using 'CodeIgniter\Session\Handlers\FileHandler' driver.
DEBUG - 2026-08-02 03:23:58 --> Session: Class initialized using 'CodeIgniter\Session\Handlers\FileHandler' driver.
DEBUG - 2026-08-02 03:23:59 --> Session: Class initialized using 'CodeIgniter\Session\Handlers\FileHandler' driver.
DEBUG - 2026-08-02 03:24:00 --> Session: Class initialized using 'CodeIgniter\Session\Handlers\FileHandler' driver.
DEBUG - 2026-08-02 03:26:16 --> Session: Class initialized using 'CodeIgniter\Session\Handlers\FileHandler' driver.
DEBUG - 2026-08-02 03:27:09 --> Session: Class initialized using 'CodeIgniter\Session\Handlers\FileHandler' driver.
DEBUG - 2026-08-02 03:27:34 --> Session: Class initialized using 'CodeIgniter\Session\Handlers\FileHandler' driver.
DEBUG - 2026-08-02 03:28:17 --> Session: Class initialized using 'CodeIgniter\Session\Handlers\FileHandler' driver.
DEBUG - 2026-08-02 03:38:45 --> Session: Class initialized using 'CodeIgniter\Session\Handlers\FileHandler' driver.
DEBUG - 2026-08-02 03:38:46 --> Session: Class initialized using 'CodeIgniter\Session\Handlers\FileHandler' driver.
DEBUG - 2026-08-02 03:38:49 --> Session: Class initialized using 'CodeIgniter\Session\Handlers\FileHandler' driver.
DEBUG - 2026-08-02 03:38:49 --> Session: Class initialized using 'CodeIgniter\Session\Handlers\FileHandler' driver.
DEBUG - 2026-08-02 03:38:52 --> Session: Class initialized using 'CodeIgniter\Session\Handlers\FileHandler' driver.
DEBUG - 2026-08-02 03:38:53 --> Session: Class initialized using 'CodeIgniter\Session\Handlers\FileHandler' driver.
DEBUG - 2026-08-02 03:38:54 --> Session: Class initialized using 'CodeIgniter\Session\Handlers\FileHandler' driver.
DEBUG - 2026-08-02 03:44:56 --> Session: Class initialized using 'CodeIgniter\Session\Handlers\FileHandler' driver.
DEBUG - 2026-08-02 03:45:36 --> Session: Class initialized using 'CodeIgniter\Session\Handlers\FileHandler' driver.
DEBUG - 2026-08-02 03:45:39 --> Session: Class initialized using 'CodeIgniter\Session\Handlers\FileHandler' driver.
DEBUG - 2026-08-02 03:45:41 --> Session: Class initialized using 'CodeIgniter\Session\Handlers\FileHandler' driver.
DEBUG - 2026-08-02 03:46:19 --> Session: Class initialized using 'CodeIgniter\Session\Handlers\FileHandler' driver.
DEBUG - 2026-08-02 03:46:21 --> Session: Class initialized using 'CodeIgniter\Session\Handlers\FileHandler' driver.
DEBUG - 2026-08-02 04:25:31 --> Session: Class initialized using 'CodeIgniter\Session\Handlers\FileHandler' driver.
DEBUG - 2026-08-02 04:25:33 --> Session: Class initialized using 'CodeIgniter\Session\Handlers\FileHandler' driver.
ERROR - 2026-08-02 04:25:33 --> Unable to prepare statement: 1, no such table: reviews
in SYSTEMPATH\Database\SQLite3\Connection.php on line 164.
 1 SYSTEMPATH\Database\SQLite3\Connection.php(164): SQLite3->query('SELECT `r`.*, `p`.`project_name`, `p`.`project_code`, `s`.`shot_number`, `seq`.`seq_name`, `u`.`name` as `artist_name`, `u`.`user_profile_pic` as `artist_pic`, `vta`.`vfx_task_assignment_id`, `c`.`category_name` as `task_name`, `rf`.`proxy_path`, `rf`.`file_type`
FROM `reviews` `r`
LEFT JOIN `projects` `p` ON `p`.`project_id` = `r`.`project_id`
LEFT JOIN `project_shots` `s` ON `s`.`shot_id` = `r`.`shot_id`
LEFT JOIN `project_sequences` `seq` ON `seq`.`project_seq_id` = `s`.`project_seq_id`
LEFT JOIN `vfx_task_assignments` `vta` ON `vta`.`vfx_task_assignment_id` = `r`.`vfx_task_assignment_id`
LEFT JOIN `vfx_task_categories` `c` ON `c`.`vfx_task_category_id` = `vta`.`vfx_task_category_id`
LEFT JOIN `users` `u` ON `u`.`id` = `r`.`user_id`
LEFT JOIN `review_files` `rf` ON `rf`.`review_id` = `r`.`id`
WHERE `r`.`status` = \'pending\'
ORDER BY `r`.`created_at` DESC')
 2 SYSTEMPATH\Database\BaseConnection.php(908): CodeIgniter\Database\SQLite3\Connection->execute('SELECT `r`.*, `p`.`project_name`, `p`.`project_code`, `s`.`shot_number`, `seq`.`seq_name`, `u`.`name` as `artist_name`, `u`.`user_profile_pic` as `artist_pic`, `vta`.`vfx_task_assignment_id`, `c`.`category_name` as `task_name`, `rf`.`proxy_path`, `rf`.`file_type`
FROM `reviews` `r`
LEFT JOIN `projects` `p` ON `p`.`project_id` = `r`.`project_id`
LEFT JOIN `project_shots` `s` ON `s`.`shot_id` = `r`.`shot_id`
LEFT JOIN `project_sequences` `seq` ON `seq`.`project_seq_id` = `s`.`project_seq_id`
LEFT JOIN `vfx_task_assignments` `vta` ON `vta`.`vfx_task_assignment_id` = `r`.`vfx_task_assignment_id`
LEFT JOIN `vfx_task_categories` `c` ON `c`.`vfx_task_category_id` = `vta`.`vfx_task_category_id`
LEFT JOIN `users` `u` ON `u`.`id` = `r`.`user_id`
LEFT JOIN `review_files` `rf` ON `rf`.`review_id` = `r`.`id`
WHERE `r`.`status` = \'pending\'
ORDER BY `r`.`created_at` DESC')
 3 SYSTEMPATH\Database\BaseConnection.php(825): CodeIgniter\Database\BaseConnection->simpleQuery('SELECT `r`.*, `p`.`project_name`, `p`.`project_code`, `s`.`shot_number`, `seq`.`seq_name`, `u`.`name` as `artist_name`, `u`.`user_profile_pic` as `artist_pic`, `vta`.`vfx_task_assignment_id`, `c`.`category_name` as `task_name`, `rf`.`proxy_path`, `rf`.`file_type`
FROM `reviews` `r`
LEFT JOIN `projects` `p` ON `p`.`project_id` = `r`.`project_id`
LEFT JOIN `project_shots` `s` ON `s`.`shot_id` = `r`.`shot_id`
LEFT JOIN `project_sequences` `seq` ON `seq`.`project_seq_id` = `s`.`project_seq_id`
LEFT JOIN `vfx_task_assignments` `vta` ON `vta`.`vfx_task_assignment_id` = `r`.`vfx_task_assignment_id`
LEFT JOIN `vfx_task_categories` `c` ON `c`.`vfx_task_category_id` = `vta`.`vfx_task_category_id`
LEFT JOIN `users` `u` ON `u`.`id` = `r`.`user_id`
LEFT JOIN `review_files` `rf` ON `rf`.`review_id` = `r`.`id`
WHERE `r`.`status` = \'pending\'
ORDER BY `r`.`created_at` DESC')
 4 SYSTEMPATH\Database\BaseBuilder.php(1647): CodeIgniter\Database\BaseConnection->query('SELECT `r`.*, `p`.`project_name`, `p`.`project_code`, `s`.`shot_number`, `seq`.`seq_name`, `u`.`name` as `artist_name`, `u`.`user_profile_pic` as `artist_pic`, `vta`.`vfx_task_assignment_id`, `c`.`category_name` as `task_name`, `rf`.`proxy_path`, `rf`.`file_type`
FROM `reviews` `r`
LEFT JOIN `projects` `p` ON `p`.`project_id` = `r`.`project_id`
LEFT JOIN `project_shots` `s` ON `s`.`shot_id` = `r`.`shot_id`
LEFT JOIN `project_sequences` `seq` ON `seq`.`project_seq_id` = `s`.`project_seq_id`
LEFT JOIN `vfx_task_assignments` `vta` ON `vta`.`vfx_task_assignment_id` = `r`.`vfx_task_assignment_id`
LEFT JOIN `vfx_task_categories` `c` ON `c`.`vfx_task_category_id` = `vta`.`vfx_task_category_id`
LEFT JOIN `users` `u` ON `u`.`id` = `r`.`user_id`
LEFT JOIN `review_files` `rf` ON `rf`.`review_id` = `r`.`id`
WHERE `r`.`status` = :r.status:
ORDER BY `r`.`created_at` DESC', [...], false)
 5 APPPATH\Controllers\Admin\Reviews.php(29): CodeIgniter\Database\BaseBuilder->get()
 6 SYSTEMPATH\CodeIgniter.php(974): App\Controllers\Admin\Reviews->index()
 7 SYSTEMPATH\CodeIgniter.php(520): CodeIgniter\CodeIgniter->runController(Object(App\Controllers\Admin\Reviews))
 8 SYSTEMPATH\CodeIgniter.php(363): CodeIgniter\CodeIgniter->handleRequest(null, Object(Config\Cache), false)
 9 SYSTEMPATH\Boot.php(417): CodeIgniter\CodeIgniter->run()
10 SYSTEMPATH\Boot.php(68): CodeIgniter\Boot::runCodeIgniter(Object(CodeIgniter\CodeIgniter))
11 FCPATH\index.php(59): CodeIgniter\Boot::bootWeb(Object(Config\Paths))
CRITICAL - 2026-08-02 04:25:33 --> CodeIgniter\Database\Exceptions\DatabaseException: Unable to prepare statement: 1, no such table: reviews
[Method: GET, Route: admin/reviews]
in SYSTEMPATH\Database\BaseConnection.php on line 863.
 1 SYSTEMPATH\Database\BaseBuilder.php(1647): CodeIgniter\Database\BaseConnection->query('SELECT `r`.*, `p`.`project_name`, `p`.`project_code`, `s`.`shot_number`, `seq`.`seq_name`, `u`.`name` as `artist_name`, `u`.`user_profile_pic` as `artist_pic`, `vta`.`vfx_task_assignment_id`, `c`.`category_name` as `task_name`, `rf`.`proxy_path`, `rf`.`file_type`
FROM `reviews` `r`
LEFT JOIN `projects` `p` ON `p`.`project_id` = `r`.`project_id`
LEFT JOIN `project_shots` `s` ON `s`.`shot_id` = `r`.`shot_id`
LEFT JOIN `project_sequences` `seq` ON `seq`.`project_seq_id` = `s`.`project_seq_id`
LEFT JOIN `vfx_task_assignments` `vta` ON `vta`.`vfx_task_assignment_id` = `r`.`vfx_task_assignment_id`
LEFT JOIN `vfx_task_categories` `c` ON `c`.`vfx_task_category_id` = `vta`.`vfx_task_category_id`
LEFT JOIN `users` `u` ON `u`.`id` = `r`.`user_id`
LEFT JOIN `review_files` `rf` ON `rf`.`review_id` = `r`.`id`
WHERE `r`.`status` = :r.status:
ORDER BY `r`.`created_at` DESC', [...], false)
 2 APPPATH\Controllers\Admin\Reviews.php(29): CodeIgniter\Database\BaseBuilder->get()
 3 SYSTEMPATH\CodeIgniter.php(974): App\Controllers\Admin\Reviews->index()
 4 SYSTEMPATH\CodeIgniter.php(520): CodeIgniter\CodeIgniter->runController(Object(App\Controllers\Admin\Reviews))
 5 SYSTEMPATH\CodeIgniter.php(363): CodeIgniter\CodeIgniter->handleRequest(null, Object(Config\Cache), false)
 6 SYSTEMPATH\Boot.php(417): CodeIgniter\CodeIgniter->run()
 7 SYSTEMPATH\Boot.php(68): CodeIgniter\Boot::runCodeIgniter(Object(CodeIgniter\CodeIgniter))
 8 FCPATH\index.php(59): CodeIgniter\Boot::bootWeb(Object(Config\Paths))
CRITICAL - 2026-08-02 04:25:33 --> [Caused by] CodeIgniter\Database\Exceptions\DatabaseException: Unable to prepare statement: 1, no such table: reviews
in SYSTEMPATH\Database\SQLite3\Connection.php on line 174.
 1 SYSTEMPATH\Database\BaseConnection.php(908): CodeIgniter\Database\SQLite3\Connection->execute('SELECT `r`.*, `p`.`project_name`, `p`.`project_code`, `s`.`shot_number`, `seq`.`seq_name`, `u`.`name` as `artist_name`, `u`.`user_profile_pic` as `artist_pic`, `vta`.`vfx_task_assignment_id`, `c`.`category_name` as `task_name`, `rf`.`proxy_path`, `rf`.`file_type`
FROM `reviews` `r`
LEFT JOIN `projects` `p` ON `p`.`project_id` = `r`.`project_id`
LEFT JOIN `project_shots` `s` ON `s`.`shot_id` = `r`.`shot_id`
LEFT JOIN `project_sequences` `seq` ON `seq`.`project_seq_id` = `s`.`project_seq_id`
LEFT JOIN `vfx_task_assignments` `vta` ON `vta`.`vfx_task_assignment_id` = `r`.`vfx_task_assignment_id`
LEFT JOIN `vfx_task_categories` `c` ON `c`.`vfx_task_category_id` = `vta`.`vfx_task_category_id`
LEFT JOIN `users` `u` ON `u`.`id` = `r`.`user_id`
LEFT JOIN `review_files` `rf` ON `rf`.`review_id` = `r`.`id`
WHERE `r`.`status` = \'pending\'
ORDER BY `r`.`created_at` DESC')
 2 SYSTEMPATH\Database\BaseConnection.php(825): CodeIgniter\Database\BaseConnection->simpleQuery('SELECT `r`.*, `p`.`project_name`, `p`.`project_code`, `s`.`shot_number`, `seq`.`seq_name`, `u`.`name` as `artist_name`, `u`.`user_profile_pic` as `artist_pic`, `vta`.`vfx_task_assignment_id`, `c`.`category_name` as `task_name`, `rf`.`proxy_path`, `rf`.`file_type`
FROM `reviews` `r`
LEFT JOIN `projects` `p` ON `p`.`project_id` = `r`.`project_id`
LEFT JOIN `project_shots` `s` ON `s`.`shot_id` = `r`.`shot_id`
LEFT JOIN `project_sequences` `seq` ON `seq`.`project_seq_id` = `s`.`project_seq_id`
LEFT JOIN `vfx_task_assignments` `vta` ON `vta`.`vfx_task_assignment_id` = `r`.`vfx_task_assignment_id`
LEFT JOIN `vfx_task_categories` `c` ON `c`.`vfx_task_category_id` = `vta`.`vfx_task_category_id`
LEFT JOIN `users` `u` ON `u`.`id` = `r`.`user_id`
LEFT JOIN `review_files` `rf` ON `rf`.`review_id` = `r`.`id`
WHERE `r`.`status` = \'pending\'
ORDER BY `r`.`created_at` DESC')
 3 SYSTEMPATH\Database\BaseBuilder.php(1647): CodeIgniter\Database\BaseConnection->query('SELECT `r`.*, `p`.`project_name`, `p`.`project_code`, `s`.`shot_number`, `seq`.`seq_name`, `u`.`name` as `artist_name`, `u`.`user_profile_pic` as `artist_pic`, `vta`.`vfx_task_assignment_id`, `c`.`category_name` as `task_name`, `rf`.`proxy_path`, `rf`.`file_type`
FROM `reviews` `r`
LEFT JOIN `projects` `p` ON `p`.`project_id` = `r`.`project_id`
LEFT JOIN `project_shots` `s` ON `s`.`shot_id` = `r`.`shot_id`
LEFT JOIN `project_sequences` `seq` ON `seq`.`project_seq_id` = `s`.`project_seq_id`
LEFT JOIN `vfx_task_assignments` `vta` ON `vta`.`vfx_task_assignment_id` = `r`.`vfx_task_assignment_id`
LEFT JOIN `vfx_task_categories` `c` ON `c`.`vfx_task_category_id` = `vta`.`vfx_task_category_id`
LEFT JOIN `users` `u` ON `u`.`id` = `r`.`user_id`
LEFT JOIN `review_files` `rf` ON `rf`.`review_id` = `r`.`id`
WHERE `r`.`status` = :r.status:
ORDER BY `r`.`created_at` DESC', [...], false)
 4 APPPATH\Controllers\Admin\Reviews.php(29): CodeIgniter\Database\BaseBuilder->get()
 5 SYSTEMPATH\CodeIgniter.php(974): App\Controllers\Admin\Reviews->index()
 6 SYSTEMPATH\CodeIgniter.php(520): CodeIgniter\CodeIgniter->runController(Object(App\Controllers\Admin\Reviews))
 7 SYSTEMPATH\CodeIgniter.php(363): CodeIgniter\CodeIgniter->handleRequest(null, Object(Config\Cache), false)
 8 SYSTEMPATH\Boot.php(417): CodeIgniter\CodeIgniter->run()
 9 SYSTEMPATH\Boot.php(68): CodeIgniter\Boot::runCodeIgniter(Object(CodeIgniter\CodeIgniter))
10 FCPATH\index.php(59): CodeIgniter\Boot::bootWeb(Object(Config\Paths))
CRITICAL - 2026-08-02 04:25:33 --> [Caused by] Exception: Unable to prepare statement: 1, no such table: reviews
in SYSTEMPATH\Database\SQLite3\Connection.php on line 164.
 1 SYSTEMPATH\Database\SQLite3\Connection.php(164): SQLite3->query('SELECT `r`.*, `p`.`project_name`, `p`.`project_code`, `s`.`shot_number`, `seq`.`seq_name`, `u`.`name` as `artist_name`, `u`.`user_profile_pic` as `artist_pic`, `vta`.`vfx_task_assignment_id`, `c`.`category_name` as `task_name`, `rf`.`proxy_path`, `rf`.`file_type`
FROM `reviews` `r`
LEFT JOIN `projects` `p` ON `p`.`project_id` = `r`.`project_id`
LEFT JOIN `project_shots` `s` ON `s`.`shot_id` = `r`.`shot_id`
LEFT JOIN `project_sequences` `seq` ON `seq`.`project_seq_id` = `s`.`project_seq_id`
LEFT JOIN `vfx_task_assignments` `vta` ON `vta`.`vfx_task_assignment_id` = `r`.`vfx_task_assignment_id`
LEFT JOIN `vfx_task_categories` `c` ON `c`.`vfx_task_category_id` = `vta`.`vfx_task_category_id`
LEFT JOIN `users` `u` ON `u`.`id` = `r`.`user_id`
LEFT JOIN `review_files` `rf` ON `rf`.`review_id` = `r`.`id`
WHERE `r`.`status` = \'pending\'
ORDER BY `r`.`created_at` DESC')
 2 SYSTEMPATH\Database\BaseConnection.php(908): CodeIgniter\Database\SQLite3\Connection->execute('SELECT `r`.*, `p`.`project_name`, `p`.`project_code`, `s`.`shot_number`, `seq`.`seq_name`, `u`.`name` as `artist_name`, `u`.`user_profile_pic` as `artist_pic`, `vta`.`vfx_task_assignment_id`, `c`.`category_name` as `task_name`, `rf`.`proxy_path`, `rf`.`file_type`
FROM `reviews` `r`
LEFT JOIN `projects` `p` ON `p`.`project_id` = `r`.`project_id`
LEFT JOIN `project_shots` `s` ON `s`.`shot_id` = `r`.`shot_id`
LEFT JOIN `project_sequences` `seq` ON `seq`.`project_seq_id` = `s`.`project_seq_id`
LEFT JOIN `vfx_task_assignments` `vta` ON `vta`.`vfx_task_assignment_id` = `r`.`vfx_task_assignment_id`
LEFT JOIN `vfx_task_categories` `c` ON `c`.`vfx_task_category_id` = `vta`.`vfx_task_category_id`
LEFT JOIN `users` `u` ON `u`.`id` = `r`.`user_id`
LEFT JOIN `review_files` `rf` ON `rf`.`review_id` = `r`.`id`
WHERE `r`.`status` = \'pending\'
ORDER BY `r`.`created_at` DESC')
 3 SYSTEMPATH\Database\BaseConnection.php(825): CodeIgniter\Database\BaseConnection->simpleQuery('SELECT `r`.*, `p`.`project_name`, `p`.`project_code`, `s`.`shot_number`, `seq`.`seq_name`, `u`.`name` as `artist_name`, `u`.`user_profile_pic` as `artist_pic`, `vta`.`vfx_task_assignment_id`, `c`.`category_name` as `task_name`, `rf`.`proxy_path`, `rf`.`file_type`
FROM `reviews` `r`
LEFT JOIN `projects` `p` ON `p`.`project_id` = `r`.`project_id`
LEFT JOIN `project_shots` `s` ON `s`.`shot_id` = `r`.`shot_id`
LEFT JOIN `project_sequences` `seq` ON `seq`.`project_seq_id` = `s`.`project_seq_id`
LEFT JOIN `vfx_task_assignments` `vta` ON `vta`.`vfx_task_assignment_id` = `r`.`vfx_task_assignment_id`
LEFT JOIN `vfx_task_categories` `c` ON `c`.`vfx_task_category_id` = `vta`.`vfx_task_category_id`
LEFT JOIN `users` `u` ON `u`.`id` = `r`.`user_id`
LEFT JOIN `review_files` `rf` ON `rf`.`review_id` = `r`.`id`
WHERE `r`.`status` = \'pending\'
ORDER BY `r`.`created_at` DESC')
 4 SYSTEMPATH\Database\BaseBuilder.php(1647): CodeIgniter\Database\BaseConnection->query('SELECT `r`.*, `p`.`project_name`, `p`.`project_code`, `s`.`shot_number`, `seq`.`seq_name`, `u`.`name` as `artist_name`, `u`.`user_profile_pic` as `artist_pic`, `vta`.`vfx_task_assignment_id`, `c`.`category_name` as `task_name`, `rf`.`proxy_path`, `rf`.`file_type`
FROM `reviews` `r`
LEFT JOIN `projects` `p` ON `p`.`project_id` = `r`.`project_id`
LEFT JOIN `project_shots` `s` ON `s`.`shot_id` = `r`.`shot_id`
LEFT JOIN `project_sequences` `seq` ON `seq`.`project_seq_id` = `s`.`project_seq_id`
LEFT JOIN `vfx_task_assignments` `vta` ON `vta`.`vfx_task_assignment_id` = `r`.`vfx_task_assignment_id`
LEFT JOIN `vfx_task_categories` `c` ON `c`.`vfx_task_category_id` = `vta`.`vfx_task_category_id`
LEFT JOIN `users` `u` ON `u`.`id` = `r`.`user_id`
LEFT JOIN `review_files` `rf` ON `rf`.`review_id` = `r`.`id`
WHERE `r`.`status` = :r.status:
ORDER BY `r`.`created_at` DESC', [...], false)
 5 APPPATH\Controllers\Admin\Reviews.php(29): CodeIgniter\Database\BaseBuilder->get()
 6 SYSTEMPATH\CodeIgniter.php(974): App\Controllers\Admin\Reviews->index()
 7 SYSTEMPATH\CodeIgniter.php(520): CodeIgniter\CodeIgniter->runController(Object(App\Controllers\Admin\Reviews))
 8 SYSTEMPATH\CodeIgniter.php(363): CodeIgniter\CodeIgniter->handleRequest(null, Object(Config\Cache), false)
 9 SYSTEMPATH\Boot.php(417): CodeIgniter\CodeIgniter->run()
10 SYSTEMPATH\Boot.php(68): CodeIgniter\Boot::runCodeIgniter(Object(CodeIgniter\CodeIgniter))
11 FCPATH\index.php(59): CodeIgniter\Boot::bootWeb(Object(Config\Paths))
DEBUG - 2026-08-02 04:25:35 --> Session: Class initialized using 'CodeIgniter\Session\Handlers\FileHandler' driver.
ERROR - 2026-08-02 04:25:35 --> Unable to prepare statement: 1, no such table: reviews
in SYSTEMPATH\Database\SQLite3\Connection.php on line 164.
 1 SYSTEMPATH\Database\SQLite3\Connection.php(164): SQLite3->query('SELECT `r`.*, `p`.`project_name`, `p`.`project_code`, `s`.`shot_number`, `seq`.`seq_name`, `u`.`name` as `artist_name`, `u`.`user_profile_pic` as `artist_pic`, `vta`.`vfx_task_assignment_id`, `c`.`category_name` as `task_name`, `rf`.`proxy_path`, `rf`.`file_type`
FROM `reviews` `r`
LEFT JOIN `projects` `p` ON `p`.`project_id` = `r`.`project_id`
LEFT JOIN `project_shots` `s` ON `s`.`shot_id` = `r`.`shot_id`
LEFT JOIN `project_sequences` `seq` ON `seq`.`project_seq_id` = `s`.`project_seq_id`
LEFT JOIN `vfx_task_assignments` `vta` ON `vta`.`vfx_task_assignment_id` = `r`.`vfx_task_assignment_id`
LEFT JOIN `vfx_task_categories` `c` ON `c`.`vfx_task_category_id` = `vta`.`vfx_task_category_id`
LEFT JOIN `users` `u` ON `u`.`id` = `r`.`user_id`
LEFT JOIN `review_files` `rf` ON `rf`.`review_id` = `r`.`id`
WHERE `r`.`status` = \'pending\'
ORDER BY `r`.`created_at` DESC')
 2 SYSTEMPATH\Database\BaseConnection.php(908): CodeIgniter\Database\SQLite3\Connection->execute('SELECT `r`.*, `p`.`project_name`, `p`.`project_code`, `s`.`shot_number`, `seq`.`seq_name`, `u`.`name` as `artist_name`, `u`.`user_profile_pic` as `artist_pic`, `vta`.`vfx_task_assignment_id`, `c`.`category_name` as `task_name`, `rf`.`proxy_path`, `rf`.`file_type`
FROM `reviews` `r`
LEFT JOIN `projects` `p` ON `p`.`project_id` = `r`.`project_id`
LEFT JOIN `project_shots` `s` ON `s`.`shot_id` = `r`.`shot_id`
LEFT JOIN `project_sequences` `seq` ON `seq`.`project_seq_id` = `s`.`project_seq_id`
LEFT JOIN `vfx_task_assignments` `vta` ON `vta`.`vfx_task_assignment_id` = `r`.`vfx_task_assignment_id`
LEFT JOIN `vfx_task_categories` `c` ON `c`.`vfx_task_category_id` = `vta`.`vfx_task_category_id`
LEFT JOIN `users` `u` ON `u`.`id` = `r`.`user_id`
LEFT JOIN `review_files` `rf` ON `rf`.`review_id` = `r`.`id`
WHERE `r`.`status` = \'pending\'
ORDER BY `r`.`created_at` DESC')
 3 SYSTEMPATH\Database\BaseConnection.php(825): CodeIgniter\Database\BaseConnection->simpleQuery('SELECT `r`.*, `p`.`project_name`, `p`.`project_code`, `s`.`shot_number`, `seq`.`seq_name`, `u`.`name` as `artist_name`, `u`.`user_profile_pic` as `artist_pic`, `vta`.`vfx_task_assignment_id`, `c`.`category_name` as `task_name`, `rf`.`proxy_path`, `rf`.`file_type`
FROM `reviews` `r`
LEFT JOIN `projects` `p` ON `p`.`project_id` = `r`.`project_id`
LEFT JOIN `project_shots` `s` ON `s`.`shot_id` = `r`.`shot_id`
LEFT JOIN `project_sequences` `seq` ON `seq`.`project_seq_id` = `s`.`project_seq_id`
LEFT JOIN `vfx_task_assignments` `vta` ON `vta`.`vfx_task_assignment_id` = `r`.`vfx_task_assignment_id`
LEFT JOIN `vfx_task_categories` `c` ON `c`.`vfx_task_category_id` = `vta`.`vfx_task_category_id`
LEFT JOIN `users` `u` ON `u`.`id` = `r`.`user_id`
LEFT JOIN `review_files` `rf` ON `rf`.`review_id` = `r`.`id`
WHERE `r`.`status` = \'pending\'
ORDER BY `r`.`created_at` DESC')
 4 SYSTEMPATH\Database\BaseBuilder.php(1647): CodeIgniter\Database\BaseConnection->query('SELECT `r`.*, `p`.`project_name`, `p`.`project_code`, `s`.`shot_number`, `seq`.`seq_name`, `u`.`name` as `artist_name`, `u`.`user_profile_pic` as `artist_pic`, `vta`.`vfx_task_assignment_id`, `c`.`category_name` as `task_name`, `rf`.`proxy_path`, `rf`.`file_type`
FROM `reviews` `r`
LEFT JOIN `projects` `p` ON `p`.`project_id` = `r`.`project_id`
LEFT JOIN `project_shots` `s` ON `s`.`shot_id` = `r`.`shot_id`
LEFT JOIN `project_sequences` `seq` ON `seq`.`project_seq_id` = `s`.`project_seq_id`
LEFT JOIN `vfx_task_assignments` `vta` ON `vta`.`vfx_task_assignment_id` = `r`.`vfx_task_assignment_id`
LEFT JOIN `vfx_task_categories` `c` ON `c`.`vfx_task_category_id` = `vta`.`vfx_task_category_id`
LEFT JOIN `users` `u` ON `u`.`id` = `r`.`user_id`
LEFT JOIN `review_files` `rf` ON `rf`.`review_id` = `r`.`id`
WHERE `r`.`status` = :r.status:
ORDER BY `r`.`created_at` DESC', [...], false)
 5 APPPATH\Controllers\Admin\Reviews.php(29): CodeIgniter\Database\BaseBuilder->get()
 6 SYSTEMPATH\CodeIgniter.php(974): App\Controllers\Admin\Reviews->index()
 7 SYSTEMPATH\CodeIgniter.php(520): CodeIgniter\CodeIgniter->runController(Object(App\Controllers\Admin\Reviews))
 8 SYSTEMPATH\CodeIgniter.php(363): CodeIgniter\CodeIgniter->handleRequest(null, Object(Config\Cache), false)
 9 SYSTEMPATH\Boot.php(417): CodeIgniter\CodeIgniter->run()
10 SYSTEMPATH\Boot.php(68): CodeIgniter\Boot::runCodeIgniter(Object(CodeIgniter\CodeIgniter))
11 FCPATH\index.php(59): CodeIgniter\Boot::bootWeb(Object(Config\Paths))
CRITICAL - 2026-08-02 04:25:35 --> CodeIgniter\Database\Exceptions\DatabaseException: Unable to prepare statement: 1, no such table: reviews
[Method: GET, Route: admin/reviews]
in SYSTEMPATH\Database\BaseConnection.php on line 863.
 1 SYSTEMPATH\Database\BaseBuilder.php(1647): CodeIgniter\Database\BaseConnection->query('SELECT `r`.*, `p`.`project_name`, `p`.`project_code`, `s`.`shot_number`, `seq`.`seq_name`, `u`.`name` as `artist_name`, `u`.`user_profile_pic` as `artist_pic`, `vta`.`vfx_task_assignment_id`, `c`.`category_name` as `task_name`, `rf`.`proxy_path`, `rf`.`file_type`
FROM `reviews` `r`
LEFT JOIN `projects` `p` ON `p`.`project_id` = `r`.`project_id`
LEFT JOIN `project_shots` `s` ON `s`.`shot_id` = `r`.`shot_id`
LEFT JOIN `project_sequences` `seq` ON `seq`.`project_seq_id` = `s`.`project_seq_id`
LEFT JOIN `vfx_task_assignments` `vta` ON `vta`.`vfx_task_assignment_id` = `r`.`vfx_task_assignment_id`
LEFT JOIN `vfx_task_categories` `c` ON `c`.`vfx_task_category_id` = `vta`.`vfx_task_category_id`
LEFT JOIN `users` `u` ON `u`.`id` = `r`.`user_id`
LEFT JOIN `review_files` `rf` ON `rf`.`review_id` = `r`.`id`
WHERE `r`.`status` = :r.status:
ORDER BY `r`.`created_at` DESC', [...], false)
 2 APPPATH\Controllers\Admin\Reviews.php(29): CodeIgniter\Database\BaseBuilder->get()
 3 SYSTEMPATH\CodeIgniter.php(974): App\Controllers\Admin\Reviews->index()
 4 SYSTEMPATH\CodeIgniter.php(520): CodeIgniter\CodeIgniter->runController(Object(App\Controllers\Admin\Reviews))
 5 SYSTEMPATH\CodeIgniter.php(363): CodeIgniter\CodeIgniter->handleRequest(null, Object(Config\Cache), false)
 6 SYSTEMPATH\Boot.php(417): CodeIgniter\CodeIgniter->run()
 7 SYSTEMPATH\Boot.php(68): CodeIgniter\Boot::runCodeIgniter(Object(CodeIgniter\CodeIgniter))
 8 FCPATH\index.php(59): CodeIgniter\Boot::bootWeb(Object(Config\Paths))
CRITICAL - 2026-08-02 04:25:35 --> [Caused by] CodeIgniter\Database\Exceptions\DatabaseException: Unable to prepare statement: 1, no such table: reviews
in SYSTEMPATH\Database\SQLite3\Connection.php on line 174.
 1 SYSTEMPATH\Database\BaseConnection.php(908): CodeIgniter\Database\SQLite3\Connection->execute('SELECT `r`.*, `p`.`project_name`, `p`.`project_code`, `s`.`shot_number`, `seq`.`seq_name`, `u`.`name` as `artist_name`, `u`.`user_profile_pic` as `artist_pic`, `vta`.`vfx_task_assignment_id`, `c`.`category_name` as `task_name`, `rf`.`proxy_path`, `rf`.`file_type`
FROM `reviews` `r`
LEFT JOIN `projects` `p` ON `p`.`project_id` = `r`.`project_id`
LEFT JOIN `project_shots` `s` ON `s`.`shot_id` = `r`.`shot_id`
LEFT JOIN `project_sequences` `seq` ON `seq`.`project_seq_id` = `s`.`project_seq_id`
LEFT JOIN `vfx_task_assignments` `vta` ON `vta`.`vfx_task_assignment_id` = `r`.`vfx_task_assignment_id`
LEFT JOIN `vfx_task_categories` `c` ON `c`.`vfx_task_category_id` = `vta`.`vfx_task_category_id`
LEFT JOIN `users` `u` ON `u`.`id` = `r`.`user_id`
LEFT JOIN `review_files` `rf` ON `rf`.`review_id` = `r`.`id`
WHERE `r`.`status` = \'pending\'
ORDER BY `r`.`created_at` DESC')
 2 SYSTEMPATH\Database\BaseConnection.php(825): CodeIgniter\Database\BaseConnection->simpleQuery('SELECT `r`.*, `p`.`project_name`, `p`.`project_code`, `s`.`shot_number`, `seq`.`seq_name`, `u`.`name` as `artist_name`, `u`.`user_profile_pic` as `artist_pic`, `vta`.`vfx_task_assignment_id`, `c`.`category_name` as `task_name`, `rf`.`proxy_path`, `rf`.`file_type`
FROM `reviews` `r`
LEFT JOIN `projects` `p` ON `p`.`project_id` = `r`.`project_id`
LEFT JOIN `project_shots` `s` ON `s`.`shot_id` = `r`.`shot_id`
LEFT JOIN `project_sequences` `seq` ON `seq`.`project_seq_id` = `s`.`project_seq_id`
LEFT JOIN `vfx_task_assignments` `vta` ON `vta`.`vfx_task_assignment_id` = `r`.`vfx_task_assignment_id`
LEFT JOIN `vfx_task_categories` `c` ON `c`.`vfx_task_category_id` = `vta`.`vfx_task_category_id`
LEFT JOIN `users` `u` ON `u`.`id` = `r`.`user_id`
LEFT JOIN `review_files` `rf` ON `rf`.`review_id` = `r`.`id`
WHERE `r`.`status` = \'pending\'
ORDER BY `r`.`created_at` DESC')
 3 SYSTEMPATH\Database\BaseBuilder.php(1647): CodeIgniter\Database\BaseConnection->query('SELECT `r`.*, `p`.`project_name`, `p`.`project_code`, `s`.`shot_number`, `seq`.`seq_name`, `u`.`name` as `artist_name`, `u`.`user_profile_pic` as `artist_pic`, `vta`.`vfx_task_assignment_id`, `c`.`category_name` as `task_name`, `rf`.`proxy_path`, `rf`.`file_type`
FROM `reviews` `r`
LEFT JOIN `projects` `p` ON `p`.`project_id` = `r`.`project_id`
LEFT JOIN `project_shots` `s` ON `s`.`shot_id` = `r`.`shot_id`
LEFT JOIN `project_sequences` `seq` ON `seq`.`project_seq_id` = `s`.`project_seq_id`
LEFT JOIN `vfx_task_assignments` `vta` ON `vta`.`vfx_task_assignment_id` = `r`.`vfx_task_assignment_id`
LEFT JOIN `vfx_task_categories` `c` ON `c`.`vfx_task_category_id` = `vta`.`vfx_task_category_id`
LEFT JOIN `users` `u` ON `u`.`id` = `r`.`user_id`
LEFT JOIN `review_files` `rf` ON `rf`.`review_id` = `r`.`id`
WHERE `r`.`status` = :r.status:
ORDER BY `r`.`created_at` DESC', [...], false)
 4 APPPATH\Controllers\Admin\Reviews.php(29): CodeIgniter\Database\BaseBuilder->get()
 5 SYSTEMPATH\CodeIgniter.php(974): App\Controllers\Admin\Reviews->index()
 6 SYSTEMPATH\CodeIgniter.php(520): CodeIgniter\CodeIgniter->runController(Object(App\Controllers\Admin\Reviews))
 7 SYSTEMPATH\CodeIgniter.php(363): CodeIgniter\CodeIgniter->handleRequest(null, Object(Config\Cache), false)
 8 SYSTEMPATH\Boot.php(417): CodeIgniter\CodeIgniter->run()
 9 SYSTEMPATH\Boot.php(68): CodeIgniter\Boot::runCodeIgniter(Object(CodeIgniter\CodeIgniter))
10 FCPATH\index.php(59): CodeIgniter\Boot::bootWeb(Object(Config\Paths))
CRITICAL - 2026-08-02 04:25:35 --> [Caused by] Exception: Unable to prepare statement: 1, no such table: reviews
in SYSTEMPATH\Database\SQLite3\Connection.php on line 164.
 1 SYSTEMPATH\Database\SQLite3\Connection.php(164): SQLite3->query('SELECT `r`.*, `p`.`project_name`, `p`.`project_code`, `s`.`shot_number`, `seq`.`seq_name`, `u`.`name` as `artist_name`, `u`.`user_profile_pic` as `artist_pic`, `vta`.`vfx_task_assignment_id`, `c`.`category_name` as `task_name`, `rf`.`proxy_path`, `rf`.`file_type`
FROM `reviews` `r`
LEFT JOIN `projects` `p` ON `p`.`project_id` = `r`.`project_id`
LEFT JOIN `project_shots` `s` ON `s`.`shot_id` = `r`.`shot_id`
LEFT JOIN `project_sequences` `seq` ON `seq`.`project_seq_id` = `s`.`project_seq_id`
LEFT JOIN `vfx_task_assignments` `vta` ON `vta`.`vfx_task_assignment_id` = `r`.`vfx_task_assignment_id`
LEFT JOIN `vfx_task_categories` `c` ON `c`.`vfx_task_category_id` = `vta`.`vfx_task_category_id`
LEFT JOIN `users` `u` ON `u`.`id` = `r`.`user_id`
LEFT JOIN `review_files` `rf` ON `rf`.`review_id` = `r`.`id`
WHERE `r`.`status` = \'pending\'
ORDER BY `r`.`created_at` DESC')
 2 SYSTEMPATH\Database\BaseConnection.php(908): CodeIgniter\Database\SQLite3\Connection->execute('SELECT `r`.*, `p`.`project_name`, `p`.`project_code`, `s`.`shot_number`, `seq`.`seq_name`, `u`.`name` as `artist_name`, `u`.`user_profile_pic` as `artist_pic`, `vta`.`vfx_task_assignment_id`, `c`.`category_name` as `task_name`, `rf`.`proxy_path`, `rf`.`file_type`
FROM `reviews` `r`
LEFT JOIN `projects` `p` ON `p`.`project_id` = `r`.`project_id`
LEFT JOIN `project_shots` `s` ON `s`.`shot_id` = `r`.`shot_id`
LEFT JOIN `project_sequences` `seq` ON `seq`.`project_seq_id` = `s`.`project_seq_id`
LEFT JOIN `vfx_task_assignments` `vta` ON `vta`.`vfx_task_assignment_id` = `r`.`vfx_task_assignment_id`
LEFT JOIN `vfx_task_categories` `c` ON `c`.`vfx_task_category_id` = `vta`.`vfx_task_category_id`
LEFT JOIN `users` `u` ON `u`.`id` = `r`.`user_id`
LEFT JOIN `review_files` `rf` ON `rf`.`review_id` = `r`.`id`
WHERE `r`.`status` = \'pending\'
ORDER BY `r`.`created_at` DESC')
 3 SYSTEMPATH\Database\BaseConnection.php(825): CodeIgniter\Database\BaseConnection->simpleQuery('SELECT `r`.*, `p`.`project_name`, `p`.`project_code`, `s`.`shot_number`, `seq`.`seq_name`, `u`.`name` as `artist_name`, `u`.`user_profile_pic` as `artist_pic`, `vta`.`vfx_task_assignment_id`, `c`.`category_name` as `task_name`, `rf`.`proxy_path`, `rf`.`file_type`
FROM `reviews` `r`
LEFT JOIN `projects` `p` ON `p`.`project_id` = `r`.`project_id`
LEFT JOIN `project_shots` `s` ON `s`.`shot_id` = `r`.`shot_id`
LEFT JOIN `project_sequences` `seq` ON `seq`.`project_seq_id` = `s`.`project_seq_id`
LEFT JOIN `vfx_task_assignments` `vta` ON `vta`.`vfx_task_assignment_id` = `r`.`vfx_task_assignment_id`
LEFT JOIN `vfx_task_categories` `c` ON `c`.`vfx_task_category_id` = `vta`.`vfx_task_category_id`
LEFT JOIN `users` `u` ON `u`.`id` = `r`.`user_id`
LEFT JOIN `review_files` `rf` ON `rf`.`review_id` = `r`.`id`
WHERE `r`.`status` = \'pending\'
ORDER BY `r`.`created_at` DESC')
 4 SYSTEMPATH\Database\BaseBuilder.php(1647): CodeIgniter\Database\BaseConnection->query('SELECT `r`.*, `p`.`project_name`, `p`.`project_code`, `s`.`shot_number`, `seq`.`seq_name`, `u`.`name` as `artist_name`, `u`.`user_profile_pic` as `artist_pic`, `vta`.`vfx_task_assignment_id`, `c`.`category_name` as `task_name`, `rf`.`proxy_path`, `rf`.`file_type`
FROM `reviews` `r`
LEFT JOIN `projects` `p` ON `p`.`project_id` = `r`.`project_id`
LEFT JOIN `project_shots` `s` ON `s`.`shot_id` = `r`.`shot_id`
LEFT JOIN `project_sequences` `seq` ON `seq`.`project_seq_id` = `s`.`project_seq_id`
LEFT JOIN `vfx_task_assignments` `vta` ON `vta`.`vfx_task_assignment_id` = `r`.`vfx_task_assignment_id`
LEFT JOIN `vfx_task_categories` `c` ON `c`.`vfx_task_category_id` = `vta`.`vfx_task_category_id`
LEFT JOIN `users` `u` ON `u`.`id` = `r`.`user_id`
LEFT JOIN `review_files` `rf` ON `rf`.`review_id` = `r`.`id`
WHERE `r`.`status` = :r.status:
ORDER BY `r`.`created_at` DESC', [...], false)
 5 APPPATH\Controllers\Admin\Reviews.php(29): CodeIgniter\Database\BaseBuilder->get()
 6 SYSTEMPATH\CodeIgniter.php(974): App\Controllers\Admin\Reviews->index()
 7 SYSTEMPATH\CodeIgniter.php(520): CodeIgniter\CodeIgniter->runController(Object(App\Controllers\Admin\Reviews))
 8 SYSTEMPATH\CodeIgniter.php(363): CodeIgniter\CodeIgniter->handleRequest(null, Object(Config\Cache), false)
 9 SYSTEMPATH\Boot.php(417): CodeIgniter\CodeIgniter->run()
10 SYSTEMPATH\Boot.php(68): CodeIgniter\Boot::runCodeIgniter(Object(CodeIgniter\CodeIgniter))
11 FCPATH\index.php(59): CodeIgniter\Boot::bootWeb(Object(Config\Paths))
DEBUG - 2026-08-02 04:25:49 --> Session: Class initialized using 'CodeIgniter\Session\Handlers\FileHandler' driver.
ERROR - 2026-08-02 04:25:49 --> Unable to prepare statement: 1, no such table: reviews
in SYSTEMPATH\Database\SQLite3\Connection.php on line 164.
 1 SYSTEMPATH\Database\SQLite3\Connection.php(164): SQLite3->query('SELECT `r`.*, `p`.`project_name`, `p`.`project_code`, `s`.`shot_number`, `seq`.`seq_name`, `u`.`name` as `artist_name`, `u`.`user_profile_pic` as `artist_pic`, `vta`.`vfx_task_assignment_id`, `c`.`category_name` as `task_name`, `rf`.`proxy_path`, `rf`.`file_type`
FROM `reviews` `r`
LEFT JOIN `projects` `p` ON `p`.`project_id` = `r`.`project_id`
LEFT JOIN `project_shots` `s` ON `s`.`shot_id` = `r`.`shot_id`
LEFT JOIN `project_sequences` `seq` ON `seq`.`project_seq_id` = `s`.`project_seq_id`
LEFT JOIN `vfx_task_assignments` `vta` ON `vta`.`vfx_task_assignment_id` = `r`.`vfx_task_assignment_id`
LEFT JOIN `vfx_task_categories` `c` ON `c`.`vfx_task_category_id` = `vta`.`vfx_task_category_id`
LEFT JOIN `users` `u` ON `u`.`id` = `r`.`user_id`
LEFT JOIN `review_files` `rf` ON `rf`.`review_id` = `r`.`id`
WHERE `r`.`status` = \'pending\'
ORDER BY `r`.`created_at` DESC')
 2 SYSTEMPATH\Database\BaseConnection.php(908): CodeIgniter\Database\SQLite3\Connection->execute('SELECT `r`.*, `p`.`project_name`, `p`.`project_code`, `s`.`shot_number`, `seq`.`seq_name`, `u`.`name` as `artist_name`, `u`.`user_profile_pic` as `artist_pic`, `vta`.`vfx_task_assignment_id`, `c`.`category_name` as `task_name`, `rf`.`proxy_path`, `rf`.`file_type`
FROM `reviews` `r`
LEFT JOIN `projects` `p` ON `p`.`project_id` = `r`.`project_id`
LEFT JOIN `project_shots` `s` ON `s`.`shot_id` = `r`.`shot_id`
LEFT JOIN `project_sequences` `seq` ON `seq`.`project_seq_id` = `s`.`project_seq_id`
LEFT JOIN `vfx_task_assignments` `vta` ON `vta`.`vfx_task_assignment_id` = `r`.`vfx_task_assignment_id`
LEFT JOIN `vfx_task_categories` `c` ON `c`.`vfx_task_category_id` = `vta`.`vfx_task_category_id`
LEFT JOIN `users` `u` ON `u`.`id` = `r`.`user_id`
LEFT JOIN `review_files` `rf` ON `rf`.`review_id` = `r`.`id`
WHERE `r`.`status` = \'pending\'
ORDER BY `r`.`created_at` DESC')
 3 SYSTEMPATH\Database\BaseConnection.php(825): CodeIgniter\Database\BaseConnection->simpleQuery('SELECT `r`.*, `p`.`project_name`, `p`.`project_code`, `s`.`shot_number`, `seq`.`seq_name`, `u`.`name` as `artist_name`, `u`.`user_profile_pic` as `artist_pic`, `vta`.`vfx_task_assignment_id`, `c`.`category_name` as `task_name`, `rf`.`proxy_path`, `rf`.`file_type`
FROM `reviews` `r`
LEFT JOIN `projects` `p` ON `p`.`project_id` = `r`.`project_id`
LEFT JOIN `project_shots` `s` ON `s`.`shot_id` = `r`.`shot_id`
LEFT JOIN `project_sequences` `seq` ON `seq`.`project_seq_id` = `s`.`project_seq_id`
LEFT JOIN `vfx_task_assignments` `vta` ON `vta`.`vfx_task_assignment_id` = `r`.`vfx_task_assignment_id`
LEFT JOIN `vfx_task_categories` `c` ON `c`.`vfx_task_category_id` = `vta`.`vfx_task_category_id`
LEFT JOIN `users` `u` ON `u`.`id` = `r`.`user_id`
LEFT JOIN `review_files` `rf` ON `rf`.`review_id` = `r`.`id`
WHERE `r`.`status` = \'pending\'
ORDER BY `r`.`created_at` DESC')
 4 SYSTEMPATH\Database\BaseBuilder.php(1647): CodeIgniter\Database\BaseConnection->query('SELECT `r`.*, `p`.`project_name`, `p`.`project_code`, `s`.`shot_number`, `seq`.`seq_name`, `u`.`name` as `artist_name`, `u`.`user_profile_pic` as `artist_pic`, `vta`.`vfx_task_assignment_id`, `c`.`category_name` as `task_name`, `rf`.`proxy_path`, `rf`.`file_type`
FROM `reviews` `r`
LEFT JOIN `projects` `p` ON `p`.`project_id` = `r`.`project_id`
LEFT JOIN `project_shots` `s` ON `s`.`shot_id` = `r`.`shot_id`
LEFT JOIN `project_sequences` `seq` ON `seq`.`project_seq_id` = `s`.`project_seq_id`
LEFT JOIN `vfx_task_assignments` `vta` ON `vta`.`vfx_task_assignment_id` = `r`.`vfx_task_assignment_id`
LEFT JOIN `vfx_task_categories` `c` ON `c`.`vfx_task_category_id` = `vta`.`vfx_task_category_id`
LEFT JOIN `users` `u` ON `u`.`id` = `r`.`user_id`
LEFT JOIN `review_files` `rf` ON `rf`.`review_id` = `r`.`id`
WHERE `r`.`status` = :r.status:
ORDER BY `r`.`created_at` DESC', [...], false)
 5 APPPATH\Controllers\Admin\Reviews.php(29): CodeIgniter\Database\BaseBuilder->get()
 6 SYSTEMPATH\CodeIgniter.php(974): App\Controllers\Admin\Reviews->index()
 7 SYSTEMPATH\CodeIgniter.php(520): CodeIgniter\CodeIgniter->runController(Object(App\Controllers\Admin\Reviews))
 8 SYSTEMPATH\CodeIgniter.php(363): CodeIgniter\CodeIgniter->handleRequest(null, Object(Config\Cache), false)
 9 SYSTEMPATH\Boot.php(417): CodeIgniter\CodeIgniter->run()
10 SYSTEMPATH\Boot.php(68): CodeIgniter\Boot::runCodeIgniter(Object(CodeIgniter\CodeIgniter))
11 FCPATH\index.php(59): CodeIgniter\Boot::bootWeb(Object(Config\Paths))
CRITICAL - 2026-08-02 04:25:49 --> CodeIgniter\Database\Exceptions\DatabaseException: Unable to prepare statement: 1, no such table: reviews
[Method: GET, Route: admin/reviews]
in SYSTEMPATH\Database\BaseConnection.php on line 863.
 1 SYSTEMPATH\Database\BaseBuilder.php(1647): CodeIgniter\Database\BaseConnection->query('SELECT `r`.*, `p`.`project_name`, `p`.`project_code`, `s`.`shot_number`, `seq`.`seq_name`, `u`.`name` as `artist_name`, `u`.`user_profile_pic` as `artist_pic`, `vta`.`vfx_task_assignment_id`, `c`.`category_name` as `task_name`, `rf`.`proxy_path`, `rf`.`file_type`
FROM `reviews` `r`
LEFT JOIN `projects` `p` ON `p`.`project_id` = `r`.`project_id`
LEFT JOIN `project_shots` `s` ON `s`.`shot_id` = `r`.`shot_id`
LEFT JOIN `project_sequences` `seq` ON `seq`.`project_seq_id` = `s`.`project_seq_id`
LEFT JOIN `vfx_task_assignments` `vta` ON `vta`.`vfx_task_assignment_id` = `r`.`vfx_task_assignment_id`
LEFT JOIN `vfx_task_categories` `c` ON `c`.`vfx_task_category_id` = `vta`.`vfx_task_category_id`
LEFT JOIN `users` `u` ON `u`.`id` = `r`.`user_id`
LEFT JOIN `review_files` `rf` ON `rf`.`review_id` = `r`.`id`
WHERE `r`.`status` = :r.status:
ORDER BY `r`.`created_at` DESC', [...], false)
 2 APPPATH\Controllers\Admin\Reviews.php(29): CodeIgniter\Database\BaseBuilder->get()
 3 SYSTEMPATH\CodeIgniter.php(974): App\Controllers\Admin\Reviews->index()
 4 SYSTEMPATH\CodeIgniter.php(520): CodeIgniter\CodeIgniter->runController(Object(App\Controllers\Admin\Reviews))
 5 SYSTEMPATH\CodeIgniter.php(363): CodeIgniter\CodeIgniter->handleRequest(null, Object(Config\Cache), false)
 6 SYSTEMPATH\Boot.php(417): CodeIgniter\CodeIgniter->run()
 7 SYSTEMPATH\Boot.php(68): CodeIgniter\Boot::runCodeIgniter(Object(CodeIgniter\CodeIgniter))
 8 FCPATH\index.php(59): CodeIgniter\Boot::bootWeb(Object(Config\Paths))
CRITICAL - 2026-08-02 04:25:49 --> [Caused by] CodeIgniter\Database\Exceptions\DatabaseException: Unable to prepare statement: 1, no such table: reviews
in SYSTEMPATH\Database\SQLite3\Connection.php on line 174.
 1 SYSTEMPATH\Database\BaseConnection.php(908): CodeIgniter\Database\SQLite3\Connection->execute('SELECT `r`.*, `p`.`project_name`, `p`.`project_code`, `s`.`shot_number`, `seq`.`seq_name`, `u`.`name` as `artist_name`, `u`.`user_profile_pic` as `artist_pic`, `vta`.`vfx_task_assignment_id`, `c`.`category_name` as `task_name`, `rf`.`proxy_path`, `rf`.`file_type`
FROM `reviews` `r`
LEFT JOIN `projects` `p` ON `p`.`project_id` = `r`.`project_id`
LEFT JOIN `project_shots` `s` ON `s`.`shot_id` = `r`.`shot_id`
LEFT JOIN `project_sequences` `seq` ON `seq`.`project_seq_id` = `s`.`project_seq_id`
LEFT JOIN `vfx_task_assignments` `vta` ON `vta`.`vfx_task_assignment_id` = `r`.`vfx_task_assignment_id`
LEFT JOIN `vfx_task_categories` `c` ON `c`.`vfx_task_category_id` = `vta`.`vfx_task_category_id`
LEFT JOIN `users` `u` ON `u`.`id` = `r`.`user_id`
LEFT JOIN `review_files` `rf` ON `rf`.`review_id` = `r`.`id`
WHERE `r`.`status` = \'pending\'
ORDER BY `r`.`created_at` DESC')
 2 SYSTEMPATH\Database\BaseConnection.php(825): CodeIgniter\Database\BaseConnection->simpleQuery('SELECT `r`.*, `p`.`project_name`, `p`.`project_code`, `s`.`shot_number`, `seq`.`seq_name`, `u`.`name` as `artist_name`, `u`.`user_profile_pic` as `artist_pic`, `vta`.`vfx_task_assignment_id`, `c`.`category_name` as `task_name`, `rf`.`proxy_path`, `rf`.`file_type`
FROM `reviews` `r`
LEFT JOIN `projects` `p` ON `p`.`project_id` = `r`.`project_id`
LEFT JOIN `project_shots` `s` ON `s`.`shot_id` = `r`.`shot_id`
LEFT JOIN `project_sequences` `seq` ON `seq`.`project_seq_id` = `s`.`project_seq_id`
LEFT JOIN `vfx_task_assignments` `vta` ON `vta`.`vfx_task_assignment_id` = `r`.`vfx_task_assignment_id`
LEFT JOIN `vfx_task_categories` `c` ON `c`.`vfx_task_category_id` = `vta`.`vfx_task_category_id`
LEFT JOIN `users` `u` ON `u`.`id` = `r`.`user_id`
LEFT JOIN `review_files` `rf` ON `rf`.`review_id` = `r`.`id`
WHERE `r`.`status` = \'pending\'
ORDER BY `r`.`created_at` DESC')
 3 SYSTEMPATH\Database\BaseBuilder.php(1647): CodeIgniter\Database\BaseConnection->query('SELECT `r`.*, `p`.`project_name`, `p`.`project_code`, `s`.`shot_number`, `seq`.`seq_name`, `u`.`name` as `artist_name`, `u`.`user_profile_pic` as `artist_pic`, `vta`.`vfx_task_assignment_id`, `c`.`category_name` as `task_name`, `rf`.`proxy_path`, `rf`.`file_type`
FROM `reviews` `r`
LEFT JOIN `projects` `p` ON `p`.`project_id` = `r`.`project_id`
LEFT JOIN `project_shots` `s` ON `s`.`shot_id` = `r`.`shot_id`
LEFT JOIN `project_sequences` `seq` ON `seq`.`project_seq_id` = `s`.`project_seq_id`
LEFT JOIN `vfx_task_assignments` `vta` ON `vta`.`vfx_task_assignment_id` = `r`.`vfx_task_assignment_id`
LEFT JOIN `vfx_task_categories` `c` ON `c`.`vfx_task_category_id` = `vta`.`vfx_task_category_id`
LEFT JOIN `users` `u` ON `u`.`id` = `r`.`user_id`
LEFT JOIN `review_files` `rf` ON `rf`.`review_id` = `r`.`id`
WHERE `r`.`status` = :r.status:
ORDER BY `r`.`created_at` DESC', [...], false)
 4 APPPATH\Controllers\Admin\Reviews.php(29): CodeIgniter\Database\BaseBuilder->get()
 5 SYSTEMPATH\CodeIgniter.php(974): App\Controllers\Admin\Reviews->index()
 6 SYSTEMPATH\CodeIgniter.php(520): CodeIgniter\CodeIgniter->runController(Object(App\Controllers\Admin\Reviews))
 7 SYSTEMPATH\CodeIgniter.php(363): CodeIgniter\CodeIgniter->handleRequest(null, Object(Config\Cache), false)
 8 SYSTEMPATH\Boot.php(417): CodeIgniter\CodeIgniter->run()
 9 SYSTEMPATH\Boot.php(68): CodeIgniter\Boot::runCodeIgniter(Object(CodeIgniter\CodeIgniter))
10 FCPATH\index.php(59): CodeIgniter\Boot::bootWeb(Object(Config\Paths))
CRITICAL - 2026-08-02 04:25:49 --> [Caused by] Exception: Unable to prepare statement: 1, no such table: reviews
in SYSTEMPATH\Database\SQLite3\Connection.php on line 164.
 1 SYSTEMPATH\Database\SQLite3\Connection.php(164): SQLite3->query('SELECT `r`.*, `p`.`project_name`, `p`.`project_code`, `s`.`shot_number`, `seq`.`seq_name`, `u`.`name` as `artist_name`, `u`.`user_profile_pic` as `artist_pic`, `vta`.`vfx_task_assignment_id`, `c`.`category_name` as `task_name`, `rf`.`proxy_path`, `rf`.`file_type`
FROM `reviews` `r`
LEFT JOIN `projects` `p` ON `p`.`project_id` = `r`.`project_id`
LEFT JOIN `project_shots` `s` ON `s`.`shot_id` = `r`.`shot_id`
LEFT JOIN `project_sequences` `seq` ON `seq`.`project_seq_id` = `s`.`project_seq_id`
LEFT JOIN `vfx_task_assignments` `vta` ON `vta`.`vfx_task_assignment_id` = `r`.`vfx_task_assignment_id`
LEFT JOIN `vfx_task_categories` `c` ON `c`.`vfx_task_category_id` = `vta`.`vfx_task_category_id`
LEFT JOIN `users` `u` ON `u`.`id` = `r`.`user_id`
LEFT JOIN `review_files` `rf` ON `rf`.`review_id` = `r`.`id`
WHERE `r`.`status` = \'pending\'
ORDER BY `r`.`created_at` DESC')
 2 SYSTEMPATH\Database\BaseConnection.php(908): CodeIgniter\Database\SQLite3\Connection->execute('SELECT `r`.*, `p`.`project_name`, `p`.`project_code`, `s`.`shot_number`, `seq`.`seq_name`, `u`.`name` as `artist_name`, `u`.`user_profile_pic` as `artist_pic`, `vta`.`vfx_task_assignment_id`, `c`.`category_name` as `task_name`, `rf`.`proxy_path`, `rf`.`file_type`
FROM `reviews` `r`
LEFT JOIN `projects` `p` ON `p`.`project_id` = `r`.`project_id`
LEFT JOIN `project_shots` `s` ON `s`.`shot_id` = `r`.`shot_id`
LEFT JOIN `project_sequences` `seq` ON `seq`.`project_seq_id` = `s`.`project_seq_id`
LEFT JOIN `vfx_task_assignments` `vta` ON `vta`.`vfx_task_assignment_id` = `r`.`vfx_task_assignment_id`
LEFT JOIN `vfx_task_categories` `c` ON `c`.`vfx_task_category_id` = `vta`.`vfx_task_category_id`
LEFT JOIN `users` `u` ON `u`.`id` = `r`.`user_id`
LEFT JOIN `review_files` `rf` ON `rf`.`review_id` = `r`.`id`
WHERE `r`.`status` = \'pending\'
ORDER BY `r`.`created_at` DESC')
 3 SYSTEMPATH\Database\BaseConnection.php(825): CodeIgniter\Database\BaseConnection->simpleQuery('SELECT `r`.*, `p`.`project_name`, `p`.`project_code`, `s`.`shot_number`, `seq`.`seq_name`, `u`.`name` as `artist_name`, `u`.`user_profile_pic` as `artist_pic`, `vta`.`vfx_task_assignment_id`, `c`.`category_name` as `task_name`, `rf`.`proxy_path`, `rf`.`file_type`
FROM `reviews` `r`
LEFT JOIN `projects` `p` ON `p`.`project_id` = `r`.`project_id`
LEFT JOIN `project_shots` `s` ON `s`.`shot_id` = `r`.`shot_id`
LEFT JOIN `project_sequences` `seq` ON `seq`.`project_seq_id` = `s`.`project_seq_id`
LEFT JOIN `vfx_task_assignments` `vta` ON `vta`.`vfx_task_assignment_id` = `r`.`vfx_task_assignment_id`
LEFT JOIN `vfx_task_categories` `c` ON `c`.`vfx_task_category_id` = `vta`.`vfx_task_category_id`
LEFT JOIN `users` `u` ON `u`.`id` = `r`.`user_id`
LEFT JOIN `review_files` `rf` ON `rf`.`review_id` = `r`.`id`
WHERE `r`.`status` = \'pending\'
ORDER BY `r`.`created_at` DESC')
 4 SYSTEMPATH\Database\BaseBuilder.php(1647): CodeIgniter\Database\BaseConnection->query('SELECT `r`.*, `p`.`project_name`, `p`.`project_code`, `s`.`shot_number`, `seq`.`seq_name`, `u`.`name` as `artist_name`, `u`.`user_profile_pic` as `artist_pic`, `vta`.`vfx_task_assignment_id`, `c`.`category_name` as `task_name`, `rf`.`proxy_path`, `rf`.`file_type`
FROM `reviews` `r`
LEFT JOIN `projects` `p` ON `p`.`project_id` = `r`.`project_id`
LEFT JOIN `project_shots` `s` ON `s`.`shot_id` = `r`.`shot_id`
LEFT JOIN `project_sequences` `seq` ON `seq`.`project_seq_id` = `s`.`project_seq_id`
LEFT JOIN `vfx_task_assignments` `vta` ON `vta`.`vfx_task_assignment_id` = `r`.`vfx_task_assignment_id`
LEFT JOIN `vfx_task_categories` `c` ON `c`.`vfx_task_category_id` = `vta`.`vfx_task_category_id`
LEFT JOIN `users` `u` ON `u`.`id` = `r`.`user_id`
LEFT JOIN `review_files` `rf` ON `rf`.`review_id` = `r`.`id`
WHERE `r`.`status` = :r.status:
ORDER BY `r`.`created_at` DESC', [...], false)
 5 APPPATH\Controllers\Admin\Reviews.php(29): CodeIgniter\Database\BaseBuilder->get()
 6 SYSTEMPATH\CodeIgniter.php(974): App\Controllers\Admin\Reviews->index()
 7 SYSTEMPATH\CodeIgniter.php(520): CodeIgniter\CodeIgniter->runController(Object(App\Controllers\Admin\Reviews))
 8 SYSTEMPATH\CodeIgniter.php(363): CodeIgniter\CodeIgniter->handleRequest(null, Object(Config\Cache), false)
 9 SYSTEMPATH\Boot.php(417): CodeIgniter\CodeIgniter->run()
10 SYSTEMPATH\Boot.php(68): CodeIgniter\Boot::runCodeIgniter(Object(CodeIgniter\CodeIgniter))
11 FCPATH\index.php(59): CodeIgniter\Boot::bootWeb(Object(Config\Paths))
DEBUG - 2026-08-02 04:25:50 --> Session: Class initialized using 'CodeIgniter\Session\Handlers\FileHandler' driver.
DEBUG - 2026-08-02 04:25:52 --> Session: Class initialized using 'CodeIgniter\Session\Handlers\FileHandler' driver.
DEBUG - 2026-08-02 04:25:53 --> Session: Class initialized using 'CodeIgniter\Session\Handlers\FileHandler' driver.
ERROR - 2026-08-02 04:25:53 --> Unable to prepare statement: 1, no such table: reviews
in SYSTEMPATH\Database\SQLite3\Connection.php on line 164.
 1 SYSTEMPATH\Database\SQLite3\Connection.php(164): SQLite3->query('SELECT `r`.*, `p`.`project_name`, `p`.`project_code`, `s`.`shot_number`, `seq`.`seq_name`, `u`.`name` as `artist_name`, `u`.`user_profile_pic` as `artist_pic`, `vta`.`vfx_task_assignment_id`, `c`.`category_name` as `task_name`, `rf`.`proxy_path`, `rf`.`file_type`
FROM `reviews` `r`
LEFT JOIN `projects` `p` ON `p`.`project_id` = `r`.`project_id`
LEFT JOIN `project_shots` `s` ON `s`.`shot_id` = `r`.`shot_id`
LEFT JOIN `project_sequences` `seq` ON `seq`.`project_seq_id` = `s`.`project_seq_id`
LEFT JOIN `vfx_task_assignments` `vta` ON `vta`.`vfx_task_assignment_id` = `r`.`vfx_task_assignment_id`
LEFT JOIN `vfx_task_categories` `c` ON `c`.`vfx_task_category_id` = `vta`.`vfx_task_category_id`
LEFT JOIN `users` `u` ON `u`.`id` = `r`.`user_id`
LEFT JOIN `review_files` `rf` ON `rf`.`review_id` = `r`.`id`
WHERE `r`.`status` = \'pending\'
ORDER BY `r`.`created_at` DESC')
 2 SYSTEMPATH\Database\BaseConnection.php(908): CodeIgniter\Database\SQLite3\Connection->execute('SELECT `r`.*, `p`.`project_name`, `p`.`project_code`, `s`.`shot_number`, `seq`.`seq_name`, `u`.`name` as `artist_name`, `u`.`user_profile_pic` as `artist_pic`, `vta`.`vfx_task_assignment_id`, `c`.`category_name` as `task_name`, `rf`.`proxy_path`, `rf`.`file_type`
FROM `reviews` `r`
LEFT JOIN `projects` `p` ON `p`.`project_id` = `r`.`project_id`
LEFT JOIN `project_shots` `s` ON `s`.`shot_id` = `r`.`shot_id`
LEFT JOIN `project_sequences` `seq` ON `seq`.`project_seq_id` = `s`.`project_seq_id`
LEFT JOIN `vfx_task_assignments` `vta` ON `vta`.`vfx_task_assignment_id` = `r`.`vfx_task_assignment_id`
LEFT JOIN `vfx_task_categories` `c` ON `c`.`vfx_task_category_id` = `vta`.`vfx_task_category_id`
LEFT JOIN `users` `u` ON `u`.`id` = `r`.`user_id`
LEFT JOIN `review_files` `rf` ON `rf`.`review_id` = `r`.`id`
WHERE `r`.`status` = \'pending\'
ORDER BY `r`.`created_at` DESC')
 3 SYSTEMPATH\Database\BaseConnection.php(825): CodeIgniter\Database\BaseConnection->simpleQuery('SELECT `r`.*, `p`.`project_name`, `p`.`project_code`, `s`.`shot_number`, `seq`.`seq_name`, `u`.`name` as `artist_name`, `u`.`user_profile_pic` as `artist_pic`, `vta`.`vfx_task_assignment_id`, `c`.`category_name` as `task_name`, `rf`.`proxy_path`, `rf`.`file_type`
FROM `reviews` `r`
LEFT JOIN `projects` `p` ON `p`.`project_id` = `r`.`project_id`
LEFT JOIN `project_shots` `s` ON `s`.`shot_id` = `r`.`shot_id`
LEFT JOIN `project_sequences` `seq` ON `seq`.`project_seq_id` = `s`.`project_seq_id`
LEFT JOIN `vfx_task_assignments` `vta` ON `vta`.`vfx_task_assignment_id` = `r`.`vfx_task_assignment_id`
LEFT JOIN `vfx_task_categories` `c` ON `c`.`vfx_task_category_id` = `vta`.`vfx_task_category_id`
LEFT JOIN `users` `u` ON `u`.`id` = `r`.`user_id`
LEFT JOIN `review_files` `rf` ON `rf`.`review_id` = `r`.`id`
WHERE `r`.`status` = \'pending\'
ORDER BY `r`.`created_at` DESC')
 4 SYSTEMPATH\Database\BaseBuilder.php(1647): CodeIgniter\Database\BaseConnection->query('SELECT `r`.*, `p`.`project_name`, `p`.`project_code`, `s`.`shot_number`, `seq`.`seq_name`, `u`.`name` as `artist_name`, `u`.`user_profile_pic` as `artist_pic`, `vta`.`vfx_task_assignment_id`, `c`.`category_name` as `task_name`, `rf`.`proxy_path`, `rf`.`file_type`
FROM `reviews` `r`
LEFT JOIN `projects` `p` ON `p`.`project_id` = `r`.`project_id`
LEFT JOIN `project_shots` `s` ON `s`.`shot_id` = `r`.`shot_id`
LEFT JOIN `project_sequences` `seq` ON `seq`.`project_seq_id` = `s`.`project_seq_id`
LEFT JOIN `vfx_task_assignments` `vta` ON `vta`.`vfx_task_assignment_id` = `r`.`vfx_task_assignment_id`
LEFT JOIN `vfx_task_categories` `c` ON `c`.`vfx_task_category_id` = `vta`.`vfx_task_category_id`
LEFT JOIN `users` `u` ON `u`.`id` = `r`.`user_id`
LEFT JOIN `review_files` `rf` ON `rf`.`review_id` = `r`.`id`
WHERE `r`.`status` = :r.status:
ORDER BY `r`.`created_at` DESC', [...], false)
 5 APPPATH\Controllers\Admin\Reviews.php(29): CodeIgniter\Database\BaseBuilder->get()
 6 SYSTEMPATH\CodeIgniter.php(974): App\Controllers\Admin\Reviews->index()
 7 SYSTEMPATH\CodeIgniter.php(520): CodeIgniter\CodeIgniter->runController(Object(App\Controllers\Admin\Reviews))
 8 SYSTEMPATH\CodeIgniter.php(363): CodeIgniter\CodeIgniter->handleRequest(null, Object(Config\Cache), false)
 9 SYSTEMPATH\Boot.php(417): CodeIgniter\CodeIgniter->run()
10 SYSTEMPATH\Boot.php(68): CodeIgniter\Boot::runCodeIgniter(Object(CodeIgniter\CodeIgniter))
11 FCPATH\index.php(59): CodeIgniter\Boot::bootWeb(Object(Config\Paths))
CRITICAL - 2026-08-02 04:25:53 --> CodeIgniter\Database\Exceptions\DatabaseException: Unable to prepare statement: 1, no such table: reviews
[Method: GET, Route: admin/reviews]
in SYSTEMPATH\Database\BaseConnection.php on line 863.
 1 SYSTEMPATH\Database\BaseBuilder.php(1647): CodeIgniter\Database\BaseConnection->query('SELECT `r`.*, `p`.`project_name`, `p`.`project_code`, `s`.`shot_number`, `seq`.`seq_name`, `u`.`name` as `artist_name`, `u`.`user_profile_pic` as `artist_pic`, `vta`.`vfx_task_assignment_id`, `c`.`category_name` as `task_name`, `rf`.`proxy_path`, `rf`.`file_type`
FROM `reviews` `r`
LEFT JOIN `projects` `p` ON `p`.`project_id` = `r`.`project_id`
LEFT JOIN `project_shots` `s` ON `s`.`shot_id` = `r`.`shot_id`
LEFT JOIN `project_sequences` `seq` ON `seq`.`project_seq_id` = `s`.`project_seq_id`
LEFT JOIN `vfx_task_assignments` `vta` ON `vta`.`vfx_task_assignment_id` = `r`.`vfx_task_assignment_id`
LEFT JOIN `vfx_task_categories` `c` ON `c`.`vfx_task_category_id` = `vta`.`vfx_task_category_id`
LEFT JOIN `users` `u` ON `u`.`id` = `r`.`user_id`
LEFT JOIN `review_files` `rf` ON `rf`.`review_id` = `r`.`id`
WHERE `r`.`status` = :r.status:
ORDER BY `r`.`created_at` DESC', [...], false)
 2 APPPATH\Controllers\Admin\Reviews.php(29): CodeIgniter\Database\BaseBuilder->get()
 3 SYSTEMPATH\CodeIgniter.php(974): App\Controllers\Admin\Reviews->index()
 4 SYSTEMPATH\CodeIgniter.php(520): CodeIgniter\CodeIgniter->runController(Object(App\Controllers\Admin\Reviews))
 5 SYSTEMPATH\CodeIgniter.php(363): CodeIgniter\CodeIgniter->handleRequest(null, Object(Config\Cache), false)
 6 SYSTEMPATH\Boot.php(417): CodeIgniter\CodeIgniter->run()
 7 SYSTEMPATH\Boot.php(68): CodeIgniter\Boot::runCodeIgniter(Object(CodeIgniter\CodeIgniter))
 8 FCPATH\index.php(59): CodeIgniter\Boot::bootWeb(Object(Config\Paths))
CRITICAL - 2026-08-02 04:25:53 --> [Caused by] CodeIgniter\Database\Exceptions\DatabaseException: Unable to prepare statement: 1, no such table: reviews
in SYSTEMPATH\Database\SQLite3\Connection.php on line 174.
 1 SYSTEMPATH\Database\BaseConnection.php(908): CodeIgniter\Database\SQLite3\Connection->execute('SELECT `r`.*, `p`.`project_name`, `p`.`project_code`, `s`.`shot_number`, `seq`.`seq_name`, `u`.`name` as `artist_name`, `u`.`user_profile_pic` as `artist_pic`, `vta`.`vfx_task_assignment_id`, `c`.`category_name` as `task_name`, `rf`.`proxy_path`, `rf`.`file_type`
FROM `reviews` `r`
LEFT JOIN `projects` `p` ON `p`.`project_id` = `r`.`project_id`
LEFT JOIN `project_shots` `s` ON `s`.`shot_id` = `r`.`shot_id`
LEFT JOIN `project_sequences` `seq` ON `seq`.`project_seq_id` = `s`.`project_seq_id`
LEFT JOIN `vfx_task_assignments` `vta` ON `vta`.`vfx_task_assignment_id` = `r`.`vfx_task_assignment_id`
LEFT JOIN `vfx_task_categories` `c` ON `c`.`vfx_task_category_id` = `vta`.`vfx_task_category_id`
LEFT JOIN `users` `u` ON `u`.`id` = `r`.`user_id`
LEFT JOIN `review_files` `rf` ON `rf`.`review_id` = `r`.`id`
WHERE `r`.`status` = \'pending\'
ORDER BY `r`.`created_at` DESC')
 2 SYSTEMPATH\Database\BaseConnection.php(825): CodeIgniter\Database\BaseConnection->simpleQuery('SELECT `r`.*, `p`.`project_name`, `p`.`project_code`, `s`.`shot_number`, `seq`.`seq_name`, `u`.`name` as `artist_name`, `u`.`user_profile_pic` as `artist_pic`, `vta`.`vfx_task_assignment_id`, `c`.`category_name` as `task_name`, `rf`.`proxy_path`, `rf`.`file_type`
FROM `reviews` `r`
LEFT JOIN `projects` `p` ON `p`.`project_id` = `r`.`project_id`
LEFT JOIN `project_shots` `s` ON `s`.`shot_id` = `r`.`shot_id`
LEFT JOIN `project_sequences` `seq` ON `seq`.`project_seq_id` = `s`.`project_seq_id`
LEFT JOIN `vfx_task_assignments` `vta` ON `vta`.`vfx_task_assignment_id` = `r`.`vfx_task_assignment_id`
LEFT JOIN `vfx_task_categories` `c` ON `c`.`vfx_task_category_id` = `vta`.`vfx_task_category_id`
LEFT JOIN `users` `u` ON `u`.`id` = `r`.`user_id`
LEFT JOIN `review_files` `rf` ON `rf`.`review_id` = `r`.`id`
WHERE `r`.`status` = \'pending\'
ORDER BY `r`.`created_at` DESC')
 3 SYSTEMPATH\Database\BaseBuilder.php(1647): CodeIgniter\Database\BaseConnection->query('SELECT `r`.*, `p`.`project_name`, `p`.`project_code`, `s`.`shot_number`, `seq`.`seq_name`, `u`.`name` as `artist_name`, `u`.`user_profile_pic` as `artist_pic`, `vta`.`vfx_task_assignment_id`, `c`.`category_name` as `task_name`, `rf`.`proxy_path`, `rf`.`file_type`
FROM `reviews` `r`
LEFT JOIN `projects` `p` ON `p`.`project_id` = `r`.`project_id`
LEFT JOIN `project_shots` `s` ON `s`.`shot_id` = `r`.`shot_id`
LEFT JOIN `project_sequences` `seq` ON `seq`.`project_seq_id` = `s`.`project_seq_id`
LEFT JOIN `vfx_task_assignments` `vta` ON `vta`.`vfx_task_assignment_id` = `r`.`vfx_task_assignment_id`
LEFT JOIN `vfx_task_categories` `c` ON `c`.`vfx_task_category_id` = `vta`.`vfx_task_category_id`
LEFT JOIN `users` `u` ON `u`.`id` = `r`.`user_id`
LEFT JOIN `review_files` `rf` ON `rf`.`review_id` = `r`.`id`
WHERE `r`.`status` = :r.status:
ORDER BY `r`.`created_at` DESC', [...], false)
 4 APPPATH\Controllers\Admin\Reviews.php(29): CodeIgniter\Database\BaseBuilder->get()
 5 SYSTEMPATH\CodeIgniter.php(974): App\Controllers\Admin\Reviews->index()
 6 SYSTEMPATH\CodeIgniter.php(520): CodeIgniter\CodeIgniter->runController(Object(App\Controllers\Admin\Reviews))
 7 SYSTEMPATH\CodeIgniter.php(363): CodeIgniter\CodeIgniter->handleRequest(null, Object(Config\Cache), false)
 8 SYSTEMPATH\Boot.php(417): CodeIgniter\CodeIgniter->run()
 9 SYSTEMPATH\Boot.php(68): CodeIgniter\Boot::runCodeIgniter(Object(CodeIgniter\CodeIgniter))
10 FCPATH\index.php(59): CodeIgniter\Boot::bootWeb(Object(Config\Paths))
CRITICAL - 2026-08-02 04:25:53 --> [Caused by] Exception: Unable to prepare statement: 1, no such table: reviews
in SYSTEMPATH\Database\SQLite3\Connection.php on line 164.
 1 SYSTEMPATH\Database\SQLite3\Connection.php(164): SQLite3->query('SELECT `r`.*, `p`.`project_name`, `p`.`project_code`, `s`.`shot_number`, `seq`.`seq_name`, `u`.`name` as `artist_name`, `u`.`user_profile_pic` as `artist_pic`, `vta`.`vfx_task_assignment_id`, `c`.`category_name` as `task_name`, `rf`.`proxy_path`, `rf`.`file_type`
FROM `reviews` `r`
LEFT JOIN `projects` `p` ON `p`.`project_id` = `r`.`project_id`
LEFT JOIN `project_shots` `s` ON `s`.`shot_id` = `r`.`shot_id`
LEFT JOIN `project_sequences` `seq` ON `seq`.`project_seq_id` = `s`.`project_seq_id`
LEFT JOIN `vfx_task_assignments` `vta` ON `vta`.`vfx_task_assignment_id` = `r`.`vfx_task_assignment_id`
LEFT JOIN `vfx_task_categories` `c` ON `c`.`vfx_task_category_id` = `vta`.`vfx_task_category_id`
LEFT JOIN `users` `u` ON `u`.`id` = `r`.`user_id`
LEFT JOIN `review_files` `rf` ON `rf`.`review_id` = `r`.`id`
WHERE `r`.`status` = \'pending\'
ORDER BY `r`.`created_at` DESC')
 2 SYSTEMPATH\Database\BaseConnection.php(908): CodeIgniter\Database\SQLite3\Connection->execute('SELECT `r`.*, `p`.`project_name`, `p`.`project_code`, `s`.`shot_number`, `seq`.`seq_name`, `u`.`name` as `artist_name`, `u`.`user_profile_pic` as `artist_pic`, `vta`.`vfx_task_assignment_id`, `c`.`category_name` as `task_name`, `rf`.`proxy_path`, `rf`.`file_type`
FROM `reviews` `r`
LEFT JOIN `projects` `p` ON `p`.`project_id` = `r`.`project_id`
LEFT JOIN `project_shots` `s` ON `s`.`shot_id` = `r`.`shot_id`
LEFT JOIN `project_sequences` `seq` ON `seq`.`project_seq_id` = `s`.`project_seq_id`
LEFT JOIN `vfx_task_assignments` `vta` ON `vta`.`vfx_task_assignment_id` = `r`.`vfx_task_assignment_id`
LEFT JOIN `vfx_task_categories` `c` ON `c`.`vfx_task_category_id` = `vta`.`vfx_task_category_id`
LEFT JOIN `users` `u` ON `u`.`id` = `r`.`user_id`
LEFT JOIN `review_files` `rf` ON `rf`.`review_id` = `r`.`id`
WHERE `r`.`status` = \'pending\'
ORDER BY `r`.`created_at` DESC')
 3 SYSTEMPATH\Database\BaseConnection.php(825): CodeIgniter\Database\BaseConnection->simpleQuery('SELECT `r`.*, `p`.`project_name`, `p`.`project_code`, `s`.`shot_number`, `seq`.`seq_name`, `u`.`name` as `artist_name`, `u`.`user_profile_pic` as `artist_pic`, `vta`.`vfx_task_assignment_id`, `c`.`category_name` as `task_name`, `rf`.`proxy_path`, `rf`.`file_type`
FROM `reviews` `r`
LEFT JOIN `projects` `p` ON `p`.`project_id` = `r`.`project_id`
LEFT JOIN `project_shots` `s` ON `s`.`shot_id` = `r`.`shot_id`
LEFT JOIN `project_sequences` `seq` ON `seq`.`project_seq_id` = `s`.`project_seq_id`
LEFT JOIN `vfx_task_assignments` `vta` ON `vta`.`vfx_task_assignment_id` = `r`.`vfx_task_assignment_id`
LEFT JOIN `vfx_task_categories` `c` ON `c`.`vfx_task_category_id` = `vta`.`vfx_task_category_id`
LEFT JOIN `users` `u` ON `u`.`id` = `r`.`user_id`
LEFT JOIN `review_files` `rf` ON `rf`.`review_id` = `r`.`id`
WHERE `r`.`status` = \'pending\'
ORDER BY `r`.`created_at` DESC')
 4 SYSTEMPATH\Database\BaseBuilder.php(1647): CodeIgniter\Database\BaseConnection->query('SELECT `r`.*, `p`.`project_name`, `p`.`project_code`, `s`.`shot_number`, `seq`.`seq_name`, `u`.`name` as `artist_name`, `u`.`user_profile_pic` as `artist_pic`, `vta`.`vfx_task_assignment_id`, `c`.`category_name` as `task_name`, `rf`.`proxy_path`, `rf`.`file_type`
FROM `reviews` `r`
LEFT JOIN `projects` `p` ON `p`.`project_id` = `r`.`project_id`
LEFT JOIN `project_shots` `s` ON `s`.`shot_id` = `r`.`shot_id`
LEFT JOIN `project_sequences` `seq` ON `seq`.`project_seq_id` = `s`.`project_seq_id`
LEFT JOIN `vfx_task_assignments` `vta` ON `vta`.`vfx_task_assignment_id` = `r`.`vfx_task_assignment_id`
LEFT JOIN `vfx_task_categories` `c` ON `c`.`vfx_task_category_id` = `vta`.`vfx_task_category_id`
LEFT JOIN `users` `u` ON `u`.`id` = `r`.`user_id`
LEFT JOIN `review_files` `rf` ON `rf`.`review_id` = `r`.`id`
WHERE `r`.`status` = :r.status:
ORDER BY `r`.`created_at` DESC', [...], false)
 5 APPPATH\Controllers\Admin\Reviews.php(29): CodeIgniter\Database\BaseBuilder->get()
 6 SYSTEMPATH\CodeIgniter.php(974): App\Controllers\Admin\Reviews->index()
 7 SYSTEMPATH\CodeIgniter.php(520): CodeIgniter\CodeIgniter->runController(Object(App\Controllers\Admin\Reviews))
 8 SYSTEMPATH\CodeIgniter.php(363): CodeIgniter\CodeIgniter->handleRequest(null, Object(Config\Cache), false)
 9 SYSTEMPATH\Boot.php(417): CodeIgniter\CodeIgniter->run()
10 SYSTEMPATH\Boot.php(68): CodeIgniter\Boot::runCodeIgniter(Object(CodeIgniter\CodeIgniter))
11 FCPATH\index.php(59): CodeIgniter\Boot::bootWeb(Object(Config\Paths))
DEBUG - 2026-08-02 04:25:54 --> Session: Class initialized using 'CodeIgniter\Session\Handlers\FileHandler' driver.
ERROR - 2026-08-02 04:25:54 --> Unable to prepare statement: 1, no such table: reviews
in SYSTEMPATH\Database\SQLite3\Connection.php on line 164.
 1 SYSTEMPATH\Database\SQLite3\Connection.php(164): SQLite3->query('SELECT `r`.*, `p`.`project_name`, `p`.`project_code`, `s`.`shot_number`, `seq`.`seq_name`, `u`.`name` as `artist_name`, `u`.`user_profile_pic` as `artist_pic`, `vta`.`vfx_task_assignment_id`, `c`.`category_name` as `task_name`, `rf`.`proxy_path`, `rf`.`file_type`
FROM `reviews` `r`
LEFT JOIN `projects` `p` ON `p`.`project_id` = `r`.`project_id`
LEFT JOIN `project_shots` `s` ON `s`.`shot_id` = `r`.`shot_id`
LEFT JOIN `project_sequences` `seq` ON `seq`.`project_seq_id` = `s`.`project_seq_id`
LEFT JOIN `vfx_task_assignments` `vta` ON `vta`.`vfx_task_assignment_id` = `r`.`vfx_task_assignment_id`
LEFT JOIN `vfx_task_categories` `c` ON `c`.`vfx_task_category_id` = `vta`.`vfx_task_category_id`
LEFT JOIN `users` `u` ON `u`.`id` = `r`.`user_id`
LEFT JOIN `review_files` `rf` ON `rf`.`review_id` = `r`.`id`
WHERE `r`.`status` = \'pending\'
ORDER BY `r`.`created_at` DESC')
 2 SYSTEMPATH\Database\BaseConnection.php(908): CodeIgniter\Database\SQLite3\Connection->execute('SELECT `r`.*, `p`.`project_name`, `p`.`project_code`, `s`.`shot_number`, `seq`.`seq_name`, `u`.`name` as `artist_name`, `u`.`user_profile_pic` as `artist_pic`, `vta`.`vfx_task_assignment_id`, `c`.`category_name` as `task_name`, `rf`.`proxy_path`, `rf`.`file_type`
FROM `reviews` `r`
LEFT JOIN `projects` `p` ON `p`.`project_id` = `r`.`project_id`
LEFT JOIN `project_shots` `s` ON `s`.`shot_id` = `r`.`shot_id`
LEFT JOIN `project_sequences` `seq` ON `seq`.`project_seq_id` = `s`.`project_seq_id`
LEFT JOIN `vfx_task_assignments` `vta` ON `vta`.`vfx_task_assignment_id` = `r`.`vfx_task_assignment_id`
LEFT JOIN `vfx_task_categories` `c` ON `c`.`vfx_task_category_id` = `vta`.`vfx_task_category_id`
LEFT JOIN `users` `u` ON `u`.`id` = `r`.`user_id`
LEFT JOIN `review_files` `rf` ON `rf`.`review_id` = `r`.`id`
WHERE `r`.`status` = \'pending\'
ORDER BY `r`.`created_at` DESC')
 3 SYSTEMPATH\Database\BaseConnection.php(825): CodeIgniter\Database\BaseConnection->simpleQuery('SELECT `r`.*, `p`.`project_name`, `p`.`project_code`, `s`.`shot_number`, `seq`.`seq_name`, `u`.`name` as `artist_name`, `u`.`user_profile_pic` as `artist_pic`, `vta`.`vfx_task_assignment_id`, `c`.`category_name` as `task_name`, `rf`.`proxy_path`, `rf`.`file_type`
FROM `reviews` `r`
LEFT JOIN `projects` `p` ON `p`.`project_id` = `r`.`project_id`
LEFT JOIN `project_shots` `s` ON `s`.`shot_id` = `r`.`shot_id`
LEFT JOIN `project_sequences` `seq` ON `seq`.`project_seq_id` = `s`.`project_seq_id`
LEFT JOIN `vfx_task_assignments` `vta` ON `vta`.`vfx_task_assignment_id` = `r`.`vfx_task_assignment_id`
LEFT JOIN `vfx_task_categories` `c` ON `c`.`vfx_task_category_id` = `vta`.`vfx_task_category_id`
LEFT JOIN `users` `u` ON `u`.`id` = `r`.`user_id`
LEFT JOIN `review_files` `rf` ON `rf`.`review_id` = `r`.`id`
WHERE `r`.`status` = \'pending\'
ORDER BY `r`.`created_at` DESC')
 4 SYSTEMPATH\Database\BaseBuilder.php(1647): CodeIgniter\Database\BaseConnection->query('SELECT `r`.*, `p`.`project_name`, `p`.`project_code`, `s`.`shot_number`, `seq`.`seq_name`, `u`.`name` as `artist_name`, `u`.`user_profile_pic` as `artist_pic`, `vta`.`vfx_task_assignment_id`, `c`.`category_name` as `task_name`, `rf`.`proxy_path`, `rf`.`file_type`
FROM `reviews` `r`
LEFT JOIN `projects` `p` ON `p`.`project_id` = `r`.`project_id`
LEFT JOIN `project_shots` `s` ON `s`.`shot_id` = `r`.`shot_id`
LEFT JOIN `project_sequences` `seq` ON `seq`.`project_seq_id` = `s`.`project_seq_id`
LEFT JOIN `vfx_task_assignments` `vta` ON `vta`.`vfx_task_assignment_id` = `r`.`vfx_task_assignment_id`
LEFT JOIN `vfx_task_categories` `c` ON `c`.`vfx_task_category_id` = `vta`.`vfx_task_category_id`
LEFT JOIN `users` `u` ON `u`.`id` = `r`.`user_id`
LEFT JOIN `review_files` `rf` ON `rf`.`review_id` = `r`.`id`
WHERE `r`.`status` = :r.status:
ORDER BY `r`.`created_at` DESC', [...], false)
 5 APPPATH\Controllers\Admin\Reviews.php(29): CodeIgniter\Database\BaseBuilder->get()
 6 SYSTEMPATH\CodeIgniter.php(974): App\Controllers\Admin\Reviews->index()
 7 SYSTEMPATH\CodeIgniter.php(520): CodeIgniter\CodeIgniter->runController(Object(App\Controllers\Admin\Reviews))
 8 SYSTEMPATH\CodeIgniter.php(363): CodeIgniter\CodeIgniter->handleRequest(null, Object(Config\Cache), false)
 9 SYSTEMPATH\Boot.php(417): CodeIgniter\CodeIgniter->run()
10 SYSTEMPATH\Boot.php(68): CodeIgniter\Boot::runCodeIgniter(Object(CodeIgniter\CodeIgniter))
11 FCPATH\index.php(59): CodeIgniter\Boot::bootWeb(Object(Config\Paths))
CRITICAL - 2026-08-02 04:25:54 --> CodeIgniter\Database\Exceptions\DatabaseException: Unable to prepare statement: 1, no such table: reviews
[Method: GET, Route: admin/reviews]
in SYSTEMPATH\Database\BaseConnection.php on line 863.
 1 SYSTEMPATH\Database\BaseBuilder.php(1647): CodeIgniter\Database\BaseConnection->query('SELECT `r`.*, `p`.`project_name`, `p`.`project_code`, `s`.`shot_number`, `seq`.`seq_name`, `u`.`name` as `artist_name`, `u`.`user_profile_pic` as `artist_pic`, `vta`.`vfx_task_assignment_id`, `c`.`category_name` as `task_name`, `rf`.`proxy_path`, `rf`.`file_type`
FROM `reviews` `r`
LEFT JOIN `projects` `p` ON `p`.`project_id` = `r`.`project_id`
LEFT JOIN `project_shots` `s` ON `s`.`shot_id` = `r`.`shot_id`
LEFT JOIN `project_sequences` `seq` ON `seq`.`project_seq_id` = `s`.`project_seq_id`
LEFT JOIN `vfx_task_assignments` `vta` ON `vta`.`vfx_task_assignment_id` = `r`.`vfx_task_assignment_id`
LEFT JOIN `vfx_task_categories` `c` ON `c`.`vfx_task_category_id` = `vta`.`vfx_task_category_id`
LEFT JOIN `users` `u` ON `u`.`id` = `r`.`user_id`
LEFT JOIN `review_files` `rf` ON `rf`.`review_id` = `r`.`id`
WHERE `r`.`status` = :r.status:
ORDER BY `r`.`created_at` DESC', [...], false)
 2 APPPATH\Controllers\Admin\Reviews.php(29): CodeIgniter\Database\BaseBuilder->get()
 3 SYSTEMPATH\CodeIgniter.php(974): App\Controllers\Admin\Reviews->index()
 4 SYSTEMPATH\CodeIgniter.php(520): CodeIgniter\CodeIgniter->runController(Object(App\Controllers\Admin\Reviews))
 5 SYSTEMPATH\CodeIgniter.php(363): CodeIgniter\CodeIgniter->handleRequest(null, Object(Config\Cache), false)
 6 SYSTEMPATH\Boot.php(417): CodeIgniter\CodeIgniter->run()
 7 SYSTEMPATH\Boot.php(68): CodeIgniter\Boot::runCodeIgniter(Object(CodeIgniter\CodeIgniter))
 8 FCPATH\index.php(59): CodeIgniter\Boot::bootWeb(Object(Config\Paths))
CRITICAL - 2026-08-02 04:25:54 --> [Caused by] CodeIgniter\Database\Exceptions\DatabaseException: Unable to prepare statement: 1, no such table: reviews
in SYSTEMPATH\Database\SQLite3\Connection.php on line 174.
 1 SYSTEMPATH\Database\BaseConnection.php(908): CodeIgniter\Database\SQLite3\Connection->execute('SELECT `r`.*, `p`.`project_name`, `p`.`project_code`, `s`.`shot_number`, `seq`.`seq_name`, `u`.`name` as `artist_name`, `u`.`user_profile_pic` as `artist_pic`, `vta`.`vfx_task_assignment_id`, `c`.`category_name` as `task_name`, `rf`.`proxy_path`, `rf`.`file_type`
FROM `reviews` `r`
LEFT JOIN `projects` `p` ON `p`.`project_id` = `r`.`project_id`
LEFT JOIN `project_shots` `s` ON `s`.`shot_id` = `r`.`shot_id`
LEFT JOIN `project_sequences` `seq` ON `seq`.`project_seq_id` = `s`.`project_seq_id`
LEFT JOIN `vfx_task_assignments` `vta` ON `vta`.`vfx_task_assignment_id` = `r`.`vfx_task_assignment_id`
LEFT JOIN `vfx_task_categories` `c` ON `c`.`vfx_task_category_id` = `vta`.`vfx_task_category_id`
LEFT JOIN `users` `u` ON `u`.`id` = `r`.`user_id`
LEFT JOIN `review_files` `rf` ON `rf`.`review_id` = `r`.`id`
WHERE `r`.`status` = \'pending\'
ORDER BY `r`.`created_at` DESC')
 2 SYSTEMPATH\Database\BaseConnection.php(825): CodeIgniter\Database\BaseConnection->simpleQuery('SELECT `r`.*, `p`.`project_name`, `p`.`project_code`, `s`.`shot_number`, `seq`.`seq_name`, `u`.`name` as `artist_name`, `u`.`user_profile_pic` as `artist_pic`, `vta`.`vfx_task_assignment_id`, `c`.`category_name` as `task_name`, `rf`.`proxy_path`, `rf`.`file_type`
FROM `reviews` `r`
LEFT JOIN `projects` `p` ON `p`.`project_id` = `r`.`project_id`
LEFT JOIN `project_shots` `s` ON `s`.`shot_id` = `r`.`shot_id`
LEFT JOIN `project_sequences` `seq` ON `seq`.`project_seq_id` = `s`.`project_seq_id`
LEFT JOIN `vfx_task_assignments` `vta` ON `vta`.`vfx_task_assignment_id` = `r`.`vfx_task_assignment_id`
LEFT JOIN `vfx_task_categories` `c` ON `c`.`vfx_task_category_id` = `vta`.`vfx_task_category_id`
LEFT JOIN `users` `u` ON `u`.`id` = `r`.`user_id`
LEFT JOIN `review_files` `rf` ON `rf`.`review_id` = `r`.`id`
WHERE `r`.`status` = \'pending\'
ORDER BY `r`.`created_at` DESC')
 3 SYSTEMPATH\Database\BaseBuilder.php(1647): CodeIgniter\Database\BaseConnection->query('SELECT `r`.*, `p`.`project_name`, `p`.`project_code`, `s`.`shot_number`, `seq`.`seq_name`, `u`.`name` as `artist_name`, `u`.`user_profile_pic` as `artist_pic`, `vta`.`vfx_task_assignment_id`, `c`.`category_name` as `task_name`, `rf`.`proxy_path`, `rf`.`file_type`
FROM `reviews` `r`
LEFT JOIN `projects` `p` ON `p`.`project_id` = `r`.`project_id`
LEFT JOIN `project_shots` `s` ON `s`.`shot_id` = `r`.`shot_id`
LEFT JOIN `project_sequences` `seq` ON `seq`.`project_seq_id` = `s`.`project_seq_id`
LEFT JOIN `vfx_task_assignments` `vta` ON `vta`.`vfx_task_assignment_id` = `r`.`vfx_task_assignment_id`
LEFT JOIN `vfx_task_categories` `c` ON `c`.`vfx_task_category_id` = `vta`.`vfx_task_category_id`
LEFT JOIN `users` `u` ON `u`.`id` = `r`.`user_id`
LEFT JOIN `review_files` `rf` ON `rf`.`review_id` = `r`.`id`
WHERE `r`.`status` = :r.status:
ORDER BY `r`.`created_at` DESC', [...], false)
 4 APPPATH\Controllers\Admin\Reviews.php(29): CodeIgniter\Database\BaseBuilder->get()
 5 SYSTEMPATH\CodeIgniter.php(974): App\Controllers\Admin\Reviews->index()
 6 SYSTEMPATH\CodeIgniter.php(520): CodeIgniter\CodeIgniter->runController(Object(App\Controllers\Admin\Reviews))
 7 SYSTEMPATH\CodeIgniter.php(363): CodeIgniter\CodeIgniter->handleRequest(null, Object(Config\Cache), false)
 8 SYSTEMPATH\Boot.php(417): CodeIgniter\CodeIgniter->run()
 9 SYSTEMPATH\Boot.php(68): CodeIgniter\Boot::runCodeIgniter(Object(CodeIgniter\CodeIgniter))
10 FCPATH\index.php(59): CodeIgniter\Boot::bootWeb(Object(Config\Paths))
CRITICAL - 2026-08-02 04:25:54 --> [Caused by] Exception: Unable to prepare statement: 1, no such table: reviews
in SYSTEMPATH\Database\SQLite3\Connection.php on line 164.
 1 SYSTEMPATH\Database\SQLite3\Connection.php(164): SQLite3->query('SELECT `r`.*, `p`.`project_name`, `p`.`project_code`, `s`.`shot_number`, `seq`.`seq_name`, `u`.`name` as `artist_name`, `u`.`user_profile_pic` as `artist_pic`, `vta`.`vfx_task_assignment_id`, `c`.`category_name` as `task_name`, `rf`.`proxy_path`, `rf`.`file_type`
FROM `reviews` `r`
LEFT JOIN `projects` `p` ON `p`.`project_id` = `r`.`project_id`
LEFT JOIN `project_shots` `s` ON `s`.`shot_id` = `r`.`shot_id`
LEFT JOIN `project_sequences` `seq` ON `seq`.`project_seq_id` = `s`.`project_seq_id`
LEFT JOIN `vfx_task_assignments` `vta` ON `vta`.`vfx_task_assignment_id` = `r`.`vfx_task_assignment_id`
LEFT JOIN `vfx_task_categories` `c` ON `c`.`vfx_task_category_id` = `vta`.`vfx_task_category_id`
LEFT JOIN `users` `u` ON `u`.`id` = `r`.`user_id`
LEFT JOIN `review_files` `rf` ON `rf`.`review_id` = `r`.`id`
WHERE `r`.`status` = \'pending\'
ORDER BY `r`.`created_at` DESC')
 2 SYSTEMPATH\Database\BaseConnection.php(908): CodeIgniter\Database\SQLite3\Connection->execute('SELECT `r`.*, `p`.`project_name`, `p`.`project_code`, `s`.`shot_number`, `seq`.`seq_name`, `u`.`name` as `artist_name`, `u`.`user_profile_pic` as `artist_pic`, `vta`.`vfx_task_assignment_id`, `c`.`category_name` as `task_name`, `rf`.`proxy_path`, `rf`.`file_type`
FROM `reviews` `r`
LEFT JOIN `projects` `p` ON `p`.`project_id` = `r`.`project_id`
LEFT JOIN `project_shots` `s` ON `s`.`shot_id` = `r`.`shot_id`
LEFT JOIN `project_sequences` `seq` ON `seq`.`project_seq_id` = `s`.`project_seq_id`
LEFT JOIN `vfx_task_assignments` `vta` ON `vta`.`vfx_task_assignment_id` = `r`.`vfx_task_assignment_id`
LEFT JOIN `vfx_task_categories` `c` ON `c`.`vfx_task_category_id` = `vta`.`vfx_task_category_id`
LEFT JOIN `users` `u` ON `u`.`id` = `r`.`user_id`
LEFT JOIN `review_files` `rf` ON `rf`.`review_id` = `r`.`id`
WHERE `r`.`status` = \'pending\'
ORDER BY `r`.`created_at` DESC')
 3 SYSTEMPATH\Database\BaseConnection.php(825): CodeIgniter\Database\BaseConnection->simpleQuery('SELECT `r`.*, `p`.`project_name`, `p`.`project_code`, `s`.`shot_number`, `seq`.`seq_name`, `u`.`name` as `artist_name`, `u`.`user_profile_pic` as `artist_pic`, `vta`.`vfx_task_assignment_id`, `c`.`category_name` as `task_name`, `rf`.`proxy_path`, `rf`.`file_type`
FROM `reviews` `r`
LEFT JOIN `projects` `p` ON `p`.`project_id` = `r`.`project_id`
LEFT JOIN `project_shots` `s` ON `s`.`shot_id` = `r`.`shot_id`
LEFT JOIN `project_sequences` `seq` ON `seq`.`project_seq_id` = `s`.`project_seq_id`
LEFT JOIN `vfx_task_assignments` `vta` ON `vta`.`vfx_task_assignment_id` = `r`.`vfx_task_assignment_id`
LEFT JOIN `vfx_task_categories` `c` ON `c`.`vfx_task_category_id` = `vta`.`vfx_task_category_id`
LEFT JOIN `users` `u` ON `u`.`id` = `r`.`user_id`
LEFT JOIN `review_files` `rf` ON `rf`.`review_id` = `r`.`id`
WHERE `r`.`status` = \'pending\'
ORDER BY `r`.`created_at` DESC')
 4 SYSTEMPATH\Database\BaseBuilder.php(1647): CodeIgniter\Database\BaseConnection->query('SELECT `r`.*, `p`.`project_name`, `p`.`project_code`, `s`.`shot_number`, `seq`.`seq_name`, `u`.`name` as `artist_name`, `u`.`user_profile_pic` as `artist_pic`, `vta`.`vfx_task_assignment_id`, `c`.`category_name` as `task_name`, `rf`.`proxy_path`, `rf`.`file_type`
FROM `reviews` `r`
LEFT JOIN `projects` `p` ON `p`.`project_id` = `r`.`project_id`
LEFT JOIN `project_shots` `s` ON `s`.`shot_id` = `r`.`shot_id`
LEFT JOIN `project_sequences` `seq` ON `seq`.`project_seq_id` = `s`.`project_seq_id`
LEFT JOIN `vfx_task_assignments` `vta` ON `vta`.`vfx_task_assignment_id` = `r`.`vfx_task_assignment_id`
LEFT JOIN `vfx_task_categories` `c` ON `c`.`vfx_task_category_id` = `vta`.`vfx_task_category_id`
LEFT JOIN `users` `u` ON `u`.`id` = `r`.`user_id`
LEFT JOIN `review_files` `rf` ON `rf`.`review_id` = `r`.`id`
WHERE `r`.`status` = :r.status:
ORDER BY `r`.`created_at` DESC', [...], false)
 5 APPPATH\Controllers\Admin\Reviews.php(29): CodeIgniter\Database\BaseBuilder->get()
 6 SYSTEMPATH\CodeIgniter.php(974): App\Controllers\Admin\Reviews->index()
 7 SYSTEMPATH\CodeIgniter.php(520): CodeIgniter\CodeIgniter->runController(Object(App\Controllers\Admin\Reviews))
 8 SYSTEMPATH\CodeIgniter.php(363): CodeIgniter\CodeIgniter->handleRequest(null, Object(Config\Cache), false)
 9 SYSTEMPATH\Boot.php(417): CodeIgniter\CodeIgniter->run()
10 SYSTEMPATH\Boot.php(68): CodeIgniter\Boot::runCodeIgniter(Object(CodeIgniter\CodeIgniter))
11 FCPATH\index.php(59): CodeIgniter\Boot::bootWeb(Object(Config\Paths))
DEBUG - 2026-08-02 04:25:55 --> Session: Class initialized using 'CodeIgniter\Session\Handlers\FileHandler' driver.
ERROR - 2026-08-02 04:25:55 --> Unable to prepare statement: 1, no such table: reviews
in SYSTEMPATH\Database\SQLite3\Connection.php on line 164.
 1 SYSTEMPATH\Database\SQLite3\Connection.php(164): SQLite3->query('SELECT `r`.*, `p`.`project_name`, `p`.`project_code`, `s`.`shot_number`, `seq`.`seq_name`, `u`.`name` as `artist_name`, `u`.`user_profile_pic` as `artist_pic`, `vta`.`vfx_task_assignment_id`, `c`.`category_name` as `task_name`, `rf`.`proxy_path`, `rf`.`file_type`
FROM `reviews` `r`
LEFT JOIN `projects` `p` ON `p`.`project_id` = `r`.`project_id`
LEFT JOIN `project_shots` `s` ON `s`.`shot_id` = `r`.`shot_id`
LEFT JOIN `project_sequences` `seq` ON `seq`.`project_seq_id` = `s`.`project_seq_id`
LEFT JOIN `vfx_task_assignments` `vta` ON `vta`.`vfx_task_assignment_id` = `r`.`vfx_task_assignment_id`
LEFT JOIN `vfx_task_categories` `c` ON `c`.`vfx_task_category_id` = `vta`.`vfx_task_category_id`
LEFT JOIN `users` `u` ON `u`.`id` = `r`.`user_id`
LEFT JOIN `review_files` `rf` ON `rf`.`review_id` = `r`.`id`
WHERE `r`.`status` = \'pending\'
ORDER BY `r`.`created_at` DESC')
 2 SYSTEMPATH\Database\BaseConnection.php(908): CodeIgniter\Database\SQLite3\Connection->execute('SELECT `r`.*, `p`.`project_name`, `p`.`project_code`, `s`.`shot_number`, `seq`.`seq_name`, `u`.`name` as `artist_name`, `u`.`user_profile_pic` as `artist_pic`, `vta`.`vfx_task_assignment_id`, `c`.`category_name` as `task_name`, `rf`.`proxy_path`, `rf`.`file_type`
FROM `reviews` `r`
LEFT JOIN `projects` `p` ON `p`.`project_id` = `r`.`project_id`
LEFT JOIN `project_shots` `s` ON `s`.`shot_id` = `r`.`shot_id`
LEFT JOIN `project_sequences` `seq` ON `seq`.`project_seq_id` = `s`.`project_seq_id`
LEFT JOIN `vfx_task_assignments` `vta` ON `vta`.`vfx_task_assignment_id` = `r`.`vfx_task_assignment_id`
LEFT JOIN `vfx_task_categories` `c` ON `c`.`vfx_task_category_id` = `vta`.`vfx_task_category_id`
LEFT JOIN `users` `u` ON `u`.`id` = `r`.`user_id`
LEFT JOIN `review_files` `rf` ON `rf`.`review_id` = `r`.`id`
WHERE `r`.`status` = \'pending\'
ORDER BY `r`.`created_at` DESC')
 3 SYSTEMPATH\Database\BaseConnection.php(825): CodeIgniter\Database\BaseConnection->simpleQuery('SELECT `r`.*, `p`.`project_name`, `p`.`project_code`, `s`.`shot_number`, `seq`.`seq_name`, `u`.`name` as `artist_name`, `u`.`user_profile_pic` as `artist_pic`, `vta`.`vfx_task_assignment_id`, `c`.`category_name` as `task_name`, `rf`.`proxy_path`, `rf`.`file_type`
FROM `reviews` `r`
LEFT JOIN `projects` `p` ON `p`.`project_id` = `r`.`project_id`
LEFT JOIN `project_shots` `s` ON `s`.`shot_id` = `r`.`shot_id`
LEFT JOIN `project_sequences` `seq` ON `seq`.`project_seq_id` = `s`.`project_seq_id`
LEFT JOIN `vfx_task_assignments` `vta` ON `vta`.`vfx_task_assignment_id` = `r`.`vfx_task_assignment_id`
LEFT JOIN `vfx_task_categories` `c` ON `c`.`vfx_task_category_id` = `vta`.`vfx_task_category_id`
LEFT JOIN `users` `u` ON `u`.`id` = `r`.`user_id`
LEFT JOIN `review_files` `rf` ON `rf`.`review_id` = `r`.`id`
WHERE `r`.`status` = \'pending\'
ORDER BY `r`.`created_at` DESC')
 4 SYSTEMPATH\Database\BaseBuilder.php(1647): CodeIgniter\Database\BaseConnection->query('SELECT `r`.*, `p`.`project_name`, `p`.`project_code`, `s`.`shot_number`, `seq`.`seq_name`, `u`.`name` as `artist_name`, `u`.`user_profile_pic` as `artist_pic`, `vta`.`vfx_task_assignment_id`, `c`.`category_name` as `task_name`, `rf`.`proxy_path`, `rf`.`file_type`
FROM `reviews` `r`
LEFT JOIN `projects` `p` ON `p`.`project_id` = `r`.`project_id`
LEFT JOIN `project_shots` `s` ON `s`.`shot_id` = `r`.`shot_id`
LEFT JOIN `project_sequences` `seq` ON `seq`.`project_seq_id` = `s`.`project_seq_id`
LEFT JOIN `vfx_task_assignments` `vta` ON `vta`.`vfx_task_assignment_id` = `r`.`vfx_task_assignment_id`
LEFT JOIN `vfx_task_categories` `c` ON `c`.`vfx_task_category_id` = `vta`.`vfx_task_category_id`
LEFT JOIN `users` `u` ON `u`.`id` = `r`.`user_id`
LEFT JOIN `review_files` `rf` ON `rf`.`review_id` = `r`.`id`
WHERE `r`.`status` = :r.status:
ORDER BY `r`.`created_at` DESC', [...], false)
 5 APPPATH\Controllers\Admin\Reviews.php(29): CodeIgniter\Database\BaseBuilder->get()
 6 SYSTEMPATH\CodeIgniter.php(974): App\Controllers\Admin\Reviews->index()
 7 SYSTEMPATH\CodeIgniter.php(520): CodeIgniter\CodeIgniter->runController(Object(App\Controllers\Admin\Reviews))
 8 SYSTEMPATH\CodeIgniter.php(363): CodeIgniter\CodeIgniter->handleRequest(null, Object(Config\Cache), false)
 9 SYSTEMPATH\Boot.php(417): CodeIgniter\CodeIgniter->run()
10 SYSTEMPATH\Boot.php(68): CodeIgniter\Boot::runCodeIgniter(Object(CodeIgniter\CodeIgniter))
11 FCPATH\index.php(59): CodeIgniter\Boot::bootWeb(Object(Config\Paths))
CRITICAL - 2026-08-02 04:25:55 --> CodeIgniter\Database\Exceptions\DatabaseException: Unable to prepare statement: 1, no such table: reviews
[Method: GET, Route: admin/reviews]
in SYSTEMPATH\Database\BaseConnection.php on line 863.
 1 SYSTEMPATH\Database\BaseBuilder.php(1647): CodeIgniter\Database\BaseConnection->query('SELECT `r`.*, `p`.`project_name`, `p`.`project_code`, `s`.`shot_number`, `seq`.`seq_name`, `u`.`name` as `artist_name`, `u`.`user_profile_pic` as `artist_pic`, `vta`.`vfx_task_assignment_id`, `c`.`category_name` as `task_name`, `rf`.`proxy_path`, `rf`.`file_type`
FROM `reviews` `r`
LEFT JOIN `projects` `p` ON `p`.`project_id` = `r`.`project_id`
LEFT JOIN `project_shots` `s` ON `s`.`shot_id` = `r`.`shot_id`
LEFT JOIN `project_sequences` `seq` ON `seq`.`project_seq_id` = `s`.`project_seq_id`
LEFT JOIN `vfx_task_assignments` `vta` ON `vta`.`vfx_task_assignment_id` = `r`.`vfx_task_assignment_id`
LEFT JOIN `vfx_task_categories` `c` ON `c`.`vfx_task_category_id` = `vta`.`vfx_task_category_id`
LEFT JOIN `users` `u` ON `u`.`id` = `r`.`user_id`
LEFT JOIN `review_files` `rf` ON `rf`.`review_id` = `r`.`id`
WHERE `r`.`status` = :r.status:
ORDER BY `r`.`created_at` DESC', [...], false)
 2 APPPATH\Controllers\Admin\Reviews.php(29): CodeIgniter\Database\BaseBuilder->get()
 3 SYSTEMPATH\CodeIgniter.php(974): App\Controllers\Admin\Reviews->index()
 4 SYSTEMPATH\CodeIgniter.php(520): CodeIgniter\CodeIgniter->runController(Object(App\Controllers\Admin\Reviews))
 5 SYSTEMPATH\CodeIgniter.php(363): CodeIgniter\CodeIgniter->handleRequest(null, Object(Config\Cache), false)
 6 SYSTEMPATH\Boot.php(417): CodeIgniter\CodeIgniter->run()
 7 SYSTEMPATH\Boot.php(68): CodeIgniter\Boot::runCodeIgniter(Object(CodeIgniter\CodeIgniter))
 8 FCPATH\index.php(59): CodeIgniter\Boot::bootWeb(Object(Config\Paths))
CRITICAL - 2026-08-02 04:25:55 --> [Caused by] CodeIgniter\Database\Exceptions\DatabaseException: Unable to prepare statement: 1, no such table: reviews
in SYSTEMPATH\Database\SQLite3\Connection.php on line 174.
 1 SYSTEMPATH\Database\BaseConnection.php(908): CodeIgniter\Database\SQLite3\Connection->execute('SELECT `r`.*, `p`.`project_name`, `p`.`project_code`, `s`.`shot_number`, `seq`.`seq_name`, `u`.`name` as `artist_name`, `u`.`user_profile_pic` as `artist_pic`, `vta`.`vfx_task_assignment_id`, `c`.`category_name` as `task_name`, `rf`.`proxy_path`, `rf`.`file_type`
FROM `reviews` `r`
LEFT JOIN `projects` `p` ON `p`.`project_id` = `r`.`project_id`
LEFT JOIN `project_shots` `s` ON `s`.`shot_id` = `r`.`shot_id`
LEFT JOIN `project_sequences` `seq` ON `seq`.`project_seq_id` = `s`.`project_seq_id`
LEFT JOIN `vfx_task_assignments` `vta` ON `vta`.`vfx_task_assignment_id` = `r`.`vfx_task_assignment_id`
LEFT JOIN `vfx_task_categories` `c` ON `c`.`vfx_task_category_id` = `vta`.`vfx_task_category_id`
LEFT JOIN `users` `u` ON `u`.`id` = `r`.`user_id`
LEFT JOIN `review_files` `rf` ON `rf`.`review_id` = `r`.`id`
WHERE `r`.`status` = \'pending\'
ORDER BY `r`.`created_at` DESC')
 2 SYSTEMPATH\Database\BaseConnection.php(825): CodeIgniter\Database\BaseConnection->simpleQuery('SELECT `r`.*, `p`.`project_name`, `p`.`project_code`, `s`.`shot_number`, `seq`.`seq_name`, `u`.`name` as `artist_name`, `u`.`user_profile_pic` as `artist_pic`, `vta`.`vfx_task_assignment_id`, `c`.`category_name` as `task_name`, `rf`.`proxy_path`, `rf`.`file_type`
FROM `reviews` `r`
LEFT JOIN `projects` `p` ON `p`.`project_id` = `r`.`project_id`
LEFT JOIN `project_shots` `s` ON `s`.`shot_id` = `r`.`shot_id`
LEFT JOIN `project_sequences` `seq` ON `seq`.`project_seq_id` = `s`.`project_seq_id`
LEFT JOIN `vfx_task_assignments` `vta` ON `vta`.`vfx_task_assignment_id` = `r`.`vfx_task_assignment_id`
LEFT JOIN `vfx_task_categories` `c` ON `c`.`vfx_task_category_id` = `vta`.`vfx_task_category_id`
LEFT JOIN `users` `u` ON `u`.`id` = `r`.`user_id`
LEFT JOIN `review_files` `rf` ON `rf`.`review_id` = `r`.`id`
WHERE `r`.`status` = \'pending\'
ORDER BY `r`.`created_at` DESC')
 3 SYSTEMPATH\Database\BaseBuilder.php(1647): CodeIgniter\Database\BaseConnection->query('SELECT `r`.*, `p`.`project_name`, `p`.`project_code`, `s`.`shot_number`, `seq`.`seq_name`, `u`.`name` as `artist_name`, `u`.`user_profile_pic` as `artist_pic`, `vta`.`vfx_task_assignment_id`, `c`.`category_name` as `task_name`, `rf`.`proxy_path`, `rf`.`file_type`
FROM `reviews` `r`
LEFT JOIN `projects` `p` ON `p`.`project_id` = `r`.`project_id`
LEFT JOIN `project_shots` `s` ON `s`.`shot_id` = `r`.`shot_id`
LEFT JOIN `project_sequences` `seq` ON `seq`.`project_seq_id` = `s`.`project_seq_id`
LEFT JOIN `vfx_task_assignments` `vta` ON `vta`.`vfx_task_assignment_id` = `r`.`vfx_task_assignment_id`
LEFT JOIN `vfx_task_categories` `c` ON `c`.`vfx_task_category_id` = `vta`.`vfx_task_category_id`
LEFT JOIN `users` `u` ON `u`.`id` = `r`.`user_id`
LEFT JOIN `review_files` `rf` ON `rf`.`review_id` = `r`.`id`
WHERE `r`.`status` = :r.status:
ORDER BY `r`.`created_at` DESC', [...], false)
 4 APPPATH\Controllers\Admin\Reviews.php(29): CodeIgniter\Database\BaseBuilder->get()
 5 SYSTEMPATH\CodeIgniter.php(974): App\Controllers\Admin\Reviews->index()
 6 SYSTEMPATH\CodeIgniter.php(520): CodeIgniter\CodeIgniter->runController(Object(App\Controllers\Admin\Reviews))
 7 SYSTEMPATH\CodeIgniter.php(363): CodeIgniter\CodeIgniter->handleRequest(null, Object(Config\Cache), false)
 8 SYSTEMPATH\Boot.php(417): CodeIgniter\CodeIgniter->run()
 9 SYSTEMPATH\Boot.php(68): CodeIgniter\Boot::runCodeIgniter(Object(CodeIgniter\CodeIgniter))
10 FCPATH\index.php(59): CodeIgniter\Boot::bootWeb(Object(Config\Paths))
CRITICAL - 2026-08-02 04:25:55 --> [Caused by] Exception: Unable to prepare statement: 1, no such table: reviews
in SYSTEMPATH\Database\SQLite3\Connection.php on line 164.
 1 SYSTEMPATH\Database\SQLite3\Connection.php(164): SQLite3->query('SELECT `r`.*, `p`.`project_name`, `p`.`project_code`, `s`.`shot_number`, `seq`.`seq_name`, `u`.`name` as `artist_name`, `u`.`user_profile_pic` as `artist_pic`, `vta`.`vfx_task_assignment_id`, `c`.`category_name` as `task_name`, `rf`.`proxy_path`, `rf`.`file_type`
FROM `reviews` `r`
LEFT JOIN `projects` `p` ON `p`.`project_id` = `r`.`project_id`
LEFT JOIN `project_shots` `s` ON `s`.`shot_id` = `r`.`shot_id`
LEFT JOIN `project_sequences` `seq` ON `seq`.`project_seq_id` = `s`.`project_seq_id`
LEFT JOIN `vfx_task_assignments` `vta` ON `vta`.`vfx_task_assignment_id` = `r`.`vfx_task_assignment_id`
LEFT JOIN `vfx_task_categories` `c` ON `c`.`vfx_task_category_id` = `vta`.`vfx_task_category_id`
LEFT JOIN `users` `u` ON `u`.`id` = `r`.`user_id`
LEFT JOIN `review_files` `rf` ON `rf`.`review_id` = `r`.`id`
WHERE `r`.`status` = \'pending\'
ORDER BY `r`.`created_at` DESC')
 2 SYSTEMPATH\Database\BaseConnection.php(908): CodeIgniter\Database\SQLite3\Connection->execute('SELECT `r`.*, `p`.`project_name`, `p`.`project_code`, `s`.`shot_number`, `seq`.`seq_name`, `u`.`name` as `artist_name`, `u`.`user_profile_pic` as `artist_pic`, `vta`.`vfx_task_assignment_id`, `c`.`category_name` as `task_name`, `rf`.`proxy_path`, `rf`.`file_type`
FROM `reviews` `r`
LEFT JOIN `projects` `p` ON `p`.`project_id` = `r`.`project_id`
LEFT JOIN `project_shots` `s` ON `s`.`shot_id` = `r`.`shot_id`
LEFT JOIN `project_sequences` `seq` ON `seq`.`project_seq_id` = `s`.`project_seq_id`
LEFT JOIN `vfx_task_assignments` `vta` ON `vta`.`vfx_task_assignment_id` = `r`.`vfx_task_assignment_id`
LEFT JOIN `vfx_task_categories` `c` ON `c`.`vfx_task_category_id` = `vta`.`vfx_task_category_id`
LEFT JOIN `users` `u` ON `u`.`id` = `r`.`user_id`
LEFT JOIN `review_files` `rf` ON `rf`.`review_id` = `r`.`id`
WHERE `r`.`status` = \'pending\'
ORDER BY `r`.`created_at` DESC')
 3 SYSTEMPATH\Database\BaseConnection.php(825): CodeIgniter\Database\BaseConnection->simpleQuery('SELECT `r`.*, `p`.`project_name`, `p`.`project_code`, `s`.`shot_number`, `seq`.`seq_name`, `u`.`name` as `artist_name`, `u`.`user_profile_pic` as `artist_pic`, `vta`.`vfx_task_assignment_id`, `c`.`category_name` as `task_name`, `rf`.`proxy_path`, `rf`.`file_type`
FROM `reviews` `r`
LEFT JOIN `projects` `p` ON `p`.`project_id` = `r`.`project_id`
LEFT JOIN `project_shots` `s` ON `s`.`shot_id` = `r`.`shot_id`
LEFT JOIN `project_sequences` `seq` ON `seq`.`project_seq_id` = `s`.`project_seq_id`
LEFT JOIN `vfx_task_assignments` `vta` ON `vta`.`vfx_task_assignment_id` = `r`.`vfx_task_assignment_id`
LEFT JOIN `vfx_task_categories` `c` ON `c`.`vfx_task_category_id` = `vta`.`vfx_task_category_id`
LEFT JOIN `users` `u` ON `u`.`id` = `r`.`user_id`
LEFT JOIN `review_files` `rf` ON `rf`.`review_id` = `r`.`id`
WHERE `r`.`status` = \'pending\'
ORDER BY `r`.`created_at` DESC')
 4 SYSTEMPATH\Database\BaseBuilder.php(1647): CodeIgniter\Database\BaseConnection->query('SELECT `r`.*, `p`.`project_name`, `p`.`project_code`, `s`.`shot_number`, `seq`.`seq_name`, `u`.`name` as `artist_name`, `u`.`user_profile_pic` as `artist_pic`, `vta`.`vfx_task_assignment_id`, `c`.`category_name` as `task_name`, `rf`.`proxy_path`, `rf`.`file_type`
FROM `reviews` `r`
LEFT JOIN `projects` `p` ON `p`.`project_id` = `r`.`project_id`
LEFT JOIN `project_shots` `s` ON `s`.`shot_id` = `r`.`shot_id`
LEFT JOIN `project_sequences` `seq` ON `seq`.`project_seq_id` = `s`.`project_seq_id`
LEFT JOIN `vfx_task_assignments` `vta` ON `vta`.`vfx_task_assignment_id` = `r`.`vfx_task_assignment_id`
LEFT JOIN `vfx_task_categories` `c` ON `c`.`vfx_task_category_id` = `vta`.`vfx_task_category_id`
LEFT JOIN `users` `u` ON `u`.`id` = `r`.`user_id`
LEFT JOIN `review_files` `rf` ON `rf`.`review_id` = `r`.`id`
WHERE `r`.`status` = :r.status:
ORDER BY `r`.`created_at` DESC', [...], false)
 5 APPPATH\Controllers\Admin\Reviews.php(29): CodeIgniter\Database\BaseBuilder->get()
 6 SYSTEMPATH\CodeIgniter.php(974): App\Controllers\Admin\Reviews->index()
 7 SYSTEMPATH\CodeIgniter.php(520): CodeIgniter\CodeIgniter->runController(Object(App\Controllers\Admin\Reviews))
 8 SYSTEMPATH\CodeIgniter.php(363): CodeIgniter\CodeIgniter->handleRequest(null, Object(Config\Cache), false)
 9 SYSTEMPATH\Boot.php(417): CodeIgniter\CodeIgniter->run()
10 SYSTEMPATH\Boot.php(68): CodeIgniter\Boot::runCodeIgniter(Object(CodeIgniter\CodeIgniter))
11 FCPATH\index.php(59): CodeIgniter\Boot::bootWeb(Object(Config\Paths))
DEBUG - 2026-08-02 04:25:55 --> Session: Class initialized using 'CodeIgniter\Session\Handlers\FileHandler' driver.
ERROR - 2026-08-02 04:25:55 --> Unable to prepare statement: 1, no such table: reviews
in SYSTEMPATH\Database\SQLite3\Connection.php on line 164.
 1 SYSTEMPATH\Database\SQLite3\Connection.php(164): SQLite3->query('SELECT `r`.*, `p`.`project_name`, `p`.`project_code`, `s`.`shot_number`, `seq`.`seq_name`, `u`.`name` as `artist_name`, `u`.`user_profile_pic` as `artist_pic`, `vta`.`vfx_task_assignment_id`, `c`.`category_name` as `task_name`, `rf`.`proxy_path`, `rf`.`file_type`
FROM `reviews` `r`
LEFT JOIN `projects` `p` ON `p`.`project_id` = `r`.`project_id`
LEFT JOIN `project_shots` `s` ON `s`.`shot_id` = `r`.`shot_id`
LEFT JOIN `project_sequences` `seq` ON `seq`.`project_seq_id` = `s`.`project_seq_id`
LEFT JOIN `vfx_task_assignments` `vta` ON `vta`.`vfx_task_assignment_id` = `r`.`vfx_task_assignment_id`
LEFT JOIN `vfx_task_categories` `c` ON `c`.`vfx_task_category_id` = `vta`.`vfx_task_category_id`
LEFT JOIN `users` `u` ON `u`.`id` = `r`.`user_id`
LEFT JOIN `review_files` `rf` ON `rf`.`review_id` = `r`.`id`
WHERE `r`.`status` = \'pending\'
ORDER BY `r`.`created_at` DESC')
 2 SYSTEMPATH\Database\BaseConnection.php(908): CodeIgniter\Database\SQLite3\Connection->execute('SELECT `r`.*, `p`.`project_name`, `p`.`project_code`, `s`.`shot_number`, `seq`.`seq_name`, `u`.`name` as `artist_name`, `u`.`user_profile_pic` as `artist_pic`, `vta`.`vfx_task_assignment_id`, `c`.`category_name` as `task_name`, `rf`.`proxy_path`, `rf`.`file_type`
FROM `reviews` `r`
LEFT JOIN `projects` `p` ON `p`.`project_id` = `r`.`project_id`
LEFT JOIN `project_shots` `s` ON `s`.`shot_id` = `r`.`shot_id`
LEFT JOIN `project_sequences` `seq` ON `seq`.`project_seq_id` = `s`.`project_seq_id`
LEFT JOIN `vfx_task_assignments` `vta` ON `vta`.`vfx_task_assignment_id` = `r`.`vfx_task_assignment_id`
LEFT JOIN `vfx_task_categories` `c` ON `c`.`vfx_task_category_id` = `vta`.`vfx_task_category_id`
LEFT JOIN `users` `u` ON `u`.`id` = `r`.`user_id`
LEFT JOIN `review_files` `rf` ON `rf`.`review_id` = `r`.`id`
WHERE `r`.`status` = \'pending\'
ORDER BY `r`.`created_at` DESC')
 3 SYSTEMPATH\Database\BaseConnection.php(825): CodeIgniter\Database\BaseConnection->simpleQuery('SELECT `r`.*, `p`.`project_name`, `p`.`project_code`, `s`.`shot_number`, `seq`.`seq_name`, `u`.`name` as `artist_name`, `u`.`user_profile_pic` as `artist_pic`, `vta`.`vfx_task_assignment_id`, `c`.`category_name` as `task_name`, `rf`.`proxy_path`, `rf`.`file_type`
FROM `reviews` `r`
LEFT JOIN `projects` `p` ON `p`.`project_id` = `r`.`project_id`
LEFT JOIN `project_shots` `s` ON `s`.`shot_id` = `r`.`shot_id`
LEFT JOIN `project_sequences` `seq` ON `seq`.`project_seq_id` = `s`.`project_seq_id`
LEFT JOIN `vfx_task_assignments` `vta` ON `vta`.`vfx_task_assignment_id` = `r`.`vfx_task_assignment_id`
LEFT JOIN `vfx_task_categories` `c` ON `c`.`vfx_task_category_id` = `vta`.`vfx_task_category_id`
LEFT JOIN `users` `u` ON `u`.`id` = `r`.`user_id`
LEFT JOIN `review_files` `rf` ON `rf`.`review_id` = `r`.`id`
WHERE `r`.`status` = \'pending\'
ORDER BY `r`.`created_at` DESC')
 4 SYSTEMPATH\Database\BaseBuilder.php(1647): CodeIgniter\Database\BaseConnection->query('SELECT `r`.*, `p`.`project_name`, `p`.`project_code`, `s`.`shot_number`, `seq`.`seq_name`, `u`.`name` as `artist_name`, `u`.`user_profile_pic` as `artist_pic`, `vta`.`vfx_task_assignment_id`, `c`.`category_name` as `task_name`, `rf`.`proxy_path`, `rf`.`file_type`
FROM `reviews` `r`
LEFT JOIN `projects` `p` ON `p`.`project_id` = `r`.`project_id`
LEFT JOIN `project_shots` `s` ON `s`.`shot_id` = `r`.`shot_id`
LEFT JOIN `project_sequences` `seq` ON `seq`.`project_seq_id` = `s`.`project_seq_id`
LEFT JOIN `vfx_task_assignments` `vta` ON `vta`.`vfx_task_assignment_id` = `r`.`vfx_task_assignment_id`
LEFT JOIN `vfx_task_categories` `c` ON `c`.`vfx_task_category_id` = `vta`.`vfx_task_category_id`
LEFT JOIN `users` `u` ON `u`.`id` = `r`.`user_id`
LEFT JOIN `review_files` `rf` ON `rf`.`review_id` = `r`.`id`
WHERE `r`.`status` = :r.status:
ORDER BY `r`.`created_at` DESC', [...], false)
 5 APPPATH\Controllers\Admin\Reviews.php(29): CodeIgniter\Database\BaseBuilder->get()
 6 SYSTEMPATH\CodeIgniter.php(974): App\Controllers\Admin\Reviews->index()
 7 SYSTEMPATH\CodeIgniter.php(520): CodeIgniter\CodeIgniter->runController(Object(App\Controllers\Admin\Reviews))
 8 SYSTEMPATH\CodeIgniter.php(363): CodeIgniter\CodeIgniter->handleRequest(null, Object(Config\Cache), false)
 9 SYSTEMPATH\Boot.php(417): CodeIgniter\CodeIgniter->run()
10 SYSTEMPATH\Boot.php(68): CodeIgniter\Boot::runCodeIgniter(Object(CodeIgniter\CodeIgniter))
11 FCPATH\index.php(59): CodeIgniter\Boot::bootWeb(Object(Config\Paths))
CRITICAL - 2026-08-02 04:25:55 --> CodeIgniter\Database\Exceptions\DatabaseException: Unable to prepare statement: 1, no such table: reviews
[Method: GET, Route: admin/reviews]
in SYSTEMPATH\Database\BaseConnection.php on line 863.
 1 SYSTEMPATH\Database\BaseBuilder.php(1647): CodeIgniter\Database\BaseConnection->query('SELECT `r`.*, `p`.`project_name`, `p`.`project_code`, `s`.`shot_number`, `seq`.`seq_name`, `u`.`name` as `artist_name`, `u`.`user_profile_pic` as `artist_pic`, `vta`.`vfx_task_assignment_id`, `c`.`category_name` as `task_name`, `rf`.`proxy_path`, `rf`.`file_type`
FROM `reviews` `r`
LEFT JOIN `projects` `p` ON `p`.`project_id` = `r`.`project_id`
LEFT JOIN `project_shots` `s` ON `s`.`shot_id` = `r`.`shot_id`
LEFT JOIN `project_sequences` `seq` ON `seq`.`project_seq_id` = `s`.`project_seq_id`
LEFT JOIN `vfx_task_assignments` `vta` ON `vta`.`vfx_task_assignment_id` = `r`.`vfx_task_assignment_id`
LEFT JOIN `vfx_task_categories` `c` ON `c`.`vfx_task_category_id` = `vta`.`vfx_task_category_id`
LEFT JOIN `users` `u` ON `u`.`id` = `r`.`user_id`
LEFT JOIN `review_files` `rf` ON `rf`.`review_id` = `r`.`id`
WHERE `r`.`status` = :r.status:
ORDER BY `r`.`created_at` DESC', [...], false)
 2 APPPATH\Controllers\Admin\Reviews.php(29): CodeIgniter\Database\BaseBuilder->get()
 3 SYSTEMPATH\CodeIgniter.php(974): App\Controllers\Admin\Reviews->index()
 4 SYSTEMPATH\CodeIgniter.php(520): CodeIgniter\CodeIgniter->runController(Object(App\Controllers\Admin\Reviews))
 5 SYSTEMPATH\CodeIgniter.php(363): CodeIgniter\CodeIgniter->handleRequest(null, Object(Config\Cache), false)
 6 SYSTEMPATH\Boot.php(417): CodeIgniter\CodeIgniter->run()
 7 SYSTEMPATH\Boot.php(68): CodeIgniter\Boot::runCodeIgniter(Object(CodeIgniter\CodeIgniter))
 8 FCPATH\index.php(59): CodeIgniter\Boot::bootWeb(Object(Config\Paths))
CRITICAL - 2026-08-02 04:25:55 --> [Caused by] CodeIgniter\Database\Exceptions\DatabaseException: Unable to prepare statement: 1, no such table: reviews
in SYSTEMPATH\Database\SQLite3\Connection.php on line 174.
 1 SYSTEMPATH\Database\BaseConnection.php(908): CodeIgniter\Database\SQLite3\Connection->execute('SELECT `r`.*, `p`.`project_name`, `p`.`project_code`, `s`.`shot_number`, `seq`.`seq_name`, `u`.`name` as `artist_name`, `u`.`user_profile_pic` as `artist_pic`, `vta`.`vfx_task_assignment_id`, `c`.`category_name` as `task_name`, `rf`.`proxy_path`, `rf`.`file_type`
FROM `reviews` `r`
LEFT JOIN `projects` `p` ON `p`.`project_id` = `r`.`project_id`
LEFT JOIN `project_shots` `s` ON `s`.`shot_id` = `r`.`shot_id`
LEFT JOIN `project_sequences` `seq` ON `seq`.`project_seq_id` = `s`.`project_seq_id`
LEFT JOIN `vfx_task_assignments` `vta` ON `vta`.`vfx_task_assignment_id` = `r`.`vfx_task_assignment_id`
LEFT JOIN `vfx_task_categories` `c` ON `c`.`vfx_task_category_id` = `vta`.`vfx_task_category_id`
LEFT JOIN `users` `u` ON `u`.`id` = `r`.`user_id`
LEFT JOIN `review_files` `rf` ON `rf`.`review_id` = `r`.`id`
WHERE `r`.`status` = \'pending\'
ORDER BY `r`.`created_at` DESC')
 2 SYSTEMPATH\Database\BaseConnection.php(825): CodeIgniter\Database\BaseConnection->simpleQuery('SELECT `r`.*, `p`.`project_name`, `p`.`project_code`, `s`.`shot_number`, `seq`.`seq_name`, `u`.`name` as `artist_name`, `u`.`user_profile_pic` as `artist_pic`, `vta`.`vfx_task_assignment_id`, `c`.`category_name` as `task_name`, `rf`.`proxy_path`, `rf`.`file_type`
FROM `reviews` `r`
LEFT JOIN `projects` `p` ON `p`.`project_id` = `r`.`project_id`
LEFT JOIN `project_shots` `s` ON `s`.`shot_id` = `r`.`shot_id`
LEFT JOIN `project_sequences` `seq` ON `seq`.`project_seq_id` = `s`.`project_seq_id`
LEFT JOIN `vfx_task_assignments` `vta` ON `vta`.`vfx_task_assignment_id` = `r`.`vfx_task_assignment_id`
LEFT JOIN `vfx_task_categories` `c` ON `c`.`vfx_task_category_id` = `vta`.`vfx_task_category_id`
LEFT JOIN `users` `u` ON `u`.`id` = `r`.`user_id`
LEFT JOIN `review_files` `rf` ON `rf`.`review_id` = `r`.`id`
WHERE `r`.`status` = \'pending\'
ORDER BY `r`.`created_at` DESC')
 3 SYSTEMPATH\Database\BaseBuilder.php(1647): CodeIgniter\Database\BaseConnection->query('SELECT `r`.*, `p`.`project_name`, `p`.`project_code`, `s`.`shot_number`, `seq`.`seq_name`, `u`.`name` as `artist_name`, `u`.`user_profile_pic` as `artist_pic`, `vta`.`vfx_task_assignment_id`, `c`.`category_name` as `task_name`, `rf`.`proxy_path`, `rf`.`file_type`
FROM `reviews` `r`
LEFT JOIN `projects` `p` ON `p`.`project_id` = `r`.`project_id`
LEFT JOIN `project_shots` `s` ON `s`.`shot_id` = `r`.`shot_id`
LEFT JOIN `project_sequences` `seq` ON `seq`.`project_seq_id` = `s`.`project_seq_id`
LEFT JOIN `vfx_task_assignments` `vta` ON `vta`.`vfx_task_assignment_id` = `r`.`vfx_task_assignment_id`
LEFT JOIN `vfx_task_categories` `c` ON `c`.`vfx_task_category_id` = `vta`.`vfx_task_category_id`
LEFT JOIN `users` `u` ON `u`.`id` = `r`.`user_id`
LEFT JOIN `review_files` `rf` ON `rf`.`review_id` = `r`.`id`
WHERE `r`.`status` = :r.status:
ORDER BY `r`.`created_at` DESC', [...], false)
 4 APPPATH\Controllers\Admin\Reviews.php(29): CodeIgniter\Database\BaseBuilder->get()
 5 SYSTEMPATH\CodeIgniter.php(974): App\Controllers\Admin\Reviews->index()
 6 SYSTEMPATH\CodeIgniter.php(520): CodeIgniter\CodeIgniter->runController(Object(App\Controllers\Admin\Reviews))
 7 SYSTEMPATH\CodeIgniter.php(363): CodeIgniter\CodeIgniter->handleRequest(null, Object(Config\Cache), false)
 8 SYSTEMPATH\Boot.php(417): CodeIgniter\CodeIgniter->run()
 9 SYSTEMPATH\Boot.php(68): CodeIgniter\Boot::runCodeIgniter(Object(CodeIgniter\CodeIgniter))
10 FCPATH\index.php(59): CodeIgniter\Boot::bootWeb(Object(Config\Paths))
CRITICAL - 2026-08-02 04:25:55 --> [Caused by] Exception: Unable to prepare statement: 1, no such table: reviews
in SYSTEMPATH\Database\SQLite3\Connection.php on line 164.
 1 SYSTEMPATH\Database\SQLite3\Connection.php(164): SQLite3->query('SELECT `r`.*, `p`.`project_name`, `p`.`project_code`, `s`.`shot_number`, `seq`.`seq_name`, `u`.`name` as `artist_name`, `u`.`user_profile_pic` as `artist_pic`, `vta`.`vfx_task_assignment_id`, `c`.`category_name` as `task_name`, `rf`.`proxy_path`, `rf`.`file_type`
FROM `reviews` `r`
LEFT JOIN `projects` `p` ON `p`.`project_id` = `r`.`project_id`
LEFT JOIN `project_shots` `s` ON `s`.`shot_id` = `r`.`shot_id`
LEFT JOIN `project_sequences` `seq` ON `seq`.`project_seq_id` = `s`.`project_seq_id`
LEFT JOIN `vfx_task_assignments` `vta` ON `vta`.`vfx_task_assignment_id` = `r`.`vfx_task_assignment_id`
LEFT JOIN `vfx_task_categories` `c` ON `c`.`vfx_task_category_id` = `vta`.`vfx_task_category_id`
LEFT JOIN `users` `u` ON `u`.`id` = `r`.`user_id`
LEFT JOIN `review_files` `rf` ON `rf`.`review_id` = `r`.`id`
WHERE `r`.`status` = \'pending\'
ORDER BY `r`.`created_at` DESC')
 2 SYSTEMPATH\Database\BaseConnection.php(908): CodeIgniter\Database\SQLite3\Connection->execute('SELECT `r`.*, `p`.`project_name`, `p`.`project_code`, `s`.`shot_number`, `seq`.`seq_name`, `u`.`name` as `artist_name`, `u`.`user_profile_pic` as `artist_pic`, `vta`.`vfx_task_assignment_id`, `c`.`category_name` as `task_name`, `rf`.`proxy_path`, `rf`.`file_type`
FROM `reviews` `r`
LEFT JOIN `projects` `p` ON `p`.`project_id` = `r`.`project_id`
LEFT JOIN `project_shots` `s` ON `s`.`shot_id` = `r`.`shot_id`
LEFT JOIN `project_sequences` `seq` ON `seq`.`project_seq_id` = `s`.`project_seq_id`
LEFT JOIN `vfx_task_assignments` `vta` ON `vta`.`vfx_task_assignment_id` = `r`.`vfx_task_assignment_id`
LEFT JOIN `vfx_task_categories` `c` ON `c`.`vfx_task_category_id` = `vta`.`vfx_task_category_id`
LEFT JOIN `users` `u` ON `u`.`id` = `r`.`user_id`
LEFT JOIN `review_files` `rf` ON `rf`.`review_id` = `r`.`id`
WHERE `r`.`status` = \'pending\'
ORDER BY `r`.`created_at` DESC')
 3 SYSTEMPATH\Database\BaseConnection.php(825): CodeIgniter\Database\BaseConnection->simpleQuery('SELECT `r`.*, `p`.`project_name`, `p`.`project_code`, `s`.`shot_number`, `seq`.`seq_name`, `u`.`name` as `artist_name`, `u`.`user_profile_pic` as `artist_pic`, `vta`.`vfx_task_assignment_id`, `c`.`category_name` as `task_name`, `rf`.`proxy_path`, `rf`.`file_type`
FROM `reviews` `r`
LEFT JOIN `projects` `p` ON `p`.`project_id` = `r`.`project_id`
LEFT JOIN `project_shots` `s` ON `s`.`shot_id` = `r`.`shot_id`
LEFT JOIN `project_sequences` `seq` ON `seq`.`project_seq_id` = `s`.`project_seq_id`
LEFT JOIN `vfx_task_assignments` `vta` ON `vta`.`vfx_task_assignment_id` = `r`.`vfx_task_assignment_id`
LEFT JOIN `vfx_task_categories` `c` ON `c`.`vfx_task_category_id` = `vta`.`vfx_task_category_id`
LEFT JOIN `users` `u` ON `u`.`id` = `r`.`user_id`
LEFT JOIN `review_files` `rf` ON `rf`.`review_id` = `r`.`id`
WHERE `r`.`status` = \'pending\'
ORDER BY `r`.`created_at` DESC')
 4 SYSTEMPATH\Database\BaseBuilder.php(1647): CodeIgniter\Database\BaseConnection->query('SELECT `r`.*, `p`.`project_name`, `p`.`project_code`, `s`.`shot_number`, `seq`.`seq_name`, `u`.`name` as `artist_name`, `u`.`user_profile_pic` as `artist_pic`, `vta`.`vfx_task_assignment_id`, `c`.`category_name` as `task_name`, `rf`.`proxy_path`, `rf`.`file_type`
FROM `reviews` `r`
LEFT JOIN `projects` `p` ON `p`.`project_id` = `r`.`project_id`
LEFT JOIN `project_shots` `s` ON `s`.`shot_id` = `r`.`shot_id`
LEFT JOIN `project_sequences` `seq` ON `seq`.`project_seq_id` = `s`.`project_seq_id`
LEFT JOIN `vfx_task_assignments` `vta` ON `vta`.`vfx_task_assignment_id` = `r`.`vfx_task_assignment_id`
LEFT JOIN `vfx_task_categories` `c` ON `c`.`vfx_task_category_id` = `vta`.`vfx_task_category_id`
LEFT JOIN `users` `u` ON `u`.`id` = `r`.`user_id`
LEFT JOIN `review_files` `rf` ON `rf`.`review_id` = `r`.`id`
WHERE `r`.`status` = :r.status:
ORDER BY `r`.`created_at` DESC', [...], false)
 5 APPPATH\Controllers\Admin\Reviews.php(29): CodeIgniter\Database\BaseBuilder->get()
 6 SYSTEMPATH\CodeIgniter.php(974): App\Controllers\Admin\Reviews->index()
 7 SYSTEMPATH\CodeIgniter.php(520): CodeIgniter\CodeIgniter->runController(Object(App\Controllers\Admin\Reviews))
 8 SYSTEMPATH\CodeIgniter.php(363): CodeIgniter\CodeIgniter->handleRequest(null, Object(Config\Cache), false)
 9 SYSTEMPATH\Boot.php(417): CodeIgniter\CodeIgniter->run()
10 SYSTEMPATH\Boot.php(68): CodeIgniter\Boot::runCodeIgniter(Object(CodeIgniter\CodeIgniter))
11 FCPATH\index.php(59): CodeIgniter\Boot::bootWeb(Object(Config\Paths))
DEBUG - 2026-08-02 04:25:56 --> Session: Class initialized using 'CodeIgniter\Session\Handlers\FileHandler' driver.
ERROR - 2026-08-02 04:25:56 --> Unable to prepare statement: 1, no such table: reviews
in SYSTEMPATH\Database\SQLite3\Connection.php on line 164.
 1 SYSTEMPATH\Database\SQLite3\Connection.php(164): SQLite3->query('SELECT `r`.*, `p`.`project_name`, `p`.`project_code`, `s`.`shot_number`, `seq`.`seq_name`, `u`.`name` as `artist_name`, `u`.`user_profile_pic` as `artist_pic`, `vta`.`vfx_task_assignment_id`, `c`.`category_name` as `task_name`, `rf`.`proxy_path`, `rf`.`file_type`
FROM `reviews` `r`
LEFT JOIN `projects` `p` ON `p`.`project_id` = `r`.`project_id`
LEFT JOIN `project_shots` `s` ON `s`.`shot_id` = `r`.`shot_id`
LEFT JOIN `project_sequences` `seq` ON `seq`.`project_seq_id` = `s`.`project_seq_id`
LEFT JOIN `vfx_task_assignments` `vta` ON `vta`.`vfx_task_assignment_id` = `r`.`vfx_task_assignment_id`
LEFT JOIN `vfx_task_categories` `c` ON `c`.`vfx_task_category_id` = `vta`.`vfx_task_category_id`
LEFT JOIN `users` `u` ON `u`.`id` = `r`.`user_id`
LEFT JOIN `review_files` `rf` ON `rf`.`review_id` = `r`.`id`
WHERE `r`.`status` = \'pending\'
ORDER BY `r`.`created_at` DESC')
 2 SYSTEMPATH\Database\BaseConnection.php(908): CodeIgniter\Database\SQLite3\Connection->execute('SELECT `r`.*, `p`.`project_name`, `p`.`project_code`, `s`.`shot_number`, `seq`.`seq_name`, `u`.`name` as `artist_name`, `u`.`user_profile_pic` as `artist_pic`, `vta`.`vfx_task_assignment_id`, `c`.`category_name` as `task_name`, `rf`.`proxy_path`, `rf`.`file_type`
FROM `reviews` `r`
LEFT JOIN `projects` `p` ON `p`.`project_id` = `r`.`project_id`
LEFT JOIN `project_shots` `s` ON `s`.`shot_id` = `r`.`shot_id`
LEFT JOIN `project_sequences` `seq` ON `seq`.`project_seq_id` = `s`.`project_seq_id`
LEFT JOIN `vfx_task_assignments` `vta` ON `vta`.`vfx_task_assignment_id` = `r`.`vfx_task_assignment_id`
LEFT JOIN `vfx_task_categories` `c` ON `c`.`vfx_task_category_id` = `vta`.`vfx_task_category_id`
LEFT JOIN `users` `u` ON `u`.`id` = `r`.`user_id`
LEFT JOIN `review_files` `rf` ON `rf`.`review_id` = `r`.`id`
WHERE `r`.`status` = \'pending\'
ORDER BY `r`.`created_at` DESC')
 3 SYSTEMPATH\Database\BaseConnection.php(825): CodeIgniter\Database\BaseConnection->simpleQuery('SELECT `r`.*, `p`.`project_name`, `p`.`project_code`, `s`.`shot_number`, `seq`.`seq_name`, `u`.`name` as `artist_name`, `u`.`user_profile_pic` as `artist_pic`, `vta`.`vfx_task_assignment_id`, `c`.`category_name` as `task_name`, `rf`.`proxy_path`, `rf`.`file_type`
FROM `reviews` `r`
LEFT JOIN `projects` `p` ON `p`.`project_id` = `r`.`project_id`
LEFT JOIN `project_shots` `s` ON `s`.`shot_id` = `r`.`shot_id`
LEFT JOIN `project_sequences` `seq` ON `seq`.`project_seq_id` = `s`.`project_seq_id`
LEFT JOIN `vfx_task_assignments` `vta` ON `vta`.`vfx_task_assignment_id` = `r`.`vfx_task_assignment_id`
LEFT JOIN `vfx_task_categories` `c` ON `c`.`vfx_task_category_id` = `vta`.`vfx_task_category_id`
LEFT JOIN `users` `u` ON `u`.`id` = `r`.`user_id`
LEFT JOIN `review_files` `rf` ON `rf`.`review_id` = `r`.`id`
WHERE `r`.`status` = \'pending\'
ORDER BY `r`.`created_at` DESC')
 4 SYSTEMPATH\Database\BaseBuilder.php(1647): CodeIgniter\Database\BaseConnection->query('SELECT `r`.*, `p`.`project_name`, `p`.`project_code`, `s`.`shot_number`, `seq`.`seq_name`, `u`.`name` as `artist_name`, `u`.`user_profile_pic` as `artist_pic`, `vta`.`vfx_task_assignment_id`, `c`.`category_name` as `task_name`, `rf`.`proxy_path`, `rf`.`file_type`
FROM `reviews` `r`
LEFT JOIN `projects` `p` ON `p`.`project_id` = `r`.`project_id`
LEFT JOIN `project_shots` `s` ON `s`.`shot_id` = `r`.`shot_id`
LEFT JOIN `project_sequences` `seq` ON `seq`.`project_seq_id` = `s`.`project_seq_id`
LEFT JOIN `vfx_task_assignments` `vta` ON `vta`.`vfx_task_assignment_id` = `r`.`vfx_task_assignment_id`
LEFT JOIN `vfx_task_categories` `c` ON `c`.`vfx_task_category_id` = `vta`.`vfx_task_category_id`
LEFT JOIN `users` `u` ON `u`.`id` = `r`.`user_id`
LEFT JOIN `review_files` `rf` ON `rf`.`review_id` = `r`.`id`
WHERE `r`.`status` = :r.status:
ORDER BY `r`.`created_at` DESC', [...], false)
 5 APPPATH\Controllers\Admin\Reviews.php(29): CodeIgniter\Database\BaseBuilder->get()
 6 SYSTEMPATH\CodeIgniter.php(974): App\Controllers\Admin\Reviews->index()
 7 SYSTEMPATH\CodeIgniter.php(520): CodeIgniter\CodeIgniter->runController(Object(App\Controllers\Admin\Reviews))
 8 SYSTEMPATH\CodeIgniter.php(363): CodeIgniter\CodeIgniter->handleRequest(null, Object(Config\Cache), false)
 9 SYSTEMPATH\Boot.php(417): CodeIgniter\CodeIgniter->run()
10 SYSTEMPATH\Boot.php(68): CodeIgniter\Boot::runCodeIgniter(Object(CodeIgniter\CodeIgniter))
11 FCPATH\index.php(59): CodeIgniter\Boot::bootWeb(Object(Config\Paths))
CRITICAL - 2026-08-02 04:25:56 --> CodeIgniter\Database\Exceptions\DatabaseException: Unable to prepare statement: 1, no such table: reviews
[Method: GET, Route: admin/reviews]
in SYSTEMPATH\Database\BaseConnection.php on line 863.
 1 SYSTEMPATH\Database\BaseBuilder.php(1647): CodeIgniter\Database\BaseConnection->query('SELECT `r`.*, `p`.`project_name`, `p`.`project_code`, `s`.`shot_number`, `seq`.`seq_name`, `u`.`name` as `artist_name`, `u`.`user_profile_pic` as `artist_pic`, `vta`.`vfx_task_assignment_id`, `c`.`category_name` as `task_name`, `rf`.`proxy_path`, `rf`.`file_type`
FROM `reviews` `r`
LEFT JOIN `projects` `p` ON `p`.`project_id` = `r`.`project_id`
LEFT JOIN `project_shots` `s` ON `s`.`shot_id` = `r`.`shot_id`
LEFT JOIN `project_sequences` `seq` ON `seq`.`project_seq_id` = `s`.`project_seq_id`
LEFT JOIN `vfx_task_assignments` `vta` ON `vta`.`vfx_task_assignment_id` = `r`.`vfx_task_assignment_id`
LEFT JOIN `vfx_task_categories` `c` ON `c`.`vfx_task_category_id` = `vta`.`vfx_task_category_id`
LEFT JOIN `users` `u` ON `u`.`id` = `r`.`user_id`
LEFT JOIN `review_files` `rf` ON `rf`.`review_id` = `r`.`id`
WHERE `r`.`status` = :r.status:
ORDER BY `r`.`created_at` DESC', [...], false)
 2 APPPATH\Controllers\Admin\Reviews.php(29): CodeIgniter\Database\BaseBuilder->get()
 3 SYSTEMPATH\CodeIgniter.php(974): App\Controllers\Admin\Reviews->index()
 4 SYSTEMPATH\CodeIgniter.php(520): CodeIgniter\CodeIgniter->runController(Object(App\Controllers\Admin\Reviews))
 5 SYSTEMPATH\CodeIgniter.php(363): CodeIgniter\CodeIgniter->handleRequest(null, Object(Config\Cache), false)
 6 SYSTEMPATH\Boot.php(417): CodeIgniter\CodeIgniter->run()
 7 SYSTEMPATH\Boot.php(68): CodeIgniter\Boot::runCodeIgniter(Object(CodeIgniter\CodeIgniter))
 8 FCPATH\index.php(59): CodeIgniter\Boot::bootWeb(Object(Config\Paths))
CRITICAL - 2026-08-02 04:25:56 --> [Caused by] CodeIgniter\Database\Exceptions\DatabaseException: Unable to prepare statement: 1, no such table: reviews
in SYSTEMPATH\Database\SQLite3\Connection.php on line 174.
 1 SYSTEMPATH\Database\BaseConnection.php(908): CodeIgniter\Database\SQLite3\Connection->execute('SELECT `r`.*, `p`.`project_name`, `p`.`project_code`, `s`.`shot_number`, `seq`.`seq_name`, `u`.`name` as `artist_name`, `u`.`user_profile_pic` as `artist_pic`, `vta`.`vfx_task_assignment_id`, `c`.`category_name` as `task_name`, `rf`.`proxy_path`, `rf`.`file_type`
FROM `reviews` `r`
LEFT JOIN `projects` `p` ON `p`.`project_id` = `r`.`project_id`
LEFT JOIN `project_shots` `s` ON `s`.`shot_id` = `r`.`shot_id`
LEFT JOIN `project_sequences` `seq` ON `seq`.`project_seq_id` = `s`.`project_seq_id`
LEFT JOIN `vfx_task_assignments` `vta` ON `vta`.`vfx_task_assignment_id` = `r`.`vfx_task_assignment_id`
LEFT JOIN `vfx_task_categories` `c` ON `c`.`vfx_task_category_id` = `vta`.`vfx_task_category_id`
LEFT JOIN `users` `u` ON `u`.`id` = `r`.`user_id`
LEFT JOIN `review_files` `rf` ON `rf`.`review_id` = `r`.`id`
WHERE `r`.`status` = \'pending\'
ORDER BY `r`.`created_at` DESC')
 2 SYSTEMPATH\Database\BaseConnection.php(825): CodeIgniter\Database\BaseConnection->simpleQuery('SELECT `r`.*, `p`.`project_name`, `p`.`project_code`, `s`.`shot_number`, `seq`.`seq_name`, `u`.`name` as `artist_name`, `u`.`user_profile_pic` as `artist_pic`, `vta`.`vfx_task_assignment_id`, `c`.`category_name` as `task_name`, `rf`.`proxy_path`, `rf`.`file_type`
FROM `reviews` `r`
LEFT JOIN `projects` `p` ON `p`.`project_id` = `r`.`project_id`
LEFT JOIN `project_shots` `s` ON `s`.`shot_id` = `r`.`shot_id`
LEFT JOIN `project_sequences` `seq` ON `seq`.`project_seq_id` = `s`.`project_seq_id`
LEFT JOIN `vfx_task_assignments` `vta` ON `vta`.`vfx_task_assignment_id` = `r`.`vfx_task_assignment_id`
LEFT JOIN `vfx_task_categories` `c` ON `c`.`vfx_task_category_id` = `vta`.`vfx_task_category_id`
LEFT JOIN `users` `u` ON `u`.`id` = `r`.`user_id`
LEFT JOIN `review_files` `rf` ON `rf`.`review_id` = `r`.`id`
WHERE `r`.`status` = \'pending\'
ORDER BY `r`.`created_at` DESC')
 3 SYSTEMPATH\Database\BaseBuilder.php(1647): CodeIgniter\Database\BaseConnection->query('SELECT `r`.*, `p`.`project_name`, `p`.`project_code`, `s`.`shot_number`, `seq`.`seq_name`, `u`.`name` as `artist_name`, `u`.`user_profile_pic` as `artist_pic`, `vta`.`vfx_task_assignment_id`, `c`.`category_name` as `task_name`, `rf`.`proxy_path`, `rf`.`file_type`
FROM `reviews` `r`
LEFT JOIN `projects` `p` ON `p`.`project_id` = `r`.`project_id`
LEFT JOIN `project_shots` `s` ON `s`.`shot_id` = `r`.`shot_id`
LEFT JOIN `project_sequences` `seq` ON `seq`.`project_seq_id` = `s`.`project_seq_id`
LEFT JOIN `vfx_task_assignments` `vta` ON `vta`.`vfx_task_assignment_id` = `r`.`vfx_task_assignment_id`
LEFT JOIN `vfx_task_categories` `c` ON `c`.`vfx_task_category_id` = `vta`.`vfx_task_category_id`
LEFT JOIN `users` `u` ON `u`.`id` = `r`.`user_id`
LEFT JOIN `review_files` `rf` ON `rf`.`review_id` = `r`.`id`
WHERE `r`.`status` = :r.status:
ORDER BY `r`.`created_at` DESC', [...], false)
 4 APPPATH\Controllers\Admin\Reviews.php(29): CodeIgniter\Database\BaseBuilder->get()
 5 SYSTEMPATH\CodeIgniter.php(974): App\Controllers\Admin\Reviews->index()
 6 SYSTEMPATH\CodeIgniter.php(520): CodeIgniter\CodeIgniter->runController(Object(App\Controllers\Admin\Reviews))
 7 SYSTEMPATH\CodeIgniter.php(363): CodeIgniter\CodeIgniter->handleRequest(null, Object(Config\Cache), false)
 8 SYSTEMPATH\Boot.php(417): CodeIgniter\CodeIgniter->run()
 9 SYSTEMPATH\Boot.php(68): CodeIgniter\Boot::runCodeIgniter(Object(CodeIgniter\CodeIgniter))
10 FCPATH\index.php(59): CodeIgniter\Boot::bootWeb(Object(Config\Paths))
CRITICAL - 2026-08-02 04:25:56 --> [Caused by] Exception: Unable to prepare statement: 1, no such table: reviews
in SYSTEMPATH\Database\SQLite3\Connection.php on line 164.
 1 SYSTEMPATH\Database\SQLite3\Connection.php(164): SQLite3->query('SELECT `r`.*, `p`.`project_name`, `p`.`project_code`, `s`.`shot_number`, `seq`.`seq_name`, `u`.`name` as `artist_name`, `u`.`user_profile_pic` as `artist_pic`, `vta`.`vfx_task_assignment_id`, `c`.`category_name` as `task_name`, `rf`.`proxy_path`, `rf`.`file_type`
FROM `reviews` `r`
LEFT JOIN `projects` `p` ON `p`.`project_id` = `r`.`project_id`
LEFT JOIN `project_shots` `s` ON `s`.`shot_id` = `r`.`shot_id`
LEFT JOIN `project_sequences` `seq` ON `seq`.`project_seq_id` = `s`.`project_seq_id`
LEFT JOIN `vfx_task_assignments` `vta` ON `vta`.`vfx_task_assignment_id` = `r`.`vfx_task_assignment_id`
LEFT JOIN `vfx_task_categories` `c` ON `c`.`vfx_task_category_id` = `vta`.`vfx_task_category_id`
LEFT JOIN `users` `u` ON `u`.`id` = `r`.`user_id`
LEFT JOIN `review_files` `rf` ON `rf`.`review_id` = `r`.`id`
WHERE `r`.`status` = \'pending\'
ORDER BY `r`.`created_at` DESC')
 2 SYSTEMPATH\Database\BaseConnection.php(908): CodeIgniter\Database\SQLite3\Connection->execute('SELECT `r`.*, `p`.`project_name`, `p`.`project_code`, `s`.`shot_number`, `seq`.`seq_name`, `u`.`name` as `artist_name`, `u`.`user_profile_pic` as `artist_pic`, `vta`.`vfx_task_assignment_id`, `c`.`category_name` as `task_name`, `rf`.`proxy_path`, `rf`.`file_type`
FROM `reviews` `r`
LEFT JOIN `projects` `p` ON `p`.`project_id` = `r`.`project_id`
LEFT JOIN `project_shots` `s` ON `s`.`shot_id` = `r`.`shot_id`
LEFT JOIN `project_sequences` `seq` ON `seq`.`project_seq_id` = `s`.`project_seq_id`
LEFT JOIN `vfx_task_assignments` `vta` ON `vta`.`vfx_task_assignment_id` = `r`.`vfx_task_assignment_id`
LEFT JOIN `vfx_task_categories` `c` ON `c`.`vfx_task_category_id` = `vta`.`vfx_task_category_id`
LEFT JOIN `users` `u` ON `u`.`id` = `r`.`user_id`
LEFT JOIN `review_files` `rf` ON `rf`.`review_id` = `r`.`id`
WHERE `r`.`status` = \'pending\'
ORDER BY `r`.`created_at` DESC')
 3 SYSTEMPATH\Database\BaseConnection.php(825): CodeIgniter\Database\BaseConnection->simpleQuery('SELECT `r`.*, `p`.`project_name`, `p`.`project_code`, `s`.`shot_number`, `seq`.`seq_name`, `u`.`name` as `artist_name`, `u`.`user_profile_pic` as `artist_pic`, `vta`.`vfx_task_assignment_id`, `c`.`category_name` as `task_name`, `rf`.`proxy_path`, `rf`.`file_type`
FROM `reviews` `r`
LEFT JOIN `projects` `p` ON `p`.`project_id` = `r`.`project_id`
LEFT JOIN `project_shots` `s` ON `s`.`shot_id` = `r`.`shot_id`
LEFT JOIN `project_sequences` `seq` ON `seq`.`project_seq_id` = `s`.`project_seq_id`
LEFT JOIN `vfx_task_assignments` `vta` ON `vta`.`vfx_task_assignment_id` = `r`.`vfx_task_assignment_id`
LEFT JOIN `vfx_task_categories` `c` ON `c`.`vfx_task_category_id` = `vta`.`vfx_task_category_id`
LEFT JOIN `users` `u` ON `u`.`id` = `r`.`user_id`
LEFT JOIN `review_files` `rf` ON `rf`.`review_id` = `r`.`id`
WHERE `r`.`status` = \'pending\'
ORDER BY `r`.`created_at` DESC')
 4 SYSTEMPATH\Database\BaseBuilder.php(1647): CodeIgniter\Database\BaseConnection->query('SELECT `r`.*, `p`.`project_name`, `p`.`project_code`, `s`.`shot_number`, `seq`.`seq_name`, `u`.`name` as `artist_name`, `u`.`user_profile_pic` as `artist_pic`, `vta`.`vfx_task_assignment_id`, `c`.`category_name` as `task_name`, `rf`.`proxy_path`, `rf`.`file_type`
FROM `reviews` `r`
LEFT JOIN `projects` `p` ON `p`.`project_id` = `r`.`project_id`
LEFT JOIN `project_shots` `s` ON `s`.`shot_id` = `r`.`shot_id`
LEFT JOIN `project_sequences` `seq` ON `seq`.`project_seq_id` = `s`.`project_seq_id`
LEFT JOIN `vfx_task_assignments` `vta` ON `vta`.`vfx_task_assignment_id` = `r`.`vfx_task_assignment_id`
LEFT JOIN `vfx_task_categories` `c` ON `c`.`vfx_task_category_id` = `vta`.`vfx_task_category_id`
LEFT JOIN `users` `u` ON `u`.`id` = `r`.`user_id`
LEFT JOIN `review_files` `rf` ON `rf`.`review_id` = `r`.`id`
WHERE `r`.`status` = :r.status:
ORDER BY `r`.`created_at` DESC', [...], false)
 5 APPPATH\Controllers\Admin\Reviews.php(29): CodeIgniter\Database\BaseBuilder->get()
 6 SYSTEMPATH\CodeIgniter.php(974): App\Controllers\Admin\Reviews->index()
 7 SYSTEMPATH\CodeIgniter.php(520): CodeIgniter\CodeIgniter->runController(Object(App\Controllers\Admin\Reviews))
 8 SYSTEMPATH\CodeIgniter.php(363): CodeIgniter\CodeIgniter->handleRequest(null, Object(Config\Cache), false)
 9 SYSTEMPATH\Boot.php(417): CodeIgniter\CodeIgniter->run()
10 SYSTEMPATH\Boot.php(68): CodeIgniter\Boot::runCodeIgniter(Object(CodeIgniter\CodeIgniter))
11 FCPATH\index.php(59): CodeIgniter\Boot::bootWeb(Object(Config\Paths))
DEBUG - 2026-08-02 04:25:56 --> Session: Class initialized using 'CodeIgniter\Session\Handlers\FileHandler' driver.
ERROR - 2026-08-02 04:25:56 --> Unable to prepare statement: 1, no such table: reviews
in SYSTEMPATH\Database\SQLite3\Connection.php on line 164.
 1 SYSTEMPATH\Database\SQLite3\Connection.php(164): SQLite3->query('SELECT `r`.*, `p`.`project_name`, `p`.`project_code`, `s`.`shot_number`, `seq`.`seq_name`, `u`.`name` as `artist_name`, `u`.`user_profile_pic` as `artist_pic`, `vta`.`vfx_task_assignment_id`, `c`.`category_name` as `task_name`, `rf`.`proxy_path`, `rf`.`file_type`
FROM `reviews` `r`
LEFT JOIN `projects` `p` ON `p`.`project_id` = `r`.`project_id`
LEFT JOIN `project_shots` `s` ON `s`.`shot_id` = `r`.`shot_id`
LEFT JOIN `project_sequences` `seq` ON `seq`.`project_seq_id` = `s`.`project_seq_id`
LEFT JOIN `vfx_task_assignments` `vta` ON `vta`.`vfx_task_assignment_id` = `r`.`vfx_task_assignment_id`
LEFT JOIN `vfx_task_categories` `c` ON `c`.`vfx_task_category_id` = `vta`.`vfx_task_category_id`
LEFT JOIN `users` `u` ON `u`.`id` = `r`.`user_id`
LEFT JOIN `review_files` `rf` ON `rf`.`review_id` = `r`.`id`
WHERE `r`.`status` = \'pending\'
ORDER BY `r`.`created_at` DESC')
 2 SYSTEMPATH\Database\BaseConnection.php(908): CodeIgniter\Database\SQLite3\Connection->execute('SELECT `r`.*, `p`.`project_name`, `p`.`project_code`, `s`.`shot_number`, `seq`.`seq_name`, `u`.`name` as `artist_name`, `u`.`user_profile_pic` as `artist_pic`, `vta`.`vfx_task_assignment_id`, `c`.`category_name` as `task_name`, `rf`.`proxy_path`, `rf`.`file_type`
FROM `reviews` `r`
LEFT JOIN `projects` `p` ON `p`.`project_id` = `r`.`project_id`
LEFT JOIN `project_shots` `s` ON `s`.`shot_id` = `r`.`shot_id`
LEFT JOIN `project_sequences` `seq` ON `seq`.`project_seq_id` = `s`.`project_seq_id`
LEFT JOIN `vfx_task_assignments` `vta` ON `vta`.`vfx_task_assignment_id` = `r`.`vfx_task_assignment_id`
LEFT JOIN `vfx_task_categories` `c` ON `c`.`vfx_task_category_id` = `vta`.`vfx_task_category_id`
LEFT JOIN `users` `u` ON `u`.`id` = `r`.`user_id`
LEFT JOIN `review_files` `rf` ON `rf`.`review_id` = `r`.`id`
WHERE `r`.`status` = \'pending\'
ORDER BY `r`.`created_at` DESC')
 3 SYSTEMPATH\Database\BaseConnection.php(825): CodeIgniter\Database\BaseConnection->simpleQuery('SELECT `r`.*, `p`.`project_name`, `p`.`project_code`, `s`.`shot_number`, `seq`.`seq_name`, `u`.`name` as `artist_name`, `u`.`user_profile_pic` as `artist_pic`, `vta`.`vfx_task_assignment_id`, `c`.`category_name` as `task_name`, `rf`.`proxy_path`, `rf`.`file_type`
FROM `reviews` `r`
LEFT JOIN `projects` `p` ON `p`.`project_id` = `r`.`project_id`
LEFT JOIN `project_shots` `s` ON `s`.`shot_id` = `r`.`shot_id`
LEFT JOIN `project_sequences` `seq` ON `seq`.`project_seq_id` = `s`.`project_seq_id`
LEFT JOIN `vfx_task_assignments` `vta` ON `vta`.`vfx_task_assignment_id` = `r`.`vfx_task_assignment_id`
LEFT JOIN `vfx_task_categories` `c` ON `c`.`vfx_task_category_id` = `vta`.`vfx_task_category_id`
LEFT JOIN `users` `u` ON `u`.`id` = `r`.`user_id`
LEFT JOIN `review_files` `rf` ON `rf`.`review_id` = `r`.`id`
WHERE `r`.`status` = \'pending\'
ORDER BY `r`.`created_at` DESC')
 4 SYSTEMPATH\Database\BaseBuilder.php(1647): CodeIgniter\Database\BaseConnection->query('SELECT `r`.*, `p`.`project_name`, `p`.`project_code`, `s`.`shot_number`, `seq`.`seq_name`, `u`.`name` as `artist_name`, `u`.`user_profile_pic` as `artist_pic`, `vta`.`vfx_task_assignment_id`, `c`.`category_name` as `task_name`, `rf`.`proxy_path`, `rf`.`file_type`
FROM `reviews` `r`
LEFT JOIN `projects` `p` ON `p`.`project_id` = `r`.`project_id`
LEFT JOIN `project_shots` `s` ON `s`.`shot_id` = `r`.`shot_id`
LEFT JOIN `project_sequences` `seq` ON `seq`.`project_seq_id` = `s`.`project_seq_id`
LEFT JOIN `vfx_task_assignments` `vta` ON `vta`.`vfx_task_assignment_id` = `r`.`vfx_task_assignment_id`
LEFT JOIN `vfx_task_categories` `c` ON `c`.`vfx_task_category_id` = `vta`.`vfx_task_category_id`
LEFT JOIN `users` `u` ON `u`.`id` = `r`.`user_id`
LEFT JOIN `review_files` `rf` ON `rf`.`review_id` = `r`.`id`
WHERE `r`.`status` = :r.status:
ORDER BY `r`.`created_at` DESC', [...], false)
 5 APPPATH\Controllers\Admin\Reviews.php(29): CodeIgniter\Database\BaseBuilder->get()
 6 SYSTEMPATH\CodeIgniter.php(974): App\Controllers\Admin\Reviews->index()
 7 SYSTEMPATH\CodeIgniter.php(520): CodeIgniter\CodeIgniter->runController(Object(App\Controllers\Admin\Reviews))
 8 SYSTEMPATH\CodeIgniter.php(363): CodeIgniter\CodeIgniter->handleRequest(null, Object(Config\Cache), false)
 9 SYSTEMPATH\Boot.php(417): CodeIgniter\CodeIgniter->run()
10 SYSTEMPATH\Boot.php(68): CodeIgniter\Boot::runCodeIgniter(Object(CodeIgniter\CodeIgniter))
11 FCPATH\index.php(59): CodeIgniter\Boot::bootWeb(Object(Config\Paths))
CRITICAL - 2026-08-02 04:25:56 --> CodeIgniter\Database\Exceptions\DatabaseException: Unable to prepare statement: 1, no such table: reviews
[Method: GET, Route: admin/reviews]
in SYSTEMPATH\Database\BaseConnection.php on line 863.
 1 SYSTEMPATH\Database\BaseBuilder.php(1647): CodeIgniter\Database\BaseConnection->query('SELECT `r`.*, `p`.`project_name`, `p`.`project_code`, `s`.`shot_number`, `seq`.`seq_name`, `u`.`name` as `artist_name`, `u`.`user_profile_pic` as `artist_pic`, `vta`.`vfx_task_assignment_id`, `c`.`category_name` as `task_name`, `rf`.`proxy_path`, `rf`.`file_type`
FROM `reviews` `r`
LEFT JOIN `projects` `p` ON `p`.`project_id` = `r`.`project_id`
LEFT JOIN `project_shots` `s` ON `s`.`shot_id` = `r`.`shot_id`
LEFT JOIN `project_sequences` `seq` ON `seq`.`project_seq_id` = `s`.`project_seq_id`
LEFT JOIN `vfx_task_assignments` `vta` ON `vta`.`vfx_task_assignment_id` = `r`.`vfx_task_assignment_id`
LEFT JOIN `vfx_task_categories` `c` ON `c`.`vfx_task_category_id` = `vta`.`vfx_task_category_id`
LEFT JOIN `users` `u` ON `u`.`id` = `r`.`user_id`
LEFT JOIN `review_files` `rf` ON `rf`.`review_id` = `r`.`id`
WHERE `r`.`status` = :r.status:
ORDER BY `r`.`created_at` DESC', [...], false)
 2 APPPATH\Controllers\Admin\Reviews.php(29): CodeIgniter\Database\BaseBuilder->get()
 3 SYSTEMPATH\CodeIgniter.php(974): App\Controllers\Admin\Reviews->index()
 4 SYSTEMPATH\CodeIgniter.php(520): CodeIgniter\CodeIgniter->runController(Object(App\Controllers\Admin\Reviews))
 5 SYSTEMPATH\CodeIgniter.php(363): CodeIgniter\CodeIgniter->handleRequest(null, Object(Config\Cache), false)
 6 SYSTEMPATH\Boot.php(417): CodeIgniter\CodeIgniter->run()
 7 SYSTEMPATH\Boot.php(68): CodeIgniter\Boot::runCodeIgniter(Object(CodeIgniter\CodeIgniter))
 8 FCPATH\index.php(59): CodeIgniter\Boot::bootWeb(Object(Config\Paths))
CRITICAL - 2026-08-02 04:25:56 --> [Caused by] CodeIgniter\Database\Exceptions\DatabaseException: Unable to prepare statement: 1, no such table: reviews
in SYSTEMPATH\Database\SQLite3\Connection.php on line 174.
 1 SYSTEMPATH\Database\BaseConnection.php(908): CodeIgniter\Database\SQLite3\Connection->execute('SELECT `r`.*, `p`.`project_name`, `p`.`project_code`, `s`.`shot_number`, `seq`.`seq_name`, `u`.`name` as `artist_name`, `u`.`user_profile_pic` as `artist_pic`, `vta`.`vfx_task_assignment_id`, `c`.`category_name` as `task_name`, `rf`.`proxy_path`, `rf`.`file_type`
FROM `reviews` `r`
LEFT JOIN `projects` `p` ON `p`.`project_id` = `r`.`project_id`
LEFT JOIN `project_shots` `s` ON `s`.`shot_id` = `r`.`shot_id`
LEFT JOIN `project_sequences` `seq` ON `seq`.`project_seq_id` = `s`.`project_seq_id`
LEFT JOIN `vfx_task_assignments` `vta` ON `vta`.`vfx_task_assignment_id` = `r`.`vfx_task_assignment_id`
LEFT JOIN `vfx_task_categories` `c` ON `c`.`vfx_task_category_id` = `vta`.`vfx_task_category_id`
LEFT JOIN `users` `u` ON `u`.`id` = `r`.`user_id`
LEFT JOIN `review_files` `rf` ON `rf`.`review_id` = `r`.`id`
WHERE `r`.`status` = \'pending\'
ORDER BY `r`.`created_at` DESC')
 2 SYSTEMPATH\Database\BaseConnection.php(825): CodeIgniter\Database\BaseConnection->simpleQuery('SELECT `r`.*, `p`.`project_name`, `p`.`project_code`, `s`.`shot_number`, `seq`.`seq_name`, `u`.`name` as `artist_name`, `u`.`user_profile_pic` as `artist_pic`, `vta`.`vfx_task_assignment_id`, `c`.`category_name` as `task_name`, `rf`.`proxy_path`, `rf`.`file_type`
FROM `reviews` `r`
LEFT JOIN `projects` `p` ON `p`.`project_id` = `r`.`project_id`
LEFT JOIN `project_shots` `s` ON `s`.`shot_id` = `r`.`shot_id`
LEFT JOIN `project_sequences` `seq` ON `seq`.`project_seq_id` = `s`.`project_seq_id`
LEFT JOIN `vfx_task_assignments` `vta` ON `vta`.`vfx_task_assignment_id` = `r`.`vfx_task_assignment_id`
LEFT JOIN `vfx_task_categories` `c` ON `c`.`vfx_task_category_id` = `vta`.`vfx_task_category_id`
LEFT JOIN `users` `u` ON `u`.`id` = `r`.`user_id`
LEFT JOIN `review_files` `rf` ON `rf`.`review_id` = `r`.`id`
WHERE `r`.`status` = \'pending\'
ORDER BY `r`.`created_at` DESC')
 3 SYSTEMPATH\Database\BaseBuilder.php(1647): CodeIgniter\Database\BaseConnection->query('SELECT `r`.*, `p`.`project_name`, `p`.`project_code`, `s`.`shot_number`, `seq`.`seq_name`, `u`.`name` as `artist_name`, `u`.`user_profile_pic` as `artist_pic`, `vta`.`vfx_task_assignment_id`, `c`.`category_name` as `task_name`, `rf`.`proxy_path`, `rf`.`file_type`
FROM `reviews` `r`
LEFT JOIN `projects` `p` ON `p`.`project_id` = `r`.`project_id`
LEFT JOIN `project_shots` `s` ON `s`.`shot_id` = `r`.`shot_id`
LEFT JOIN `project_sequences` `seq` ON `seq`.`project_seq_id` = `s`.`project_seq_id`
LEFT JOIN `vfx_task_assignments` `vta` ON `vta`.`vfx_task_assignment_id` = `r`.`vfx_task_assignment_id`
LEFT JOIN `vfx_task_categories` `c` ON `c`.`vfx_task_category_id` = `vta`.`vfx_task_category_id`
LEFT JOIN `users` `u` ON `u`.`id` = `r`.`user_id`
LEFT JOIN `review_files` `rf` ON `rf`.`review_id` = `r`.`id`
WHERE `r`.`status` = :r.status:
ORDER BY `r`.`created_at` DESC', [...], false)
 4 APPPATH\Controllers\Admin\Reviews.php(29): CodeIgniter\Database\BaseBuilder->get()
 5 SYSTEMPATH\CodeIgniter.php(974): App\Controllers\Admin\Reviews->index()
 6 SYSTEMPATH\CodeIgniter.php(520): CodeIgniter\CodeIgniter->runController(Object(App\Controllers\Admin\Reviews))
 7 SYSTEMPATH\CodeIgniter.php(363): CodeIgniter\CodeIgniter->handleRequest(null, Object(Config\Cache), false)
 8 SYSTEMPATH\Boot.php(417): CodeIgniter\CodeIgniter->run()
 9 SYSTEMPATH\Boot.php(68): CodeIgniter\Boot::runCodeIgniter(Object(CodeIgniter\CodeIgniter))
10 FCPATH\index.php(59): CodeIgniter\Boot::bootWeb(Object(Config\Paths))
CRITICAL - 2026-08-02 04:25:56 --> [Caused by] Exception: Unable to prepare statement: 1, no such table: reviews
in SYSTEMPATH\Database\SQLite3\Connection.php on line 164.
 1 SYSTEMPATH\Database\SQLite3\Connection.php(164): SQLite3->query('SELECT `r`.*, `p`.`project_name`, `p`.`project_code`, `s`.`shot_number`, `seq`.`seq_name`, `u`.`name` as `artist_name`, `u`.`user_profile_pic` as `artist_pic`, `vta`.`vfx_task_assignment_id`, `c`.`category_name` as `task_name`, `rf`.`proxy_path`, `rf`.`file_type`
FROM `reviews` `r`
LEFT JOIN `projects` `p` ON `p`.`project_id` = `r`.`project_id`
LEFT JOIN `project_shots` `s` ON `s`.`shot_id` = `r`.`shot_id`
LEFT JOIN `project_sequences` `seq` ON `seq`.`project_seq_id` = `s`.`project_seq_id`
LEFT JOIN `vfx_task_assignments` `vta` ON `vta`.`vfx_task_assignment_id` = `r`.`vfx_task_assignment_id`
LEFT JOIN `vfx_task_categories` `c` ON `c`.`vfx_task_category_id` = `vta`.`vfx_task_category_id`
LEFT JOIN `users` `u` ON `u`.`id` = `r`.`user_id`
LEFT JOIN `review_files` `rf` ON `rf`.`review_id` = `r`.`id`
WHERE `r`.`status` = \'pending\'
ORDER BY `r`.`created_at` DESC')
 2 SYSTEMPATH\Database\BaseConnection.php(908): CodeIgniter\Database\SQLite3\Connection->execute('SELECT `r`.*, `p`.`project_name`, `p`.`project_code`, `s`.`shot_number`, `seq`.`seq_name`, `u`.`name` as `artist_name`, `u`.`user_profile_pic` as `artist_pic`, `vta`.`vfx_task_assignment_id`, `c`.`category_name` as `task_name`, `rf`.`proxy_path`, `rf`.`file_type`
FROM `reviews` `r`
LEFT JOIN `projects` `p` ON `p`.`project_id` = `r`.`project_id`
LEFT JOIN `project_shots` `s` ON `s`.`shot_id` = `r`.`shot_id`
LEFT JOIN `project_sequences` `seq` ON `seq`.`project_seq_id` = `s`.`project_seq_id`
LEFT JOIN `vfx_task_assignments` `vta` ON `vta`.`vfx_task_assignment_id` = `r`.`vfx_task_assignment_id`
LEFT JOIN `vfx_task_categories` `c` ON `c`.`vfx_task_category_id` = `vta`.`vfx_task_category_id`
LEFT JOIN `users` `u` ON `u`.`id` = `r`.`user_id`
LEFT JOIN `review_files` `rf` ON `rf`.`review_id` = `r`.`id`
WHERE `r`.`status` = \'pending\'
ORDER BY `r`.`created_at` DESC')
 3 SYSTEMPATH\Database\BaseConnection.php(825): CodeIgniter\Database\BaseConnection->simpleQuery('SELECT `r`.*, `p`.`project_name`, `p`.`project_code`, `s`.`shot_number`, `seq`.`seq_name`, `u`.`name` as `artist_name`, `u`.`user_profile_pic` as `artist_pic`, `vta`.`vfx_task_assignment_id`, `c`.`category_name` as `task_name`, `rf`.`proxy_path`, `rf`.`file_type`
FROM `reviews` `r`
LEFT JOIN `projects` `p` ON `p`.`project_id` = `r`.`project_id`
LEFT JOIN `project_shots` `s` ON `s`.`shot_id` = `r`.`shot_id`
LEFT JOIN `project_sequences` `seq` ON `seq`.`project_seq_id` = `s`.`project_seq_id`
LEFT JOIN `vfx_task_assignments` `vta` ON `vta`.`vfx_task_assignment_id` = `r`.`vfx_task_assignment_id`
LEFT JOIN `vfx_task_categories` `c` ON `c`.`vfx_task_category_id` = `vta`.`vfx_task_category_id`
LEFT JOIN `users` `u` ON `u`.`id` = `r`.`user_id`
LEFT JOIN `review_files` `rf` ON `rf`.`review_id` = `r`.`id`
WHERE `r`.`status` = \'pending\'
ORDER BY `r`.`created_at` DESC')
 4 SYSTEMPATH\Database\BaseBuilder.php(1647): CodeIgniter\Database\BaseConnection->query('SELECT `r`.*, `p`.`project_name`, `p`.`project_code`, `s`.`shot_number`, `seq`.`seq_name`, `u`.`name` as `artist_name`, `u`.`user_profile_pic` as `artist_pic`, `vta`.`vfx_task_assignment_id`, `c`.`category_name` as `task_name`, `rf`.`proxy_path`, `rf`.`file_type`
FROM `reviews` `r`
LEFT JOIN `projects` `p` ON `p`.`project_id` = `r`.`project_id`
LEFT JOIN `project_shots` `s` ON `s`.`shot_id` = `r`.`shot_id`
LEFT JOIN `project_sequences` `seq` ON `seq`.`project_seq_id` = `s`.`project_seq_id`
LEFT JOIN `vfx_task_assignments` `vta` ON `vta`.`vfx_task_assignment_id` = `r`.`vfx_task_assignment_id`
LEFT JOIN `vfx_task_categories` `c` ON `c`.`vfx_task_category_id` = `vta`.`vfx_task_category_id`
LEFT JOIN `users` `u` ON `u`.`id` = `r`.`user_id`
LEFT JOIN `review_files` `rf` ON `rf`.`review_id` = `r`.`id`
WHERE `r`.`status` = :r.status:
ORDER BY `r`.`created_at` DESC', [...], false)
 5 APPPATH\Controllers\Admin\Reviews.php(29): CodeIgniter\Database\BaseBuilder->get()
 6 SYSTEMPATH\CodeIgniter.php(974): App\Controllers\Admin\Reviews->index()
 7 SYSTEMPATH\CodeIgniter.php(520): CodeIgniter\CodeIgniter->runController(Object(App\Controllers\Admin\Reviews))
 8 SYSTEMPATH\CodeIgniter.php(363): CodeIgniter\CodeIgniter->handleRequest(null, Object(Config\Cache), false)
 9 SYSTEMPATH\Boot.php(417): CodeIgniter\CodeIgniter->run()
10 SYSTEMPATH\Boot.php(68): CodeIgniter\Boot::runCodeIgniter(Object(CodeIgniter\CodeIgniter))
11 FCPATH\index.php(59): CodeIgniter\Boot::bootWeb(Object(Config\Paths))
DEBUG - 2026-08-02 04:25:57 --> Session: Class initialized using 'CodeIgniter\Session\Handlers\FileHandler' driver.
ERROR - 2026-08-02 04:25:57 --> Unable to prepare statement: 1, no such table: reviews
in SYSTEMPATH\Database\SQLite3\Connection.php on line 164.
 1 SYSTEMPATH\Database\SQLite3\Connection.php(164): SQLite3->query('SELECT `r`.*, `p`.`project_name`, `p`.`project_code`, `s`.`shot_number`, `seq`.`seq_name`, `u`.`name` as `artist_name`, `u`.`user_profile_pic` as `artist_pic`, `vta`.`vfx_task_assignment_id`, `c`.`category_name` as `task_name`, `rf`.`proxy_path`, `rf`.`file_type`
FROM `reviews` `r`
LEFT JOIN `projects` `p` ON `p`.`project_id` = `r`.`project_id`
LEFT JOIN `project_shots` `s` ON `s`.`shot_id` = `r`.`shot_id`
LEFT JOIN `project_sequences` `seq` ON `seq`.`project_seq_id` = `s`.`project_seq_id`
LEFT JOIN `vfx_task_assignments` `vta` ON `vta`.`vfx_task_assignment_id` = `r`.`vfx_task_assignment_id`
LEFT JOIN `vfx_task_categories` `c` ON `c`.`vfx_task_category_id` = `vta`.`vfx_task_category_id`
LEFT JOIN `users` `u` ON `u`.`id` = `r`.`user_id`
LEFT JOIN `review_files` `rf` ON `rf`.`review_id` = `r`.`id`
WHERE `r`.`status` = \'pending\'
ORDER BY `r`.`created_at` DESC')
 2 SYSTEMPATH\Database\BaseConnection.php(908): CodeIgniter\Database\SQLite3\Connection->execute('SELECT `r`.*, `p`.`project_name`, `p`.`project_code`, `s`.`shot_number`, `seq`.`seq_name`, `u`.`name` as `artist_name`, `u`.`user_profile_pic` as `artist_pic`, `vta`.`vfx_task_assignment_id`, `c`.`category_name` as `task_name`, `rf`.`proxy_path`, `rf`.`file_type`
FROM `reviews` `r`
LEFT JOIN `projects` `p` ON `p`.`project_id` = `r`.`project_id`
LEFT JOIN `project_shots` `s` ON `s`.`shot_id` = `r`.`shot_id`
LEFT JOIN `project_sequences` `seq` ON `seq`.`project_seq_id` = `s`.`project_seq_id`
LEFT JOIN `vfx_task_assignments` `vta` ON `vta`.`vfx_task_assignment_id` = `r`.`vfx_task_assignment_id`
LEFT JOIN `vfx_task_categories` `c` ON `c`.`vfx_task_category_id` = `vta`.`vfx_task_category_id`
LEFT JOIN `users` `u` ON `u`.`id` = `r`.`user_id`
LEFT JOIN `review_files` `rf` ON `rf`.`review_id` = `r`.`id`
WHERE `r`.`status` = \'pending\'
ORDER BY `r`.`created_at` DESC')
 3 SYSTEMPATH\Database\BaseConnection.php(825): CodeIgniter\Database\BaseConnection->simpleQuery('SELECT `r`.*, `p`.`project_name`, `p`.`project_code`, `s`.`shot_number`, `seq`.`seq_name`, `u`.`name` as `artist_name`, `u`.`user_profile_pic` as `artist_pic`, `vta`.`vfx_task_assignment_id`, `c`.`category_name` as `task_name`, `rf`.`proxy_path`, `rf`.`file_type`
FROM `reviews` `r`
LEFT JOIN `projects` `p` ON `p`.`project_id` = `r`.`project_id`
LEFT JOIN `project_shots` `s` ON `s`.`shot_id` = `r`.`shot_id`
LEFT JOIN `project_sequences` `seq` ON `seq`.`project_seq_id` = `s`.`project_seq_id`
LEFT JOIN `vfx_task_assignments` `vta` ON `vta`.`vfx_task_assignment_id` = `r`.`vfx_task_assignment_id`
LEFT JOIN `vfx_task_categories` `c` ON `c`.`vfx_task_category_id` = `vta`.`vfx_task_category_id`
LEFT JOIN `users` `u` ON `u`.`id` = `r`.`user_id`
LEFT JOIN `review_files` `rf` ON `rf`.`review_id` = `r`.`id`
WHERE `r`.`status` = \'pending\'
ORDER BY `r`.`created_at` DESC')
 4 SYSTEMPATH\Database\BaseBuilder.php(1647): CodeIgniter\Database\BaseConnection->query('SELECT `r`.*, `p`.`project_name`, `p`.`project_code`, `s`.`shot_number`, `seq`.`seq_name`, `u`.`name` as `artist_name`, `u`.`user_profile_pic` as `artist_pic`, `vta`.`vfx_task_assignment_id`, `c`.`category_name` as `task_name`, `rf`.`proxy_path`, `rf`.`file_type`
FROM `reviews` `r`
LEFT JOIN `projects` `p` ON `p`.`project_id` = `r`.`project_id`
LEFT JOIN `project_shots` `s` ON `s`.`shot_id` = `r`.`shot_id`
LEFT JOIN `project_sequences` `seq` ON `seq`.`project_seq_id` = `s`.`project_seq_id`
LEFT JOIN `vfx_task_assignments` `vta` ON `vta`.`vfx_task_assignment_id` = `r`.`vfx_task_assignment_id`
LEFT JOIN `vfx_task_categories` `c` ON `c`.`vfx_task_category_id` = `vta`.`vfx_task_category_id`
LEFT JOIN `users` `u` ON `u`.`id` = `r`.`user_id`
LEFT JOIN `review_files` `rf` ON `rf`.`review_id` = `r`.`id`
WHERE `r`.`status` = :r.status:
ORDER BY `r`.`created_at` DESC', [...], false)
 5 APPPATH\Controllers\Admin\Reviews.php(29): CodeIgniter\Database\BaseBuilder->get()
 6 SYSTEMPATH\CodeIgniter.php(974): App\Controllers\Admin\Reviews->index()
 7 SYSTEMPATH\CodeIgniter.php(520): CodeIgniter\CodeIgniter->runController(Object(App\Controllers\Admin\Reviews))
 8 SYSTEMPATH\CodeIgniter.php(363): CodeIgniter\CodeIgniter->handleRequest(null, Object(Config\Cache), false)
 9 SYSTEMPATH\Boot.php(417): CodeIgniter\CodeIgniter->run()
10 SYSTEMPATH\Boot.php(68): CodeIgniter\Boot::runCodeIgniter(Object(CodeIgniter\CodeIgniter))
11 FCPATH\index.php(59): CodeIgniter\Boot::bootWeb(Object(Config\Paths))
CRITICAL - 2026-08-02 04:25:57 --> CodeIgniter\Database\Exceptions\DatabaseException: Unable to prepare statement: 1, no such table: reviews
[Method: GET, Route: admin/reviews]
in SYSTEMPATH\Database\BaseConnection.php on line 863.
 1 SYSTEMPATH\Database\BaseBuilder.php(1647): CodeIgniter\Database\BaseConnection->query('SELECT `r`.*, `p`.`project_name`, `p`.`project_code`, `s`.`shot_number`, `seq`.`seq_name`, `u`.`name` as `artist_name`, `u`.`user_profile_pic` as `artist_pic`, `vta`.`vfx_task_assignment_id`, `c`.`category_name` as `task_name`, `rf`.`proxy_path`, `rf`.`file_type`
FROM `reviews` `r`
LEFT JOIN `projects` `p` ON `p`.`project_id` = `r`.`project_id`
LEFT JOIN `project_shots` `s` ON `s`.`shot_id` = `r`.`shot_id`
LEFT JOIN `project_sequences` `seq` ON `seq`.`project_seq_id` = `s`.`project_seq_id`
LEFT JOIN `vfx_task_assignments` `vta` ON `vta`.`vfx_task_assignment_id` = `r`.`vfx_task_assignment_id`
LEFT JOIN `vfx_task_categories` `c` ON `c`.`vfx_task_category_id` = `vta`.`vfx_task_category_id`
LEFT JOIN `users` `u` ON `u`.`id` = `r`.`user_id`
LEFT JOIN `review_files` `rf` ON `rf`.`review_id` = `r`.`id`
WHERE `r`.`status` = :r.status:
ORDER BY `r`.`created_at` DESC', [...], false)
 2 APPPATH\Controllers\Admin\Reviews.php(29): CodeIgniter\Database\BaseBuilder->get()
 3 SYSTEMPATH\CodeIgniter.php(974): App\Controllers\Admin\Reviews->index()
 4 SYSTEMPATH\CodeIgniter.php(520): CodeIgniter\CodeIgniter->runController(Object(App\Controllers\Admin\Reviews))
 5 SYSTEMPATH\CodeIgniter.php(363): CodeIgniter\CodeIgniter->handleRequest(null, Object(Config\Cache), false)
 6 SYSTEMPATH\Boot.php(417): CodeIgniter\CodeIgniter->run()
 7 SYSTEMPATH\Boot.php(68): CodeIgniter\Boot::runCodeIgniter(Object(CodeIgniter\CodeIgniter))
 8 FCPATH\index.php(59): CodeIgniter\Boot::bootWeb(Object(Config\Paths))
CRITICAL - 2026-08-02 04:25:57 --> [Caused by] CodeIgniter\Database\Exceptions\DatabaseException: Unable to prepare statement: 1, no such table: reviews
in SYSTEMPATH\Database\SQLite3\Connection.php on line 174.
 1 SYSTEMPATH\Database\BaseConnection.php(908): CodeIgniter\Database\SQLite3\Connection->execute('SELECT `r`.*, `p`.`project_name`, `p`.`project_code`, `s`.`shot_number`, `seq`.`seq_name`, `u`.`name` as `artist_name`, `u`.`user_profile_pic` as `artist_pic`, `vta`.`vfx_task_assignment_id`, `c`.`category_name` as `task_name`, `rf`.`proxy_path`, `rf`.`file_type`
FROM `reviews` `r`
LEFT JOIN `projects` `p` ON `p`.`project_id` = `r`.`project_id`
LEFT JOIN `project_shots` `s` ON `s`.`shot_id` = `r`.`shot_id`
LEFT JOIN `project_sequences` `seq` ON `seq`.`project_seq_id` = `s`.`project_seq_id`
LEFT JOIN `vfx_task_assignments` `vta` ON `vta`.`vfx_task_assignment_id` = `r`.`vfx_task_assignment_id`
LEFT JOIN `vfx_task_categories` `c` ON `c`.`vfx_task_category_id` = `vta`.`vfx_task_category_id`
LEFT JOIN `users` `u` ON `u`.`id` = `r`.`user_id`
LEFT JOIN `review_files` `rf` ON `rf`.`review_id` = `r`.`id`
WHERE `r`.`status` = \'pending\'
ORDER BY `r`.`created_at` DESC')
 2 SYSTEMPATH\Database\BaseConnection.php(825): CodeIgniter\Database\BaseConnection->simpleQuery('SELECT `r`.*, `p`.`project_name`, `p`.`project_code`, `s`.`shot_number`, `seq`.`seq_name`, `u`.`name` as `artist_name`, `u`.`user_profile_pic` as `artist_pic`, `vta`.`vfx_task_assignment_id`, `c`.`category_name` as `task_name`, `rf`.`proxy_path`, `rf`.`file_type`
FROM `reviews` `r`
LEFT JOIN `projects` `p` ON `p`.`project_id` = `r`.`project_id`
LEFT JOIN `project_shots` `s` ON `s`.`shot_id` = `r`.`shot_id`
LEFT JOIN `project_sequences` `seq` ON `seq`.`project_seq_id` = `s`.`project_seq_id`
LEFT JOIN `vfx_task_assignments` `vta` ON `vta`.`vfx_task_assignment_id` = `r`.`vfx_task_assignment_id`
LEFT JOIN `vfx_task_categories` `c` ON `c`.`vfx_task_category_id` = `vta`.`vfx_task_category_id`
LEFT JOIN `users` `u` ON `u`.`id` = `r`.`user_id`
LEFT JOIN `review_files` `rf` ON `rf`.`review_id` = `r`.`id`
WHERE `r`.`status` = \'pending\'
ORDER BY `r`.`created_at` DESC')
 3 SYSTEMPATH\Database\BaseBuilder.php(1647): CodeIgniter\Database\BaseConnection->query('SELECT `r`.*, `p`.`project_name`, `p`.`project_code`, `s`.`shot_number`, `seq`.`seq_name`, `u`.`name` as `artist_name`, `u`.`user_profile_pic` as `artist_pic`, `vta`.`vfx_task_assignment_id`, `c`.`category_name` as `task_name`, `rf`.`proxy_path`, `rf`.`file_type`
FROM `reviews` `r`
LEFT JOIN `projects` `p` ON `p`.`project_id` = `r`.`project_id`
LEFT JOIN `project_shots` `s` ON `s`.`shot_id` = `r`.`shot_id`
LEFT JOIN `project_sequences` `seq` ON `seq`.`project_seq_id` = `s`.`project_seq_id`
LEFT JOIN `vfx_task_assignments` `vta` ON `vta`.`vfx_task_assignment_id` = `r`.`vfx_task_assignment_id`
LEFT JOIN `vfx_task_categories` `c` ON `c`.`vfx_task_category_id` = `vta`.`vfx_task_category_id`
LEFT JOIN `users` `u` ON `u`.`id` = `r`.`user_id`
LEFT JOIN `review_files` `rf` ON `rf`.`review_id` = `r`.`id`
WHERE `r`.`status` = :r.status:
ORDER BY `r`.`created_at` DESC', [...], false)
 4 APPPATH\Controllers\Admin\Reviews.php(29): CodeIgniter\Database\BaseBuilder->get()
 5 SYSTEMPATH\CodeIgniter.php(974): App\Controllers\Admin\Reviews->index()
 6 SYSTEMPATH\CodeIgniter.php(520): CodeIgniter\CodeIgniter->runController(Object(App\Controllers\Admin\Reviews))
 7 SYSTEMPATH\CodeIgniter.php(363): CodeIgniter\CodeIgniter->handleRequest(null, Object(Config\Cache), false)
 8 SYSTEMPATH\Boot.php(417): CodeIgniter\CodeIgniter->run()
 9 SYSTEMPATH\Boot.php(68): CodeIgniter\Boot::runCodeIgniter(Object(CodeIgniter\CodeIgniter))
10 FCPATH\index.php(59): CodeIgniter\Boot::bootWeb(Object(Config\Paths))
CRITICAL - 2026-08-02 04:25:57 --> [Caused by] Exception: Unable to prepare statement: 1, no such table: reviews
in SYSTEMPATH\Database\SQLite3\Connection.php on line 164.
 1 SYSTEMPATH\Database\SQLite3\Connection.php(164): SQLite3->query('SELECT `r`.*, `p`.`project_name`, `p`.`project_code`, `s`.`shot_number`, `seq`.`seq_name`, `u`.`name` as `artist_name`, `u`.`user_profile_pic` as `artist_pic`, `vta`.`vfx_task_assignment_id`, `c`.`category_name` as `task_name`, `rf`.`proxy_path`, `rf`.`file_type`
FROM `reviews` `r`
LEFT JOIN `projects` `p` ON `p`.`project_id` = `r`.`project_id`
LEFT JOIN `project_shots` `s` ON `s`.`shot_id` = `r`.`shot_id`
LEFT JOIN `project_sequences` `seq` ON `seq`.`project_seq_id` = `s`.`project_seq_id`
LEFT JOIN `vfx_task_assignments` `vta` ON `vta`.`vfx_task_assignment_id` = `r`.`vfx_task_assignment_id`
LEFT JOIN `vfx_task_categories` `c` ON `c`.`vfx_task_category_id` = `vta`.`vfx_task_category_id`
LEFT JOIN `users` `u` ON `u`.`id` = `r`.`user_id`
LEFT JOIN `review_files` `rf` ON `rf`.`review_id` = `r`.`id`
WHERE `r`.`status` = \'pending\'
ORDER BY `r`.`created_at` DESC')
 2 SYSTEMPATH\Database\BaseConnection.php(908): CodeIgniter\Database\SQLite3\Connection->execute('SELECT `r`.*, `p`.`project_name`, `p`.`project_code`, `s`.`shot_number`, `seq`.`seq_name`, `u`.`name` as `artist_name`, `u`.`user_profile_pic` as `artist_pic`, `vta`.`vfx_task_assignment_id`, `c`.`category_name` as `task_name`, `rf`.`proxy_path`, `rf`.`file_type`
FROM `reviews` `r`
LEFT JOIN `projects` `p` ON `p`.`project_id` = `r`.`project_id`
LEFT JOIN `project_shots` `s` ON `s`.`shot_id` = `r`.`shot_id`
LEFT JOIN `project_sequences` `seq` ON `seq`.`project_seq_id` = `s`.`project_seq_id`
LEFT JOIN `vfx_task_assignments` `vta` ON `vta`.`vfx_task_assignment_id` = `r`.`vfx_task_assignment_id`
LEFT JOIN `vfx_task_categories` `c` ON `c`.`vfx_task_category_id` = `vta`.`vfx_task_category_id`
LEFT JOIN `users` `u` ON `u`.`id` = `r`.`user_id`
LEFT JOIN `review_files` `rf` ON `rf`.`review_id` = `r`.`id`
WHERE `r`.`status` = \'pending\'
ORDER BY `r`.`created_at` DESC')
 3 SYSTEMPATH\Database\BaseConnection.php(825): CodeIgniter\Database\BaseConnection->simpleQuery('SELECT `r`.*, `p`.`project_name`, `p`.`project_code`, `s`.`shot_number`, `seq`.`seq_name`, `u`.`name` as `artist_name`, `u`.`user_profile_pic` as `artist_pic`, `vta`.`vfx_task_assignment_id`, `c`.`category_name` as `task_name`, `rf`.`proxy_path`, `rf`.`file_type`
FROM `reviews` `r`
LEFT JOIN `projects` `p` ON `p`.`project_id` = `r`.`project_id`
LEFT JOIN `project_shots` `s` ON `s`.`shot_id` = `r`.`shot_id`
LEFT JOIN `project_sequences` `seq` ON `seq`.`project_seq_id` = `s`.`project_seq_id`
LEFT JOIN `vfx_task_assignments` `vta` ON `vta`.`vfx_task_assignment_id` = `r`.`vfx_task_assignment_id`
LEFT JOIN `vfx_task_categories` `c` ON `c`.`vfx_task_category_id` = `vta`.`vfx_task_category_id`
LEFT JOIN `users` `u` ON `u`.`id` = `r`.`user_id`
LEFT JOIN `review_files` `rf` ON `rf`.`review_id` = `r`.`id`
WHERE `r`.`status` = \'pending\'
ORDER BY `r`.`created_at` DESC')
 4 SYSTEMPATH\Database\BaseBuilder.php(1647): CodeIgniter\Database\BaseConnection->query('SELECT `r`.*, `p`.`project_name`, `p`.`project_code`, `s`.`shot_number`, `seq`.`seq_name`, `u`.`name` as `artist_name`, `u`.`user_profile_pic` as `artist_pic`, `vta`.`vfx_task_assignment_id`, `c`.`category_name` as `task_name`, `rf`.`proxy_path`, `rf`.`file_type`
FROM `reviews` `r`
LEFT JOIN `projects` `p` ON `p`.`project_id` = `r`.`project_id`
LEFT JOIN `project_shots` `s` ON `s`.`shot_id` = `r`.`shot_id`
LEFT JOIN `project_sequences` `seq` ON `seq`.`project_seq_id` = `s`.`project_seq_id`
LEFT JOIN `vfx_task_assignments` `vta` ON `vta`.`vfx_task_assignment_id` = `r`.`vfx_task_assignment_id`
LEFT JOIN `vfx_task_categories` `c` ON `c`.`vfx_task_category_id` = `vta`.`vfx_task_category_id`
LEFT JOIN `users` `u` ON `u`.`id` = `r`.`user_id`
LEFT JOIN `review_files` `rf` ON `rf`.`review_id` = `r`.`id`
WHERE `r`.`status` = :r.status:
ORDER BY `r`.`created_at` DESC', [...], false)
 5 APPPATH\Controllers\Admin\Reviews.php(29): CodeIgniter\Database\BaseBuilder->get()
 6 SYSTEMPATH\CodeIgniter.php(974): App\Controllers\Admin\Reviews->index()
 7 SYSTEMPATH\CodeIgniter.php(520): CodeIgniter\CodeIgniter->runController(Object(App\Controllers\Admin\Reviews))
 8 SYSTEMPATH\CodeIgniter.php(363): CodeIgniter\CodeIgniter->handleRequest(null, Object(Config\Cache), false)
 9 SYSTEMPATH\Boot.php(417): CodeIgniter\CodeIgniter->run()
10 SYSTEMPATH\Boot.php(68): CodeIgniter\Boot::runCodeIgniter(Object(CodeIgniter\CodeIgniter))
11 FCPATH\index.php(59): CodeIgniter\Boot::bootWeb(Object(Config\Paths))
DEBUG - 2026-08-02 04:25:57 --> Session: Class initialized using 'CodeIgniter\Session\Handlers\FileHandler' driver.
ERROR - 2026-08-02 04:25:57 --> Unable to prepare statement: 1, no such table: reviews
in SYSTEMPATH\Database\SQLite3\Connection.php on line 164.
 1 SYSTEMPATH\Database\SQLite3\Connection.php(164): SQLite3->query('SELECT `r`.*, `p`.`project_name`, `p`.`project_code`, `s`.`shot_number`, `seq`.`seq_name`, `u`.`name` as `artist_name`, `u`.`user_profile_pic` as `artist_pic`, `vta`.`vfx_task_assignment_id`, `c`.`category_name` as `task_name`, `rf`.`proxy_path`, `rf`.`file_type`
FROM `reviews` `r`
LEFT JOIN `projects` `p` ON `p`.`project_id` = `r`.`project_id`
LEFT JOIN `project_shots` `s` ON `s`.`shot_id` = `r`.`shot_id`
LEFT JOIN `project_sequences` `seq` ON `seq`.`project_seq_id` = `s`.`project_seq_id`
LEFT JOIN `vfx_task_assignments` `vta` ON `vta`.`vfx_task_assignment_id` = `r`.`vfx_task_assignment_id`
LEFT JOIN `vfx_task_categories` `c` ON `c`.`vfx_task_category_id` = `vta`.`vfx_task_category_id`
LEFT JOIN `users` `u` ON `u`.`id` = `r`.`user_id`
LEFT JOIN `review_files` `rf` ON `rf`.`review_id` = `r`.`id`
WHERE `r`.`status` = \'pending\'
ORDER BY `r`.`created_at` DESC')
 2 SYSTEMPATH\Database\BaseConnection.php(908): CodeIgniter\Database\SQLite3\Connection->execute('SELECT `r`.*, `p`.`project_name`, `p`.`project_code`, `s`.`shot_number`, `seq`.`seq_name`, `u`.`name` as `artist_name`, `u`.`user_profile_pic` as `artist_pic`, `vta`.`vfx_task_assignment_id`, `c`.`category_name` as `task_name`, `rf`.`proxy_path`, `rf`.`file_type`
FROM `reviews` `r`
LEFT JOIN `projects` `p` ON `p`.`project_id` = `r`.`project_id`
LEFT JOIN `project_shots` `s` ON `s`.`shot_id` = `r`.`shot_id`
LEFT JOIN `project_sequences` `seq` ON `seq`.`project_seq_id` = `s`.`project_seq_id`
LEFT JOIN `vfx_task_assignments` `vta` ON `vta`.`vfx_task_assignment_id` = `r`.`vfx_task_assignment_id`
LEFT JOIN `vfx_task_categories` `c` ON `c`.`vfx_task_category_id` = `vta`.`vfx_task_category_id`
LEFT JOIN `users` `u` ON `u`.`id` = `r`.`user_id`
LEFT JOIN `review_files` `rf` ON `rf`.`review_id` = `r`.`id`
WHERE `r`.`status` = \'pending\'
ORDER BY `r`.`created_at` DESC')
 3 SYSTEMPATH\Database\BaseConnection.php(825): CodeIgniter\Database\BaseConnection->simpleQuery('SELECT `r`.*, `p`.`project_name`, `p`.`project_code`, `s`.`shot_number`, `seq`.`seq_name`, `u`.`name` as `artist_name`, `u`.`user_profile_pic` as `artist_pic`, `vta`.`vfx_task_assignment_id`, `c`.`category_name` as `task_name`, `rf`.`proxy_path`, `rf`.`file_type`
FROM `reviews` `r`
LEFT JOIN `projects` `p` ON `p`.`project_id` = `r`.`project_id`
LEFT JOIN `project_shots` `s` ON `s`.`shot_id` = `r`.`shot_id`
LEFT JOIN `project_sequences` `seq` ON `seq`.`project_seq_id` = `s`.`project_seq_id`
LEFT JOIN `vfx_task_assignments` `vta` ON `vta`.`vfx_task_assignment_id` = `r`.`vfx_task_assignment_id`
LEFT JOIN `vfx_task_categories` `c` ON `c`.`vfx_task_category_id` = `vta`.`vfx_task_category_id`
LEFT JOIN `users` `u` ON `u`.`id` = `r`.`user_id`
LEFT JOIN `review_files` `rf` ON `rf`.`review_id` = `r`.`id`
WHERE `r`.`status` = \'pending\'
ORDER BY `r`.`created_at` DESC')
 4 SYSTEMPATH\Database\BaseBuilder.php(1647): CodeIgniter\Database\BaseConnection->query('SELECT `r`.*, `p`.`project_name`, `p`.`project_code`, `s`.`shot_number`, `seq`.`seq_name`, `u`.`name` as `artist_name`, `u`.`user_profile_pic` as `artist_pic`, `vta`.`vfx_task_assignment_id`, `c`.`category_name` as `task_name`, `rf`.`proxy_path`, `rf`.`file_type`
FROM `reviews` `r`
LEFT JOIN `projects` `p` ON `p`.`project_id` = `r`.`project_id`
LEFT JOIN `project_shots` `s` ON `s`.`shot_id` = `r`.`shot_id`
LEFT JOIN `project_sequences` `seq` ON `seq`.`project_seq_id` = `s`.`project_seq_id`
LEFT JOIN `vfx_task_assignments` `vta` ON `vta`.`vfx_task_assignment_id` = `r`.`vfx_task_assignment_id`
LEFT JOIN `vfx_task_categories` `c` ON `c`.`vfx_task_category_id` = `vta`.`vfx_task_category_id`
LEFT JOIN `users` `u` ON `u`.`id` = `r`.`user_id`
LEFT JOIN `review_files` `rf` ON `rf`.`review_id` = `r`.`id`
WHERE `r`.`status` = :r.status:
ORDER BY `r`.`created_at` DESC', [...], false)
 5 APPPATH\Controllers\Admin\Reviews.php(29): CodeIgniter\Database\BaseBuilder->get()
 6 SYSTEMPATH\CodeIgniter.php(974): App\Controllers\Admin\Reviews->index()
 7 SYSTEMPATH\CodeIgniter.php(520): CodeIgniter\CodeIgniter->runController(Object(App\Controllers\Admin\Reviews))
 8 SYSTEMPATH\CodeIgniter.php(363): CodeIgniter\CodeIgniter->handleRequest(null, Object(Config\Cache), false)
 9 SYSTEMPATH\Boot.php(417): CodeIgniter\CodeIgniter->run()
10 SYSTEMPATH\Boot.php(68): CodeIgniter\Boot::runCodeIgniter(Object(CodeIgniter\CodeIgniter))
11 FCPATH\index.php(59): CodeIgniter\Boot::bootWeb(Object(Config\Paths))
CRITICAL - 2026-08-02 04:25:57 --> CodeIgniter\Database\Exceptions\DatabaseException: Unable to prepare statement: 1, no such table: reviews
[Method: GET, Route: admin/reviews]
in SYSTEMPATH\Database\BaseConnection.php on line 863.
 1 SYSTEMPATH\Database\BaseBuilder.php(1647): CodeIgniter\Database\BaseConnection->query('SELECT `r`.*, `p`.`project_name`, `p`.`project_code`, `s`.`shot_number`, `seq`.`seq_name`, `u`.`name` as `artist_name`, `u`.`user_profile_pic` as `artist_pic`, `vta`.`vfx_task_assignment_id`, `c`.`category_name` as `task_name`, `rf`.`proxy_path`, `rf`.`file_type`
FROM `reviews` `r`
LEFT JOIN `projects` `p` ON `p`.`project_id` = `r`.`project_id`
LEFT JOIN `project_shots` `s` ON `s`.`shot_id` = `r`.`shot_id`
LEFT JOIN `project_sequences` `seq` ON `seq`.`project_seq_id` = `s`.`project_seq_id`
LEFT JOIN `vfx_task_assignments` `vta` ON `vta`.`vfx_task_assignment_id` = `r`.`vfx_task_assignment_id`
LEFT JOIN `vfx_task_categories` `c` ON `c`.`vfx_task_category_id` = `vta`.`vfx_task_category_id`
LEFT JOIN `users` `u` ON `u`.`id` = `r`.`user_id`
LEFT JOIN `review_files` `rf` ON `rf`.`review_id` = `r`.`id`
WHERE `r`.`status` = :r.status:
ORDER BY `r`.`created_at` DESC', [...], false)
 2 APPPATH\Controllers\Admin\Reviews.php(29): CodeIgniter\Database\BaseBuilder->get()
 3 SYSTEMPATH\CodeIgniter.php(974): App\Controllers\Admin\Reviews->index()
 4 SYSTEMPATH\CodeIgniter.php(520): CodeIgniter\CodeIgniter->runController(Object(App\Controllers\Admin\Reviews))
 5 SYSTEMPATH\CodeIgniter.php(363): CodeIgniter\CodeIgniter->handleRequest(null, Object(Config\Cache), false)
 6 SYSTEMPATH\Boot.php(417): CodeIgniter\CodeIgniter->run()
 7 SYSTEMPATH\Boot.php(68): CodeIgniter\Boot::runCodeIgniter(Object(CodeIgniter\CodeIgniter))
 8 FCPATH\index.php(59): CodeIgniter\Boot::bootWeb(Object(Config\Paths))
CRITICAL - 2026-08-02 04:25:57 --> [Caused by] CodeIgniter\Database\Exceptions\DatabaseException: Unable to prepare statement: 1, no such table: reviews
in SYSTEMPATH\Database\SQLite3\Connection.php on line 174.
 1 SYSTEMPATH\Database\BaseConnection.php(908): CodeIgniter\Database\SQLite3\Connection->execute('SELECT `r`.*, `p`.`project_name`, `p`.`project_code`, `s`.`shot_number`, `seq`.`seq_name`, `u`.`name` as `artist_name`, `u`.`user_profile_pic` as `artist_pic`, `vta`.`vfx_task_assignment_id`, `c`.`category_name` as `task_name`, `rf`.`proxy_path`, `rf`.`file_type`
FROM `reviews` `r`
LEFT JOIN `projects` `p` ON `p`.`project_id` = `r`.`project_id`
LEFT JOIN `project_shots` `s` ON `s`.`shot_id` = `r`.`shot_id`
LEFT JOIN `project_sequences` `seq` ON `seq`.`project_seq_id` = `s`.`project_seq_id`
LEFT JOIN `vfx_task_assignments` `vta` ON `vta`.`vfx_task_assignment_id` = `r`.`vfx_task_assignment_id`
LEFT JOIN `vfx_task_categories` `c` ON `c`.`vfx_task_category_id` = `vta`.`vfx_task_category_id`
LEFT JOIN `users` `u` ON `u`.`id` = `r`.`user_id`
LEFT JOIN `review_files` `rf` ON `rf`.`review_id` = `r`.`id`
WHERE `r`.`status` = \'pending\'
ORDER BY `r`.`created_at` DESC')
 2 SYSTEMPATH\Database\BaseConnection.php(825): CodeIgniter\Database\BaseConnection->simpleQuery('SELECT `r`.*, `p`.`project_name`, `p`.`project_code`, `s`.`shot_number`, `seq`.`seq_name`, `u`.`name` as `artist_name`, `u`.`user_profile_pic` as `artist_pic`, `vta`.`vfx_task_assignment_id`, `c`.`category_name` as `task_name`, `rf`.`proxy_path`, `rf`.`file_type`
FROM `reviews` `r`
LEFT JOIN `projects` `p` ON `p`.`project_id` = `r`.`project_id`
LEFT JOIN `project_shots` `s` ON `s`.`shot_id` = `r`.`shot_id`
LEFT JOIN `project_sequences` `seq` ON `seq`.`project_seq_id` = `s`.`project_seq_id`
LEFT JOIN `vfx_task_assignments` `vta` ON `vta`.`vfx_task_assignment_id` = `r`.`vfx_task_assignment_id`
LEFT JOIN `vfx_task_categories` `c` ON `c`.`vfx_task_category_id` = `vta`.`vfx_task_category_id`
LEFT JOIN `users` `u` ON `u`.`id` = `r`.`user_id`
LEFT JOIN `review_files` `rf` ON `rf`.`review_id` = `r`.`id`
WHERE `r`.`status` = \'pending\'
ORDER BY `r`.`created_at` DESC')
 3 SYSTEMPATH\Database\BaseBuilder.php(1647): CodeIgniter\Database\BaseConnection->query('SELECT `r`.*, `p`.`project_name`, `p`.`project_code`, `s`.`shot_number`, `seq`.`seq_name`, `u`.`name` as `artist_name`, `u`.`user_profile_pic` as `artist_pic`, `vta`.`vfx_task_assignment_id`, `c`.`category_name` as `task_name`, `rf`.`proxy_path`, `rf`.`file_type`
FROM `reviews` `r`
LEFT JOIN `projects` `p` ON `p`.`project_id` = `r`.`project_id`
LEFT JOIN `project_shots` `s` ON `s`.`shot_id` = `r`.`shot_id`
LEFT JOIN `project_sequences` `seq` ON `seq`.`project_seq_id` = `s`.`project_seq_id`
LEFT JOIN `vfx_task_assignments` `vta` ON `vta`.`vfx_task_assignment_id` = `r`.`vfx_task_assignment_id`
LEFT JOIN `vfx_task_categories` `c` ON `c`.`vfx_task_category_id` = `vta`.`vfx_task_category_id`
LEFT JOIN `users` `u` ON `u`.`id` = `r`.`user_id`
LEFT JOIN `review_files` `rf` ON `rf`.`review_id` = `r`.`id`
WHERE `r`.`status` = :r.status:
ORDER BY `r`.`created_at` DESC', [...], false)
 4 APPPATH\Controllers\Admin\Reviews.php(29): CodeIgniter\Database\BaseBuilder->get()
 5 SYSTEMPATH\CodeIgniter.php(974): App\Controllers\Admin\Reviews->index()
 6 SYSTEMPATH\CodeIgniter.php(520): CodeIgniter\CodeIgniter->runController(Object(App\Controllers\Admin\Reviews))
 7 SYSTEMPATH\CodeIgniter.php(363): CodeIgniter\CodeIgniter->handleRequest(null, Object(Config\Cache), false)
 8 SYSTEMPATH\Boot.php(417): CodeIgniter\CodeIgniter->run()
 9 SYSTEMPATH\Boot.php(68): CodeIgniter\Boot::runCodeIgniter(Object(CodeIgniter\CodeIgniter))
10 FCPATH\index.php(59): CodeIgniter\Boot::bootWeb(Object(Config\Paths))
CRITICAL - 2026-08-02 04:25:57 --> [Caused by] Exception: Unable to prepare statement: 1, no such table: reviews
in SYSTEMPATH\Database\SQLite3\Connection.php on line 164.
 1 SYSTEMPATH\Database\SQLite3\Connection.php(164): SQLite3->query('SELECT `r`.*, `p`.`project_name`, `p`.`project_code`, `s`.`shot_number`, `seq`.`seq_name`, `u`.`name` as `artist_name`, `u`.`user_profile_pic` as `artist_pic`, `vta`.`vfx_task_assignment_id`, `c`.`category_name` as `task_name`, `rf`.`proxy_path`, `rf`.`file_type`
FROM `reviews` `r`
LEFT JOIN `projects` `p` ON `p`.`project_id` = `r`.`project_id`
LEFT JOIN `project_shots` `s` ON `s`.`shot_id` = `r`.`shot_id`
LEFT JOIN `project_sequences` `seq` ON `seq`.`project_seq_id` = `s`.`project_seq_id`
LEFT JOIN `vfx_task_assignments` `vta` ON `vta`.`vfx_task_assignment_id` = `r`.`vfx_task_assignment_id`
LEFT JOIN `vfx_task_categories` `c` ON `c`.`vfx_task_category_id` = `vta`.`vfx_task_category_id`
LEFT JOIN `users` `u` ON `u`.`id` = `r`.`user_id`
LEFT JOIN `review_files` `rf` ON `rf`.`review_id` = `r`.`id`
WHERE `r`.`status` = \'pending\'
ORDER BY `r`.`created_at` DESC')
 2 SYSTEMPATH\Database\BaseConnection.php(908): CodeIgniter\Database\SQLite3\Connection->execute('SELECT `r`.*, `p`.`project_name`, `p`.`project_code`, `s`.`shot_number`, `seq`.`seq_name`, `u`.`name` as `artist_name`, `u`.`user_profile_pic` as `artist_pic`, `vta`.`vfx_task_assignment_id`, `c`.`category_name` as `task_name`, `rf`.`proxy_path`, `rf`.`file_type`
FROM `reviews` `r`
LEFT JOIN `projects` `p` ON `p`.`project_id` = `r`.`project_id`
LEFT JOIN `project_shots` `s` ON `s`.`shot_id` = `r`.`shot_id`
LEFT JOIN `project_sequences` `seq` ON `seq`.`project_seq_id` = `s`.`project_seq_id`
LEFT JOIN `vfx_task_assignments` `vta` ON `vta`.`vfx_task_assignment_id` = `r`.`vfx_task_assignment_id`
LEFT JOIN `vfx_task_categories` `c` ON `c`.`vfx_task_category_id` = `vta`.`vfx_task_category_id`
LEFT JOIN `users` `u` ON `u`.`id` = `r`.`user_id`
LEFT JOIN `review_files` `rf` ON `rf`.`review_id` = `r`.`id`
WHERE `r`.`status` = \'pending\'
ORDER BY `r`.`created_at` DESC')
 3 SYSTEMPATH\Database\BaseConnection.php(825): CodeIgniter\Database\BaseConnection->simpleQuery('SELECT `r`.*, `p`.`project_name`, `p`.`project_code`, `s`.`shot_number`, `seq`.`seq_name`, `u`.`name` as `artist_name`, `u`.`user_profile_pic` as `artist_pic`, `vta`.`vfx_task_assignment_id`, `c`.`category_name` as `task_name`, `rf`.`proxy_path`, `rf`.`file_type`
FROM `reviews` `r`
LEFT JOIN `projects` `p` ON `p`.`project_id` = `r`.`project_id`
LEFT JOIN `project_shots` `s` ON `s`.`shot_id` = `r`.`shot_id`
LEFT JOIN `project_sequences` `seq` ON `seq`.`project_seq_id` = `s`.`project_seq_id`
LEFT JOIN `vfx_task_assignments` `vta` ON `vta`.`vfx_task_assignment_id` = `r`.`vfx_task_assignment_id`
LEFT JOIN `vfx_task_categories` `c` ON `c`.`vfx_task_category_id` = `vta`.`vfx_task_category_id`
LEFT JOIN `users` `u` ON `u`.`id` = `r`.`user_id`
LEFT JOIN `review_files` `rf` ON `rf`.`review_id` = `r`.`id`
WHERE `r`.`status` = \'pending\'
ORDER BY `r`.`created_at` DESC')
 4 SYSTEMPATH\Database\BaseBuilder.php(1647): CodeIgniter\Database\BaseConnection->query('SELECT `r`.*, `p`.`project_name`, `p`.`project_code`, `s`.`shot_number`, `seq`.`seq_name`, `u`.`name` as `artist_name`, `u`.`user_profile_pic` as `artist_pic`, `vta`.`vfx_task_assignment_id`, `c`.`category_name` as `task_name`, `rf`.`proxy_path`, `rf`.`file_type`
FROM `reviews` `r`
LEFT JOIN `projects` `p` ON `p`.`project_id` = `r`.`project_id`
LEFT JOIN `project_shots` `s` ON `s`.`shot_id` = `r`.`shot_id`
LEFT JOIN `project_sequences` `seq` ON `seq`.`project_seq_id` = `s`.`project_seq_id`
LEFT JOIN `vfx_task_assignments` `vta` ON `vta`.`vfx_task_assignment_id` = `r`.`vfx_task_assignment_id`
LEFT JOIN `vfx_task_categories` `c` ON `c`.`vfx_task_category_id` = `vta`.`vfx_task_category_id`
LEFT JOIN `users` `u` ON `u`.`id` = `r`.`user_id`
LEFT JOIN `review_files` `rf` ON `rf`.`review_id` = `r`.`id`
WHERE `r`.`status` = :r.status:
ORDER BY `r`.`created_at` DESC', [...], false)
 5 APPPATH\Controllers\Admin\Reviews.php(29): CodeIgniter\Database\BaseBuilder->get()
 6 SYSTEMPATH\CodeIgniter.php(974): App\Controllers\Admin\Reviews->index()
 7 SYSTEMPATH\CodeIgniter.php(520): CodeIgniter\CodeIgniter->runController(Object(App\Controllers\Admin\Reviews))
 8 SYSTEMPATH\CodeIgniter.php(363): CodeIgniter\CodeIgniter->handleRequest(null, Object(Config\Cache), false)
 9 SYSTEMPATH\Boot.php(417): CodeIgniter\CodeIgniter->run()
10 SYSTEMPATH\Boot.php(68): CodeIgniter\Boot::runCodeIgniter(Object(CodeIgniter\CodeIgniter))
11 FCPATH\index.php(59): CodeIgniter\Boot::bootWeb(Object(Config\Paths))
DEBUG - 2026-08-02 05:01:59 --> Session: Class initialized using 'CodeIgniter\Session\Handlers\FileHandler' driver.
ERROR - 2026-08-02 05:01:59 --> Unable to prepare statement: 1, no such table: project_shots
in SYSTEMPATH\Database\SQLite3\Connection.php on line 164.
 1 SYSTEMPATH\Database\SQLite3\Connection.php(164): SQLite3->query('SELECT `r`.*, `p`.`project_name`, `p`.`project_code`, `s`.`shot_number`, `seq`.`seq_name`, `u`.`name` as `artist_name`, `u`.`user_profile_pic` as `artist_pic`, `vta`.`vfx_task_assignment_id`, `c`.`category_name` as `task_name`, `rf`.`proxy_path`, `rf`.`file_type`
FROM `reviews` `r`
LEFT JOIN `projects` `p` ON `p`.`project_id` = `r`.`project_id`
LEFT JOIN `project_shots` `s` ON `s`.`shot_id` = `r`.`shot_id`
LEFT JOIN `project_sequences` `seq` ON `seq`.`project_seq_id` = `s`.`project_seq_id`
LEFT JOIN `vfx_task_assignments` `vta` ON `vta`.`vfx_task_assignment_id` = `r`.`vfx_task_assignment_id`
LEFT JOIN `vfx_task_categories` `c` ON `c`.`vfx_task_category_id` = `vta`.`vfx_task_category_id`
LEFT JOIN `users` `u` ON `u`.`id` = `r`.`user_id`
LEFT JOIN `review_files` `rf` ON `rf`.`review_id` = `r`.`id`
WHERE `r`.`status` = \'pending\'
ORDER BY `r`.`created_at` DESC')
 2 SYSTEMPATH\Database\BaseConnection.php(908): CodeIgniter\Database\SQLite3\Connection->execute('SELECT `r`.*, `p`.`project_name`, `p`.`project_code`, `s`.`shot_number`, `seq`.`seq_name`, `u`.`name` as `artist_name`, `u`.`user_profile_pic` as `artist_pic`, `vta`.`vfx_task_assignment_id`, `c`.`category_name` as `task_name`, `rf`.`proxy_path`, `rf`.`file_type`
FROM `reviews` `r`
LEFT JOIN `projects` `p` ON `p`.`project_id` = `r`.`project_id`
LEFT JOIN `project_shots` `s` ON `s`.`shot_id` = `r`.`shot_id`
LEFT JOIN `project_sequences` `seq` ON `seq`.`project_seq_id` = `s`.`project_seq_id`
LEFT JOIN `vfx_task_assignments` `vta` ON `vta`.`vfx_task_assignment_id` = `r`.`vfx_task_assignment_id`
LEFT JOIN `vfx_task_categories` `c` ON `c`.`vfx_task_category_id` = `vta`.`vfx_task_category_id`
LEFT JOIN `users` `u` ON `u`.`id` = `r`.`user_id`
LEFT JOIN `review_files` `rf` ON `rf`.`review_id` = `r`.`id`
WHERE `r`.`status` = \'pending\'
ORDER BY `r`.`created_at` DESC')
 3 SYSTEMPATH\Database\BaseConnection.php(825): CodeIgniter\Database\BaseConnection->simpleQuery('SELECT `r`.*, `p`.`project_name`, `p`.`project_code`, `s`.`shot_number`, `seq`.`seq_name`, `u`.`name` as `artist_name`, `u`.`user_profile_pic` as `artist_pic`, `vta`.`vfx_task_assignment_id`, `c`.`category_name` as `task_name`, `rf`.`proxy_path`, `rf`.`file_type`
FROM `reviews` `r`
LEFT JOIN `projects` `p` ON `p`.`project_id` = `r`.`project_id`
LEFT JOIN `project_shots` `s` ON `s`.`shot_id` = `r`.`shot_id`
LEFT JOIN `project_sequences` `seq` ON `seq`.`project_seq_id` = `s`.`project_seq_id`
LEFT JOIN `vfx_task_assignments` `vta` ON `vta`.`vfx_task_assignment_id` = `r`.`vfx_task_assignment_id`
LEFT JOIN `vfx_task_categories` `c` ON `c`.`vfx_task_category_id` = `vta`.`vfx_task_category_id`
LEFT JOIN `users` `u` ON `u`.`id` = `r`.`user_id`
LEFT JOIN `review_files` `rf` ON `rf`.`review_id` = `r`.`id`
WHERE `r`.`status` = \'pending\'
ORDER BY `r`.`created_at` DESC')
 4 SYSTEMPATH\Database\BaseBuilder.php(1647): CodeIgniter\Database\BaseConnection->query('SELECT `r`.*, `p`.`project_name`, `p`.`project_code`, `s`.`shot_number`, `seq`.`seq_name`, `u`.`name` as `artist_name`, `u`.`user_profile_pic` as `artist_pic`, `vta`.`vfx_task_assignment_id`, `c`.`category_name` as `task_name`, `rf`.`proxy_path`, `rf`.`file_type`
FROM `reviews` `r`
LEFT JOIN `projects` `p` ON `p`.`project_id` = `r`.`project_id`
LEFT JOIN `project_shots` `s` ON `s`.`shot_id` = `r`.`shot_id`
LEFT JOIN `project_sequences` `seq` ON `seq`.`project_seq_id` = `s`.`project_seq_id`
LEFT JOIN `vfx_task_assignments` `vta` ON `vta`.`vfx_task_assignment_id` = `r`.`vfx_task_assignment_id`
LEFT JOIN `vfx_task_categories` `c` ON `c`.`vfx_task_category_id` = `vta`.`vfx_task_category_id`
LEFT JOIN `users` `u` ON `u`.`id` = `r`.`user_id`
LEFT JOIN `review_files` `rf` ON `rf`.`review_id` = `r`.`id`
WHERE `r`.`status` = :r.status:
ORDER BY `r`.`created_at` DESC', [...], false)
 5 APPPATH\Controllers\Admin\Reviews.php(39): CodeIgniter\Database\BaseBuilder->get()
 6 SYSTEMPATH\CodeIgniter.php(974): App\Controllers\Admin\Reviews->index()
 7 SYSTEMPATH\CodeIgniter.php(520): CodeIgniter\CodeIgniter->runController(Object(App\Controllers\Admin\Reviews))
 8 SYSTEMPATH\CodeIgniter.php(363): CodeIgniter\CodeIgniter->handleRequest(null, Object(Config\Cache), false)
 9 SYSTEMPATH\Boot.php(417): CodeIgniter\CodeIgniter->run()
10 SYSTEMPATH\Boot.php(68): CodeIgniter\Boot::runCodeIgniter(Object(CodeIgniter\CodeIgniter))
11 FCPATH\index.php(59): CodeIgniter\Boot::bootWeb(Object(Config\Paths))
CRITICAL - 2026-08-02 05:01:59 --> CodeIgniter\Database\Exceptions\DatabaseException: Unable to prepare statement: 1, no such table: project_shots
[Method: GET, Route: admin/reviews]
in SYSTEMPATH\Database\BaseConnection.php on line 863.
 1 SYSTEMPATH\Database\BaseBuilder.php(1647): CodeIgniter\Database\BaseConnection->query('SELECT `r`.*, `p`.`project_name`, `p`.`project_code`, `s`.`shot_number`, `seq`.`seq_name`, `u`.`name` as `artist_name`, `u`.`user_profile_pic` as `artist_pic`, `vta`.`vfx_task_assignment_id`, `c`.`category_name` as `task_name`, `rf`.`proxy_path`, `rf`.`file_type`
FROM `reviews` `r`
LEFT JOIN `projects` `p` ON `p`.`project_id` = `r`.`project_id`
LEFT JOIN `project_shots` `s` ON `s`.`shot_id` = `r`.`shot_id`
LEFT JOIN `project_sequences` `seq` ON `seq`.`project_seq_id` = `s`.`project_seq_id`
LEFT JOIN `vfx_task_assignments` `vta` ON `vta`.`vfx_task_assignment_id` = `r`.`vfx_task_assignment_id`
LEFT JOIN `vfx_task_categories` `c` ON `c`.`vfx_task_category_id` = `vta`.`vfx_task_category_id`
LEFT JOIN `users` `u` ON `u`.`id` = `r`.`user_id`
LEFT JOIN `review_files` `rf` ON `rf`.`review_id` = `r`.`id`
WHERE `r`.`status` = :r.status:
ORDER BY `r`.`created_at` DESC', [...], false)
 2 APPPATH\Controllers\Admin\Reviews.php(39): CodeIgniter\Database\BaseBuilder->get()
 3 SYSTEMPATH\CodeIgniter.php(974): App\Controllers\Admin\Reviews->index()
 4 SYSTEMPATH\CodeIgniter.php(520): CodeIgniter\CodeIgniter->runController(Object(App\Controllers\Admin\Reviews))
 5 SYSTEMPATH\CodeIgniter.php(363): CodeIgniter\CodeIgniter->handleRequest(null, Object(Config\Cache), false)
 6 SYSTEMPATH\Boot.php(417): CodeIgniter\CodeIgniter->run()
 7 SYSTEMPATH\Boot.php(68): CodeIgniter\Boot::runCodeIgniter(Object(CodeIgniter\CodeIgniter))
 8 FCPATH\index.php(59): CodeIgniter\Boot::bootWeb(Object(Config\Paths))
CRITICAL - 2026-08-02 05:01:59 --> [Caused by] CodeIgniter\Database\Exceptions\DatabaseException: Unable to prepare statement: 1, no such table: project_shots
in SYSTEMPATH\Database\SQLite3\Connection.php on line 174.
 1 SYSTEMPATH\Database\BaseConnection.php(908): CodeIgniter\Database\SQLite3\Connection->execute('SELECT `r`.*, `p`.`project_name`, `p`.`project_code`, `s`.`shot_number`, `seq`.`seq_name`, `u`.`name` as `artist_name`, `u`.`user_profile_pic` as `artist_pic`, `vta`.`vfx_task_assignment_id`, `c`.`category_name` as `task_name`, `rf`.`proxy_path`, `rf`.`file_type`
FROM `reviews` `r`
LEFT JOIN `projects` `p` ON `p`.`project_id` = `r`.`project_id`
LEFT JOIN `project_shots` `s` ON `s`.`shot_id` = `r`.`shot_id`
LEFT JOIN `project_sequences` `seq` ON `seq`.`project_seq_id` = `s`.`project_seq_id`
LEFT JOIN `vfx_task_assignments` `vta` ON `vta`.`vfx_task_assignment_id` = `r`.`vfx_task_assignment_id`
LEFT JOIN `vfx_task_categories` `c` ON `c`.`vfx_task_category_id` = `vta`.`vfx_task_category_id`
LEFT JOIN `users` `u` ON `u`.`id` = `r`.`user_id`
LEFT JOIN `review_files` `rf` ON `rf`.`review_id` = `r`.`id`
WHERE `r`.`status` = \'pending\'
ORDER BY `r`.`created_at` DESC')
 2 SYSTEMPATH\Database\BaseConnection.php(825): CodeIgniter\Database\BaseConnection->simpleQuery('SELECT `r`.*, `p`.`project_name`, `p`.`project_code`, `s`.`shot_number`, `seq`.`seq_name`, `u`.`name` as `artist_name`, `u`.`user_profile_pic` as `artist_pic`, `vta`.`vfx_task_assignment_id`, `c`.`category_name` as `task_name`, `rf`.`proxy_path`, `rf`.`file_type`
FROM `reviews` `r`
LEFT JOIN `projects` `p` ON `p`.`project_id` = `r`.`project_id`
LEFT JOIN `project_shots` `s` ON `s`.`shot_id` = `r`.`shot_id`
LEFT JOIN `project_sequences` `seq` ON `seq`.`project_seq_id` = `s`.`project_seq_id`
LEFT JOIN `vfx_task_assignments` `vta` ON `vta`.`vfx_task_assignment_id` = `r`.`vfx_task_assignment_id`
LEFT JOIN `vfx_task_categories` `c` ON `c`.`vfx_task_category_id` = `vta`.`vfx_task_category_id`
LEFT JOIN `users` `u` ON `u`.`id` = `r`.`user_id`
LEFT JOIN `review_files` `rf` ON `rf`.`review_id` = `r`.`id`
WHERE `r`.`status` = \'pending\'
ORDER BY `r`.`created_at` DESC')
 3 SYSTEMPATH\Database\BaseBuilder.php(1647): CodeIgniter\Database\BaseConnection->query('SELECT `r`.*, `p`.`project_name`, `p`.`project_code`, `s`.`shot_number`, `seq`.`seq_name`, `u`.`name` as `artist_name`, `u`.`user_profile_pic` as `artist_pic`, `vta`.`vfx_task_assignment_id`, `c`.`category_name` as `task_name`, `rf`.`proxy_path`, `rf`.`file_type`
FROM `reviews` `r`
LEFT JOIN `projects` `p` ON `p`.`project_id` = `r`.`project_id`
LEFT JOIN `project_shots` `s` ON `s`.`shot_id` = `r`.`shot_id`
LEFT JOIN `project_sequences` `seq` ON `seq`.`project_seq_id` = `s`.`project_seq_id`
LEFT JOIN `vfx_task_assignments` `vta` ON `vta`.`vfx_task_assignment_id` = `r`.`vfx_task_assignment_id`
LEFT JOIN `vfx_task_categories` `c` ON `c`.`vfx_task_category_id` = `vta`.`vfx_task_category_id`
LEFT JOIN `users` `u` ON `u`.`id` = `r`.`user_id`
LEFT JOIN `review_files` `rf` ON `rf`.`review_id` = `r`.`id`
WHERE `r`.`status` = :r.status:
ORDER BY `r`.`created_at` DESC', [...], false)
 4 APPPATH\Controllers\Admin\Reviews.php(39): CodeIgniter\Database\BaseBuilder->get()
 5 SYSTEMPATH\CodeIgniter.php(974): App\Controllers\Admin\Reviews->index()
 6 SYSTEMPATH\CodeIgniter.php(520): CodeIgniter\CodeIgniter->runController(Object(App\Controllers\Admin\Reviews))
 7 SYSTEMPATH\CodeIgniter.php(363): CodeIgniter\CodeIgniter->handleRequest(null, Object(Config\Cache), false)
 8 SYSTEMPATH\Boot.php(417): CodeIgniter\CodeIgniter->run()
 9 SYSTEMPATH\Boot.php(68): CodeIgniter\Boot::runCodeIgniter(Object(CodeIgniter\CodeIgniter))
10 FCPATH\index.php(59): CodeIgniter\Boot::bootWeb(Object(Config\Paths))
CRITICAL - 2026-08-02 05:01:59 --> [Caused by] Exception: Unable to prepare statement: 1, no such table: project_shots
in SYSTEMPATH\Database\SQLite3\Connection.php on line 164.
 1 SYSTEMPATH\Database\SQLite3\Connection.php(164): SQLite3->query('SELECT `r`.*, `p`.`project_name`, `p`.`project_code`, `s`.`shot_number`, `seq`.`seq_name`, `u`.`name` as `artist_name`, `u`.`user_profile_pic` as `artist_pic`, `vta`.`vfx_task_assignment_id`, `c`.`category_name` as `task_name`, `rf`.`proxy_path`, `rf`.`file_type`
FROM `reviews` `r`
LEFT JOIN `projects` `p` ON `p`.`project_id` = `r`.`project_id`
LEFT JOIN `project_shots` `s` ON `s`.`shot_id` = `r`.`shot_id`
LEFT JOIN `project_sequences` `seq` ON `seq`.`project_seq_id` = `s`.`project_seq_id`
LEFT JOIN `vfx_task_assignments` `vta` ON `vta`.`vfx_task_assignment_id` = `r`.`vfx_task_assignment_id`
LEFT JOIN `vfx_task_categories` `c` ON `c`.`vfx_task_category_id` = `vta`.`vfx_task_category_id`
LEFT JOIN `users` `u` ON `u`.`id` = `r`.`user_id`
LEFT JOIN `review_files` `rf` ON `rf`.`review_id` = `r`.`id`
WHERE `r`.`status` = \'pending\'
ORDER BY `r`.`created_at` DESC')
 2 SYSTEMPATH\Database\BaseConnection.php(908): CodeIgniter\Database\SQLite3\Connection->execute('SELECT `r`.*, `p`.`project_name`, `p`.`project_code`, `s`.`shot_number`, `seq`.`seq_name`, `u`.`name` as `artist_name`, `u`.`user_profile_pic` as `artist_pic`, `vta`.`vfx_task_assignment_id`, `c`.`category_name` as `task_name`, `rf`.`proxy_path`, `rf`.`file_type`
FROM `reviews` `r`
LEFT JOIN `projects` `p` ON `p`.`project_id` = `r`.`project_id`
LEFT JOIN `project_shots` `s` ON `s`.`shot_id` = `r`.`shot_id`
LEFT JOIN `project_sequences` `seq` ON `seq`.`project_seq_id` = `s`.`project_seq_id`
LEFT JOIN `vfx_task_assignments` `vta` ON `vta`.`vfx_task_assignment_id` = `r`.`vfx_task_assignment_id`
LEFT JOIN `vfx_task_categories` `c` ON `c`.`vfx_task_category_id` = `vta`.`vfx_task_category_id`
LEFT JOIN `users` `u` ON `u`.`id` = `r`.`user_id`
LEFT JOIN `review_files` `rf` ON `rf`.`review_id` = `r`.`id`
WHERE `r`.`status` = \'pending\'
ORDER BY `r`.`created_at` DESC')
 3 SYSTEMPATH\Database\BaseConnection.php(825): CodeIgniter\Database\BaseConnection->simpleQuery('SELECT `r`.*, `p`.`project_name`, `p`.`project_code`, `s`.`shot_number`, `seq`.`seq_name`, `u`.`name` as `artist_name`, `u`.`user_profile_pic` as `artist_pic`, `vta`.`vfx_task_assignment_id`, `c`.`category_name` as `task_name`, `rf`.`proxy_path`, `rf`.`file_type`
FROM `reviews` `r`
LEFT JOIN `projects` `p` ON `p`.`project_id` = `r`.`project_id`
LEFT JOIN `project_shots` `s` ON `s`.`shot_id` = `r`.`shot_id`
LEFT JOIN `project_sequences` `seq` ON `seq`.`project_seq_id` = `s`.`project_seq_id`
LEFT JOIN `vfx_task_assignments` `vta` ON `vta`.`vfx_task_assignment_id` = `r`.`vfx_task_assignment_id`
LEFT JOIN `vfx_task_categories` `c` ON `c`.`vfx_task_category_id` = `vta`.`vfx_task_category_id`
LEFT JOIN `users` `u` ON `u`.`id` = `r`.`user_id`
LEFT JOIN `review_files` `rf` ON `rf`.`review_id` = `r`.`id`
WHERE `r`.`status` = \'pending\'
ORDER BY `r`.`created_at` DESC')
 4 SYSTEMPATH\Database\BaseBuilder.php(1647): CodeIgniter\Database\BaseConnection->query('SELECT `r`.*, `p`.`project_name`, `p`.`project_code`, `s`.`shot_number`, `seq`.`seq_name`, `u`.`name` as `artist_name`, `u`.`user_profile_pic` as `artist_pic`, `vta`.`vfx_task_assignment_id`, `c`.`category_name` as `task_name`, `rf`.`proxy_path`, `rf`.`file_type`
FROM `reviews` `r`
LEFT JOIN `projects` `p` ON `p`.`project_id` = `r`.`project_id`
LEFT JOIN `project_shots` `s` ON `s`.`shot_id` = `r`.`shot_id`
LEFT JOIN `project_sequences` `seq` ON `seq`.`project_seq_id` = `s`.`project_seq_id`
LEFT JOIN `vfx_task_assignments` `vta` ON `vta`.`vfx_task_assignment_id` = `r`.`vfx_task_assignment_id`
LEFT JOIN `vfx_task_categories` `c` ON `c`.`vfx_task_category_id` = `vta`.`vfx_task_category_id`
LEFT JOIN `users` `u` ON `u`.`id` = `r`.`user_id`
LEFT JOIN `review_files` `rf` ON `rf`.`review_id` = `r`.`id`
WHERE `r`.`status` = :r.status:
ORDER BY `r`.`created_at` DESC', [...], false)
 5 APPPATH\Controllers\Admin\Reviews.php(39): CodeIgniter\Database\BaseBuilder->get()
 6 SYSTEMPATH\CodeIgniter.php(974): App\Controllers\Admin\Reviews->index()
 7 SYSTEMPATH\CodeIgniter.php(520): CodeIgniter\CodeIgniter->runController(Object(App\Controllers\Admin\Reviews))
 8 SYSTEMPATH\CodeIgniter.php(363): CodeIgniter\CodeIgniter->handleRequest(null, Object(Config\Cache), false)
 9 SYSTEMPATH\Boot.php(417): CodeIgniter\CodeIgniter->run()
10 SYSTEMPATH\Boot.php(68): CodeIgniter\Boot::runCodeIgniter(Object(CodeIgniter\CodeIgniter))
11 FCPATH\index.php(59): CodeIgniter\Boot::bootWeb(Object(Config\Paths))
DEBUG - 2026-08-02 05:01:59 --> Session: Class initialized using 'CodeIgniter\Session\Handlers\FileHandler' driver.
ERROR - 2026-08-02 05:01:59 --> Unable to prepare statement: 1, no such table: project_shots
in SYSTEMPATH\Database\SQLite3\Connection.php on line 164.
 1 SYSTEMPATH\Database\SQLite3\Connection.php(164): SQLite3->query('SELECT `r`.*, `p`.`project_name`, `p`.`project_code`, `s`.`shot_number`, `seq`.`seq_name`, `u`.`name` as `artist_name`, `u`.`user_profile_pic` as `artist_pic`, `vta`.`vfx_task_assignment_id`, `c`.`category_name` as `task_name`, `rf`.`proxy_path`, `rf`.`file_type`
FROM `reviews` `r`
LEFT JOIN `projects` `p` ON `p`.`project_id` = `r`.`project_id`
LEFT JOIN `project_shots` `s` ON `s`.`shot_id` = `r`.`shot_id`
LEFT JOIN `project_sequences` `seq` ON `seq`.`project_seq_id` = `s`.`project_seq_id`
LEFT JOIN `vfx_task_assignments` `vta` ON `vta`.`vfx_task_assignment_id` = `r`.`vfx_task_assignment_id`
LEFT JOIN `vfx_task_categories` `c` ON `c`.`vfx_task_category_id` = `vta`.`vfx_task_category_id`
LEFT JOIN `users` `u` ON `u`.`id` = `r`.`user_id`
LEFT JOIN `review_files` `rf` ON `rf`.`review_id` = `r`.`id`
WHERE `r`.`status` = \'pending\'
ORDER BY `r`.`created_at` DESC')
 2 SYSTEMPATH\Database\BaseConnection.php(908): CodeIgniter\Database\SQLite3\Connection->execute('SELECT `r`.*, `p`.`project_name`, `p`.`project_code`, `s`.`shot_number`, `seq`.`seq_name`, `u`.`name` as `artist_name`, `u`.`user_profile_pic` as `artist_pic`, `vta`.`vfx_task_assignment_id`, `c`.`category_name` as `task_name`, `rf`.`proxy_path`, `rf`.`file_type`
FROM `reviews` `r`
LEFT JOIN `projects` `p` ON `p`.`project_id` = `r`.`project_id`
LEFT JOIN `project_shots` `s` ON `s`.`shot_id` = `r`.`shot_id`
LEFT JOIN `project_sequences` `seq` ON `seq`.`project_seq_id` = `s`.`project_seq_id`
LEFT JOIN `vfx_task_assignments` `vta` ON `vta`.`vfx_task_assignment_id` = `r`.`vfx_task_assignment_id`
LEFT JOIN `vfx_task_categories` `c` ON `c`.`vfx_task_category_id` = `vta`.`vfx_task_category_id`
LEFT JOIN `users` `u` ON `u`.`id` = `r`.`user_id`
LEFT JOIN `review_files` `rf` ON `rf`.`review_id` = `r`.`id`
WHERE `r`.`status` = \'pending\'
ORDER BY `r`.`created_at` DESC')
 3 SYSTEMPATH\Database\BaseConnection.php(825): CodeIgniter\Database\BaseConnection->simpleQuery('SELECT `r`.*, `p`.`project_name`, `p`.`project_code`, `s`.`shot_number`, `seq`.`seq_name`, `u`.`name` as `artist_name`, `u`.`user_profile_pic` as `artist_pic`, `vta`.`vfx_task_assignment_id`, `c`.`category_name` as `task_name`, `rf`.`proxy_path`, `rf`.`file_type`
FROM `reviews` `r`
LEFT JOIN `projects` `p` ON `p`.`project_id` = `r`.`project_id`
LEFT JOIN `project_shots` `s` ON `s`.`shot_id` = `r`.`shot_id`
LEFT JOIN `project_sequences` `seq` ON `seq`.`project_seq_id` = `s`.`project_seq_id`
LEFT JOIN `vfx_task_assignments` `vta` ON `vta`.`vfx_task_assignment_id` = `r`.`vfx_task_assignment_id`
LEFT JOIN `vfx_task_categories` `c` ON `c`.`vfx_task_category_id` = `vta`.`vfx_task_category_id`
LEFT JOIN `users` `u` ON `u`.`id` = `r`.`user_id`
LEFT JOIN `review_files` `rf` ON `rf`.`review_id` = `r`.`id`
WHERE `r`.`status` = \'pending\'
ORDER BY `r`.`created_at` DESC')
 4 SYSTEMPATH\Database\BaseBuilder.php(1647): CodeIgniter\Database\BaseConnection->query('SELECT `r`.*, `p`.`project_name`, `p`.`project_code`, `s`.`shot_number`, `seq`.`seq_name`, `u`.`name` as `artist_name`, `u`.`user_profile_pic` as `artist_pic`, `vta`.`vfx_task_assignment_id`, `c`.`category_name` as `task_name`, `rf`.`proxy_path`, `rf`.`file_type`
FROM `reviews` `r`
LEFT JOIN `projects` `p` ON `p`.`project_id` = `r`.`project_id`
LEFT JOIN `project_shots` `s` ON `s`.`shot_id` = `r`.`shot_id`
LEFT JOIN `project_sequences` `seq` ON `seq`.`project_seq_id` = `s`.`project_seq_id`
LEFT JOIN `vfx_task_assignments` `vta` ON `vta`.`vfx_task_assignment_id` = `r`.`vfx_task_assignment_id`
LEFT JOIN `vfx_task_categories` `c` ON `c`.`vfx_task_category_id` = `vta`.`vfx_task_category_id`
LEFT JOIN `users` `u` ON `u`.`id` = `r`.`user_id`
LEFT JOIN `review_files` `rf` ON `rf`.`review_id` = `r`.`id`
WHERE `r`.`status` = :r.status:
ORDER BY `r`.`created_at` DESC', [...], false)
 5 APPPATH\Controllers\Admin\Reviews.php(39): CodeIgniter\Database\BaseBuilder->get()
 6 SYSTEMPATH\CodeIgniter.php(974): App\Controllers\Admin\Reviews->index()
 7 SYSTEMPATH\CodeIgniter.php(520): CodeIgniter\CodeIgniter->runController(Object(App\Controllers\Admin\Reviews))
 8 SYSTEMPATH\CodeIgniter.php(363): CodeIgniter\CodeIgniter->handleRequest(null, Object(Config\Cache), false)
 9 SYSTEMPATH\Boot.php(417): CodeIgniter\CodeIgniter->run()
10 SYSTEMPATH\Boot.php(68): CodeIgniter\Boot::runCodeIgniter(Object(CodeIgniter\CodeIgniter))
11 FCPATH\index.php(59): CodeIgniter\Boot::bootWeb(Object(Config\Paths))
CRITICAL - 2026-08-02 05:01:59 --> CodeIgniter\Database\Exceptions\DatabaseException: Unable to prepare statement: 1, no such table: project_shots
[Method: GET, Route: admin/reviews]
in SYSTEMPATH\Database\BaseConnection.php on line 863.
 1 SYSTEMPATH\Database\BaseBuilder.php(1647): CodeIgniter\Database\BaseConnection->query('SELECT `r`.*, `p`.`project_name`, `p`.`project_code`, `s`.`shot_number`, `seq`.`seq_name`, `u`.`name` as `artist_name`, `u`.`user_profile_pic` as `artist_pic`, `vta`.`vfx_task_assignment_id`, `c`.`category_name` as `task_name`, `rf`.`proxy_path`, `rf`.`file_type`
FROM `reviews` `r`
LEFT JOIN `projects` `p` ON `p`.`project_id` = `r`.`project_id`
LEFT JOIN `project_shots` `s` ON `s`.`shot_id` = `r`.`shot_id`
LEFT JOIN `project_sequences` `seq` ON `seq`.`project_seq_id` = `s`.`project_seq_id`
LEFT JOIN `vfx_task_assignments` `vta` ON `vta`.`vfx_task_assignment_id` = `r`.`vfx_task_assignment_id`
LEFT JOIN `vfx_task_categories` `c` ON `c`.`vfx_task_category_id` = `vta`.`vfx_task_category_id`
LEFT JOIN `users` `u` ON `u`.`id` = `r`.`user_id`
LEFT JOIN `review_files` `rf` ON `rf`.`review_id` = `r`.`id`
WHERE `r`.`status` = :r.status:
ORDER BY `r`.`created_at` DESC', [...], false)
 2 APPPATH\Controllers\Admin\Reviews.php(39): CodeIgniter\Database\BaseBuilder->get()
 3 SYSTEMPATH\CodeIgniter.php(974): App\Controllers\Admin\Reviews->index()
 4 SYSTEMPATH\CodeIgniter.php(520): CodeIgniter\CodeIgniter->runController(Object(App\Controllers\Admin\Reviews))
 5 SYSTEMPATH\CodeIgniter.php(363): CodeIgniter\CodeIgniter->handleRequest(null, Object(Config\Cache), false)
 6 SYSTEMPATH\Boot.php(417): CodeIgniter\CodeIgniter->run()
 7 SYSTEMPATH\Boot.php(68): CodeIgniter\Boot::runCodeIgniter(Object(CodeIgniter\CodeIgniter))
 8 FCPATH\index.php(59): CodeIgniter\Boot::bootWeb(Object(Config\Paths))
CRITICAL - 2026-08-02 05:01:59 --> [Caused by] CodeIgniter\Database\Exceptions\DatabaseException: Unable to prepare statement: 1, no such table: project_shots
in SYSTEMPATH\Database\SQLite3\Connection.php on line 174.
 1 SYSTEMPATH\Database\BaseConnection.php(908): CodeIgniter\Database\SQLite3\Connection->execute('SELECT `r`.*, `p`.`project_name`, `p`.`project_code`, `s`.`shot_number`, `seq`.`seq_name`, `u`.`name` as `artist_name`, `u`.`user_profile_pic` as `artist_pic`, `vta`.`vfx_task_assignment_id`, `c`.`category_name` as `task_name`, `rf`.`proxy_path`, `rf`.`file_type`
FROM `reviews` `r`
LEFT JOIN `projects` `p` ON `p`.`project_id` = `r`.`project_id`
LEFT JOIN `project_shots` `s` ON `s`.`shot_id` = `r`.`shot_id`
LEFT JOIN `project_sequences` `seq` ON `seq`.`project_seq_id` = `s`.`project_seq_id`
LEFT JOIN `vfx_task_assignments` `vta` ON `vta`.`vfx_task_assignment_id` = `r`.`vfx_task_assignment_id`
LEFT JOIN `vfx_task_categories` `c` ON `c`.`vfx_task_category_id` = `vta`.`vfx_task_category_id`
LEFT JOIN `users` `u` ON `u`.`id` = `r`.`user_id`
LEFT JOIN `review_files` `rf` ON `rf`.`review_id` = `r`.`id`
WHERE `r`.`status` = \'pending\'
ORDER BY `r`.`created_at` DESC')
 2 SYSTEMPATH\Database\BaseConnection.php(825): CodeIgniter\Database\BaseConnection->simpleQuery('SELECT `r`.*, `p`.`project_name`, `p`.`project_code`, `s`.`shot_number`, `seq`.`seq_name`, `u`.`name` as `artist_name`, `u`.`user_profile_pic` as `artist_pic`, `vta`.`vfx_task_assignment_id`, `c`.`category_name` as `task_name`, `rf`.`proxy_path`, `rf`.`file_type`
FROM `reviews` `r`
LEFT JOIN `projects` `p` ON `p`.`project_id` = `r`.`project_id`
LEFT JOIN `project_shots` `s` ON `s`.`shot_id` = `r`.`shot_id`
LEFT JOIN `project_sequences` `seq` ON `seq`.`project_seq_id` = `s`.`project_seq_id`
LEFT JOIN `vfx_task_assignments` `vta` ON `vta`.`vfx_task_assignment_id` = `r`.`vfx_task_assignment_id`
LEFT JOIN `vfx_task_categories` `c` ON `c`.`vfx_task_category_id` = `vta`.`vfx_task_category_id`
LEFT JOIN `users` `u` ON `u`.`id` = `r`.`user_id`
LEFT JOIN `review_files` `rf` ON `rf`.`review_id` = `r`.`id`
WHERE `r`.`status` = \'pending\'
ORDER BY `r`.`created_at` DESC')
 3 SYSTEMPATH\Database\BaseBuilder.php(1647): CodeIgniter\Database\BaseConnection->query('SELECT `r`.*, `p`.`project_name`, `p`.`project_code`, `s`.`shot_number`, `seq`.`seq_name`, `u`.`name` as `artist_name`, `u`.`user_profile_pic` as `artist_pic`, `vta`.`vfx_task_assignment_id`, `c`.`category_name` as `task_name`, `rf`.`proxy_path`, `rf`.`file_type`
FROM `reviews` `r`
LEFT JOIN `projects` `p` ON `p`.`project_id` = `r`.`project_id`
LEFT JOIN `project_shots` `s` ON `s`.`shot_id` = `r`.`shot_id`
LEFT JOIN `project_sequences` `seq` ON `seq`.`project_seq_id` = `s`.`project_seq_id`
LEFT JOIN `vfx_task_assignments` `vta` ON `vta`.`vfx_task_assignment_id` = `r`.`vfx_task_assignment_id`
LEFT JOIN `vfx_task_categories` `c` ON `c`.`vfx_task_category_id` = `vta`.`vfx_task_category_id`
LEFT JOIN `users` `u` ON `u`.`id` = `r`.`user_id`
LEFT JOIN `review_files` `rf` ON `rf`.`review_id` = `r`.`id`
WHERE `r`.`status` = :r.status:
ORDER BY `r`.`created_at` DESC', [...], false)
 4 APPPATH\Controllers\Admin\Reviews.php(39): CodeIgniter\Database\BaseBuilder->get()
 5 SYSTEMPATH\CodeIgniter.php(974): App\Controllers\Admin\Reviews->index()
 6 SYSTEMPATH\CodeIgniter.php(520): CodeIgniter\CodeIgniter->runController(Object(App\Controllers\Admin\Reviews))
 7 SYSTEMPATH\CodeIgniter.php(363): CodeIgniter\CodeIgniter->handleRequest(null, Object(Config\Cache), false)
 8 SYSTEMPATH\Boot.php(417): CodeIgniter\CodeIgniter->run()
 9 SYSTEMPATH\Boot.php(68): CodeIgniter\Boot::runCodeIgniter(Object(CodeIgniter\CodeIgniter))
10 FCPATH\index.php(59): CodeIgniter\Boot::bootWeb(Object(Config\Paths))
CRITICAL - 2026-08-02 05:01:59 --> [Caused by] Exception: Unable to prepare statement: 1, no such table: project_shots
in SYSTEMPATH\Database\SQLite3\Connection.php on line 164.
 1 SYSTEMPATH\Database\SQLite3\Connection.php(164): SQLite3->query('SELECT `r`.*, `p`.`project_name`, `p`.`project_code`, `s`.`shot_number`, `seq`.`seq_name`, `u`.`name` as `artist_name`, `u`.`user_profile_pic` as `artist_pic`, `vta`.`vfx_task_assignment_id`, `c`.`category_name` as `task_name`, `rf`.`proxy_path`, `rf`.`file_type`
FROM `reviews` `r`
LEFT JOIN `projects` `p` ON `p`.`project_id` = `r`.`project_id`
LEFT JOIN `project_shots` `s` ON `s`.`shot_id` = `r`.`shot_id`
LEFT JOIN `project_sequences` `seq` ON `seq`.`project_seq_id` = `s`.`project_seq_id`
LEFT JOIN `vfx_task_assignments` `vta` ON `vta`.`vfx_task_assignment_id` = `r`.`vfx_task_assignment_id`
LEFT JOIN `vfx_task_categories` `c` ON `c`.`vfx_task_category_id` = `vta`.`vfx_task_category_id`
LEFT JOIN `users` `u` ON `u`.`id` = `r`.`user_id`
LEFT JOIN `review_files` `rf` ON `rf`.`review_id` = `r`.`id`
WHERE `r`.`status` = \'pending\'
ORDER BY `r`.`created_at` DESC')
 2 SYSTEMPATH\Database\BaseConnection.php(908): CodeIgniter\Database\SQLite3\Connection->execute('SELECT `r`.*, `p`.`project_name`, `p`.`project_code`, `s`.`shot_number`, `seq`.`seq_name`, `u`.`name` as `artist_name`, `u`.`user_profile_pic` as `artist_pic`, `vta`.`vfx_task_assignment_id`, `c`.`category_name` as `task_name`, `rf`.`proxy_path`, `rf`.`file_type`
FROM `reviews` `r`
LEFT JOIN `projects` `p` ON `p`.`project_id` = `r`.`project_id`
LEFT JOIN `project_shots` `s` ON `s`.`shot_id` = `r`.`shot_id`
LEFT JOIN `project_sequences` `seq` ON `seq`.`project_seq_id` = `s`.`project_seq_id`
LEFT JOIN `vfx_task_assignments` `vta` ON `vta`.`vfx_task_assignment_id` = `r`.`vfx_task_assignment_id`
LEFT JOIN `vfx_task_categories` `c` ON `c`.`vfx_task_category_id` = `vta`.`vfx_task_category_id`
LEFT JOIN `users` `u` ON `u`.`id` = `r`.`user_id`
LEFT JOIN `review_files` `rf` ON `rf`.`review_id` = `r`.`id`
WHERE `r`.`status` = \'pending\'
ORDER BY `r`.`created_at` DESC')
 3 SYSTEMPATH\Database\BaseConnection.php(825): CodeIgniter\Database\BaseConnection->simpleQuery('SELECT `r`.*, `p`.`project_name`, `p`.`project_code`, `s`.`shot_number`, `seq`.`seq_name`, `u`.`name` as `artist_name`, `u`.`user_profile_pic` as `artist_pic`, `vta`.`vfx_task_assignment_id`, `c`.`category_name` as `task_name`, `rf`.`proxy_path`, `rf`.`file_type`
FROM `reviews` `r`
LEFT JOIN `projects` `p` ON `p`.`project_id` = `r`.`project_id`
LEFT JOIN `project_shots` `s` ON `s`.`shot_id` = `r`.`shot_id`
LEFT JOIN `project_sequences` `seq` ON `seq`.`project_seq_id` = `s`.`project_seq_id`
LEFT JOIN `vfx_task_assignments` `vta` ON `vta`.`vfx_task_assignment_id` = `r`.`vfx_task_assignment_id`
LEFT JOIN `vfx_task_categories` `c` ON `c`.`vfx_task_category_id` = `vta`.`vfx_task_category_id`
LEFT JOIN `users` `u` ON `u`.`id` = `r`.`user_id`
LEFT JOIN `review_files` `rf` ON `rf`.`review_id` = `r`.`id`
WHERE `r`.`status` = \'pending\'
ORDER BY `r`.`created_at` DESC')
 4 SYSTEMPATH\Database\BaseBuilder.php(1647): CodeIgniter\Database\BaseConnection->query('SELECT `r`.*, `p`.`project_name`, `p`.`project_code`, `s`.`shot_number`, `seq`.`seq_name`, `u`.`name` as `artist_name`, `u`.`user_profile_pic` as `artist_pic`, `vta`.`vfx_task_assignment_id`, `c`.`category_name` as `task_name`, `rf`.`proxy_path`, `rf`.`file_type`
FROM `reviews` `r`
LEFT JOIN `projects` `p` ON `p`.`project_id` = `r`.`project_id`
LEFT JOIN `project_shots` `s` ON `s`.`shot_id` = `r`.`shot_id`
LEFT JOIN `project_sequences` `seq` ON `seq`.`project_seq_id` = `s`.`project_seq_id`
LEFT JOIN `vfx_task_assignments` `vta` ON `vta`.`vfx_task_assignment_id` = `r`.`vfx_task_assignment_id`
LEFT JOIN `vfx_task_categories` `c` ON `c`.`vfx_task_category_id` = `vta`.`vfx_task_category_id`
LEFT JOIN `users` `u` ON `u`.`id` = `r`.`user_id`
LEFT JOIN `review_files` `rf` ON `rf`.`review_id` = `r`.`id`
WHERE `r`.`status` = :r.status:
ORDER BY `r`.`created_at` DESC', [...], false)
 5 APPPATH\Controllers\Admin\Reviews.php(39): CodeIgniter\Database\BaseBuilder->get()
 6 SYSTEMPATH\CodeIgniter.php(974): App\Controllers\Admin\Reviews->index()
 7 SYSTEMPATH\CodeIgniter.php(520): CodeIgniter\CodeIgniter->runController(Object(App\Controllers\Admin\Reviews))
 8 SYSTEMPATH\CodeIgniter.php(363): CodeIgniter\CodeIgniter->handleRequest(null, Object(Config\Cache), false)
 9 SYSTEMPATH\Boot.php(417): CodeIgniter\CodeIgniter->run()
10 SYSTEMPATH\Boot.php(68): CodeIgniter\Boot::runCodeIgniter(Object(CodeIgniter\CodeIgniter))
11 FCPATH\index.php(59): CodeIgniter\Boot::bootWeb(Object(Config\Paths))
DEBUG - 2026-08-02 05:03:41 --> Session: Class initialized using 'CodeIgniter\Session\Handlers\FileHandler' driver.
ERROR - 2026-08-02 05:03:41 --> Unable to prepare statement: 1, no such column: u.user_profile_pic
in SYSTEMPATH\Database\SQLite3\Connection.php on line 164.
 1 SYSTEMPATH\Database\SQLite3\Connection.php(164): SQLite3->query('SELECT `r`.*, `p`.`name` as `project_name`, `p`.`project_code`, `s`.`shot_number`, `seq`.`name` as `seq_name`, `u`.`name` as `artist_name`, `u`.`user_profile_pic` as `artist_pic`, `vta`.`id` as `vfx_task_assignment_id`, `c`.`name` as `task_name`, `rf`.`proxy_path`, `rf`.`file_type`
FROM `reviews` `r`
LEFT JOIN `projects` `p` ON `p`.`id` = `r`.`project_id`
LEFT JOIN `shots` `s` ON `s`.`id` = `r`.`shot_id`
LEFT JOIN `sequences` `seq` ON `seq`.`id` = `s`.`sequence_id`
LEFT JOIN `tasks` `vta` ON `vta`.`id` = `r`.`vfx_task_assignment_id`
LEFT JOIN `task_types` `c` ON `c`.`id` = `vta`.`task_type_id`
LEFT JOIN `users` `u` ON `u`.`id` = `r`.`user_id`
LEFT JOIN `review_files` `rf` ON `rf`.`review_id` = `r`.`id`
WHERE `r`.`status` = \'pending\'
ORDER BY `r`.`created_at` DESC')
 2 SYSTEMPATH\Database\BaseConnection.php(908): CodeIgniter\Database\SQLite3\Connection->execute('SELECT `r`.*, `p`.`name` as `project_name`, `p`.`project_code`, `s`.`shot_number`, `seq`.`name` as `seq_name`, `u`.`name` as `artist_name`, `u`.`user_profile_pic` as `artist_pic`, `vta`.`id` as `vfx_task_assignment_id`, `c`.`name` as `task_name`, `rf`.`proxy_path`, `rf`.`file_type`
FROM `reviews` `r`
LEFT JOIN `projects` `p` ON `p`.`id` = `r`.`project_id`
LEFT JOIN `shots` `s` ON `s`.`id` = `r`.`shot_id`
LEFT JOIN `sequences` `seq` ON `seq`.`id` = `s`.`sequence_id`
LEFT JOIN `tasks` `vta` ON `vta`.`id` = `r`.`vfx_task_assignment_id`
LEFT JOIN `task_types` `c` ON `c`.`id` = `vta`.`task_type_id`
LEFT JOIN `users` `u` ON `u`.`id` = `r`.`user_id`
LEFT JOIN `review_files` `rf` ON `rf`.`review_id` = `r`.`id`
WHERE `r`.`status` = \'pending\'
ORDER BY `r`.`created_at` DESC')
 3 SYSTEMPATH\Database\BaseConnection.php(825): CodeIgniter\Database\BaseConnection->simpleQuery('SELECT `r`.*, `p`.`name` as `project_name`, `p`.`project_code`, `s`.`shot_number`, `seq`.`name` as `seq_name`, `u`.`name` as `artist_name`, `u`.`user_profile_pic` as `artist_pic`, `vta`.`id` as `vfx_task_assignment_id`, `c`.`name` as `task_name`, `rf`.`proxy_path`, `rf`.`file_type`
FROM `reviews` `r`
LEFT JOIN `projects` `p` ON `p`.`id` = `r`.`project_id`
LEFT JOIN `shots` `s` ON `s`.`id` = `r`.`shot_id`
LEFT JOIN `sequences` `seq` ON `seq`.`id` = `s`.`sequence_id`
LEFT JOIN `tasks` `vta` ON `vta`.`id` = `r`.`vfx_task_assignment_id`
LEFT JOIN `task_types` `c` ON `c`.`id` = `vta`.`task_type_id`
LEFT JOIN `users` `u` ON `u`.`id` = `r`.`user_id`
LEFT JOIN `review_files` `rf` ON `rf`.`review_id` = `r`.`id`
WHERE `r`.`status` = \'pending\'
ORDER BY `r`.`created_at` DESC')
 4 SYSTEMPATH\Database\BaseBuilder.php(1647): CodeIgniter\Database\BaseConnection->query('SELECT `r`.*, `p`.`name` as `project_name`, `p`.`project_code`, `s`.`shot_number`, `seq`.`name` as `seq_name`, `u`.`name` as `artist_name`, `u`.`user_profile_pic` as `artist_pic`, `vta`.`id` as `vfx_task_assignment_id`, `c`.`name` as `task_name`, `rf`.`proxy_path`, `rf`.`file_type`
FROM `reviews` `r`
LEFT JOIN `projects` `p` ON `p`.`id` = `r`.`project_id`
LEFT JOIN `shots` `s` ON `s`.`id` = `r`.`shot_id`
LEFT JOIN `sequences` `seq` ON `seq`.`id` = `s`.`sequence_id`
LEFT JOIN `tasks` `vta` ON `vta`.`id` = `r`.`vfx_task_assignment_id`
LEFT JOIN `task_types` `c` ON `c`.`id` = `vta`.`task_type_id`
LEFT JOIN `users` `u` ON `u`.`id` = `r`.`user_id`
LEFT JOIN `review_files` `rf` ON `rf`.`review_id` = `r`.`id`
WHERE `r`.`status` = :r.status:
ORDER BY `r`.`created_at` DESC', [...], false)
 5 APPPATH\Controllers\Admin\Reviews.php(39): CodeIgniter\Database\BaseBuilder->get()
 6 SYSTEMPATH\CodeIgniter.php(974): App\Controllers\Admin\Reviews->index()
 7 SYSTEMPATH\CodeIgniter.php(520): CodeIgniter\CodeIgniter->runController(Object(App\Controllers\Admin\Reviews))
 8 SYSTEMPATH\CodeIgniter.php(363): CodeIgniter\CodeIgniter->handleRequest(null, Object(Config\Cache), false)
 9 SYSTEMPATH\Boot.php(417): CodeIgniter\CodeIgniter->run()
10 SYSTEMPATH\Boot.php(68): CodeIgniter\Boot::runCodeIgniter(Object(CodeIgniter\CodeIgniter))
11 FCPATH\index.php(59): CodeIgniter\Boot::bootWeb(Object(Config\Paths))
CRITICAL - 2026-08-02 05:03:41 --> CodeIgniter\Database\Exceptions\DatabaseException: Unable to prepare statement: 1, no such column: u.user_profile_pic
[Method: GET, Route: admin/reviews]
in SYSTEMPATH\Database\BaseConnection.php on line 863.
 1 SYSTEMPATH\Database\BaseBuilder.php(1647): CodeIgniter\Database\BaseConnection->query('SELECT `r`.*, `p`.`name` as `project_name`, `p`.`project_code`, `s`.`shot_number`, `seq`.`name` as `seq_name`, `u`.`name` as `artist_name`, `u`.`user_profile_pic` as `artist_pic`, `vta`.`id` as `vfx_task_assignment_id`, `c`.`name` as `task_name`, `rf`.`proxy_path`, `rf`.`file_type`
FROM `reviews` `r`
LEFT JOIN `projects` `p` ON `p`.`id` = `r`.`project_id`
LEFT JOIN `shots` `s` ON `s`.`id` = `r`.`shot_id`
LEFT JOIN `sequences` `seq` ON `seq`.`id` = `s`.`sequence_id`
LEFT JOIN `tasks` `vta` ON `vta`.`id` = `r`.`vfx_task_assignment_id`
LEFT JOIN `task_types` `c` ON `c`.`id` = `vta`.`task_type_id`
LEFT JOIN `users` `u` ON `u`.`id` = `r`.`user_id`
LEFT JOIN `review_files` `rf` ON `rf`.`review_id` = `r`.`id`
WHERE `r`.`status` = :r.status:
ORDER BY `r`.`created_at` DESC', [...], false)
 2 APPPATH\Controllers\Admin\Reviews.php(39): CodeIgniter\Database\BaseBuilder->get()
 3 SYSTEMPATH\CodeIgniter.php(974): App\Controllers\Admin\Reviews->index()
 4 SYSTEMPATH\CodeIgniter.php(520): CodeIgniter\CodeIgniter->runController(Object(App\Controllers\Admin\Reviews))
 5 SYSTEMPATH\CodeIgniter.php(363): CodeIgniter\CodeIgniter->handleRequest(null, Object(Config\Cache), false)
 6 SYSTEMPATH\Boot.php(417): CodeIgniter\CodeIgniter->run()
 7 SYSTEMPATH\Boot.php(68): CodeIgniter\Boot::runCodeIgniter(Object(CodeIgniter\CodeIgniter))
 8 FCPATH\index.php(59): CodeIgniter\Boot::bootWeb(Object(Config\Paths))
CRITICAL - 2026-08-02 05:03:41 --> [Caused by] CodeIgniter\Database\Exceptions\DatabaseException: Unable to prepare statement: 1, no such column: u.user_profile_pic
in SYSTEMPATH\Database\SQLite3\Connection.php on line 174.
 1 SYSTEMPATH\Database\BaseConnection.php(908): CodeIgniter\Database\SQLite3\Connection->execute('SELECT `r`.*, `p`.`name` as `project_name`, `p`.`project_code`, `s`.`shot_number`, `seq`.`name` as `seq_name`, `u`.`name` as `artist_name`, `u`.`user_profile_pic` as `artist_pic`, `vta`.`id` as `vfx_task_assignment_id`, `c`.`name` as `task_name`, `rf`.`proxy_path`, `rf`.`file_type`
FROM `reviews` `r`
LEFT JOIN `projects` `p` ON `p`.`id` = `r`.`project_id`
LEFT JOIN `shots` `s` ON `s`.`id` = `r`.`shot_id`
LEFT JOIN `sequences` `seq` ON `seq`.`id` = `s`.`sequence_id`
LEFT JOIN `tasks` `vta` ON `vta`.`id` = `r`.`vfx_task_assignment_id`
LEFT JOIN `task_types` `c` ON `c`.`id` = `vta`.`task_type_id`
LEFT JOIN `users` `u` ON `u`.`id` = `r`.`user_id`
LEFT JOIN `review_files` `rf` ON `rf`.`review_id` = `r`.`id`
WHERE `r`.`status` = \'pending\'
ORDER BY `r`.`created_at` DESC')
 2 SYSTEMPATH\Database\BaseConnection.php(825): CodeIgniter\Database\BaseConnection->simpleQuery('SELECT `r`.*, `p`.`name` as `project_name`, `p`.`project_code`, `s`.`shot_number`, `seq`.`name` as `seq_name`, `u`.`name` as `artist_name`, `u`.`user_profile_pic` as `artist_pic`, `vta`.`id` as `vfx_task_assignment_id`, `c`.`name` as `task_name`, `rf`.`proxy_path`, `rf`.`file_type`
FROM `reviews` `r`
LEFT JOIN `projects` `p` ON `p`.`id` = `r`.`project_id`
LEFT JOIN `shots` `s` ON `s`.`id` = `r`.`shot_id`
LEFT JOIN `sequences` `seq` ON `seq`.`id` = `s`.`sequence_id`
LEFT JOIN `tasks` `vta` ON `vta`.`id` = `r`.`vfx_task_assignment_id`
LEFT JOIN `task_types` `c` ON `c`.`id` = `vta`.`task_type_id`
LEFT JOIN `users` `u` ON `u`.`id` = `r`.`user_id`
LEFT JOIN `review_files` `rf` ON `rf`.`review_id` = `r`.`id`
WHERE `r`.`status` = \'pending\'
ORDER BY `r`.`created_at` DESC')
 3 SYSTEMPATH\Database\BaseBuilder.php(1647): CodeIgniter\Database\BaseConnection->query('SELECT `r`.*, `p`.`name` as `project_name`, `p`.`project_code`, `s`.`shot_number`, `seq`.`name` as `seq_name`, `u`.`name` as `artist_name`, `u`.`user_profile_pic` as `artist_pic`, `vta`.`id` as `vfx_task_assignment_id`, `c`.`name` as `task_name`, `rf`.`proxy_path`, `rf`.`file_type`
FROM `reviews` `r`
LEFT JOIN `projects` `p` ON `p`.`id` = `r`.`project_id`
LEFT JOIN `shots` `s` ON `s`.`id` = `r`.`shot_id`
LEFT JOIN `sequences` `seq` ON `seq`.`id` = `s`.`sequence_id`
LEFT JOIN `tasks` `vta` ON `vta`.`id` = `r`.`vfx_task_assignment_id`
LEFT JOIN `task_types` `c` ON `c`.`id` = `vta`.`task_type_id`
LEFT JOIN `users` `u` ON `u`.`id` = `r`.`user_id`
LEFT JOIN `review_files` `rf` ON `rf`.`review_id` = `r`.`id`
WHERE `r`.`status` = :r.status:
ORDER BY `r`.`created_at` DESC', [...], false)
 4 APPPATH\Controllers\Admin\Reviews.php(39): CodeIgniter\Database\BaseBuilder->get()
 5 SYSTEMPATH\CodeIgniter.php(974): App\Controllers\Admin\Reviews->index()
 6 SYSTEMPATH\CodeIgniter.php(520): CodeIgniter\CodeIgniter->runController(Object(App\Controllers\Admin\Reviews))
 7 SYSTEMPATH\CodeIgniter.php(363): CodeIgniter\CodeIgniter->handleRequest(null, Object(Config\Cache), false)
 8 SYSTEMPATH\Boot.php(417): CodeIgniter\CodeIgniter->run()
 9 SYSTEMPATH\Boot.php(68): CodeIgniter\Boot::runCodeIgniter(Object(CodeIgniter\CodeIgniter))
10 FCPATH\index.php(59): CodeIgniter\Boot::bootWeb(Object(Config\Paths))
CRITICAL - 2026-08-02 05:03:41 --> [Caused by] Exception: Unable to prepare statement: 1, no such column: u.user_profile_pic
in SYSTEMPATH\Database\SQLite3\Connection.php on line 164.
 1 SYSTEMPATH\Database\SQLite3\Connection.php(164): SQLite3->query('SELECT `r`.*, `p`.`name` as `project_name`, `p`.`project_code`, `s`.`shot_number`, `seq`.`name` as `seq_name`, `u`.`name` as `artist_name`, `u`.`user_profile_pic` as `artist_pic`, `vta`.`id` as `vfx_task_assignment_id`, `c`.`name` as `task_name`, `rf`.`proxy_path`, `rf`.`file_type`
FROM `reviews` `r`
LEFT JOIN `projects` `p` ON `p`.`id` = `r`.`project_id`
LEFT JOIN `shots` `s` ON `s`.`id` = `r`.`shot_id`
LEFT JOIN `sequences` `seq` ON `seq`.`id` = `s`.`sequence_id`
LEFT JOIN `tasks` `vta` ON `vta`.`id` = `r`.`vfx_task_assignment_id`
LEFT JOIN `task_types` `c` ON `c`.`id` = `vta`.`task_type_id`
LEFT JOIN `users` `u` ON `u`.`id` = `r`.`user_id`
LEFT JOIN `review_files` `rf` ON `rf`.`review_id` = `r`.`id`
WHERE `r`.`status` = \'pending\'
ORDER BY `r`.`created_at` DESC')
 2 SYSTEMPATH\Database\BaseConnection.php(908): CodeIgniter\Database\SQLite3\Connection->execute('SELECT `r`.*, `p`.`name` as `project_name`, `p`.`project_code`, `s`.`shot_number`, `seq`.`name` as `seq_name`, `u`.`name` as `artist_name`, `u`.`user_profile_pic` as `artist_pic`, `vta`.`id` as `vfx_task_assignment_id`, `c`.`name` as `task_name`, `rf`.`proxy_path`, `rf`.`file_type`
FROM `reviews` `r`
LEFT JOIN `projects` `p` ON `p`.`id` = `r`.`project_id`
LEFT JOIN `shots` `s` ON `s`.`id` = `r`.`shot_id`
LEFT JOIN `sequences` `seq` ON `seq`.`id` = `s`.`sequence_id`
LEFT JOIN `tasks` `vta` ON `vta`.`id` = `r`.`vfx_task_assignment_id`
LEFT JOIN `task_types` `c` ON `c`.`id` = `vta`.`task_type_id`
LEFT JOIN `users` `u` ON `u`.`id` = `r`.`user_id`
LEFT JOIN `review_files` `rf` ON `rf`.`review_id` = `r`.`id`
WHERE `r`.`status` = \'pending\'
ORDER BY `r`.`created_at` DESC')
 3 SYSTEMPATH\Database\BaseConnection.php(825): CodeIgniter\Database\BaseConnection->simpleQuery('SELECT `r`.*, `p`.`name` as `project_name`, `p`.`project_code`, `s`.`shot_number`, `seq`.`name` as `seq_name`, `u`.`name` as `artist_name`, `u`.`user_profile_pic` as `artist_pic`, `vta`.`id` as `vfx_task_assignment_id`, `c`.`name` as `task_name`, `rf`.`proxy_path`, `rf`.`file_type`
FROM `reviews` `r`
LEFT JOIN `projects` `p` ON `p`.`id` = `r`.`project_id`
LEFT JOIN `shots` `s` ON `s`.`id` = `r`.`shot_id`
LEFT JOIN `sequences` `seq` ON `seq`.`id` = `s`.`sequence_id`
LEFT JOIN `tasks` `vta` ON `vta`.`id` = `r`.`vfx_task_assignment_id`
LEFT JOIN `task_types` `c` ON `c`.`id` = `vta`.`task_type_id`
LEFT JOIN `users` `u` ON `u`.`id` = `r`.`user_id`
LEFT JOIN `review_files` `rf` ON `rf`.`review_id` = `r`.`id`
WHERE `r`.`status` = \'pending\'
ORDER BY `r`.`created_at` DESC')
 4 SYSTEMPATH\Database\BaseBuilder.php(1647): CodeIgniter\Database\BaseConnection->query('SELECT `r`.*, `p`.`name` as `project_name`, `p`.`project_code`, `s`.`shot_number`, `seq`.`name` as `seq_name`, `u`.`name` as `artist_name`, `u`.`user_profile_pic` as `artist_pic`, `vta`.`id` as `vfx_task_assignment_id`, `c`.`name` as `task_name`, `rf`.`proxy_path`, `rf`.`file_type`
FROM `reviews` `r`
LEFT JOIN `projects` `p` ON `p`.`id` = `r`.`project_id`
LEFT JOIN `shots` `s` ON `s`.`id` = `r`.`shot_id`
LEFT JOIN `sequences` `seq` ON `seq`.`id` = `s`.`sequence_id`
LEFT JOIN `tasks` `vta` ON `vta`.`id` = `r`.`vfx_task_assignment_id`
LEFT JOIN `task_types` `c` ON `c`.`id` = `vta`.`task_type_id`
LEFT JOIN `users` `u` ON `u`.`id` = `r`.`user_id`
LEFT JOIN `review_files` `rf` ON `rf`.`review_id` = `r`.`id`
WHERE `r`.`status` = :r.status:
ORDER BY `r`.`created_at` DESC', [...], false)
 5 APPPATH\Controllers\Admin\Reviews.php(39): CodeIgniter\Database\BaseBuilder->get()
 6 SYSTEMPATH\CodeIgniter.php(974): App\Controllers\Admin\Reviews->index()
 7 SYSTEMPATH\CodeIgniter.php(520): CodeIgniter\CodeIgniter->runController(Object(App\Controllers\Admin\Reviews))
 8 SYSTEMPATH\CodeIgniter.php(363): CodeIgniter\CodeIgniter->handleRequest(null, Object(Config\Cache), false)
 9 SYSTEMPATH\Boot.php(417): CodeIgniter\CodeIgniter->run()
10 SYSTEMPATH\Boot.php(68): CodeIgniter\Boot::runCodeIgniter(Object(CodeIgniter\CodeIgniter))
11 FCPATH\index.php(59): CodeIgniter\Boot::bootWeb(Object(Config\Paths))
DEBUG - 2026-08-02 05:03:42 --> Session: Class initialized using 'CodeIgniter\Session\Handlers\FileHandler' driver.
ERROR - 2026-08-02 05:03:42 --> Unable to prepare statement: 1, no such column: u.user_profile_pic
in SYSTEMPATH\Database\SQLite3\Connection.php on line 164.
 1 SYSTEMPATH\Database\SQLite3\Connection.php(164): SQLite3->query('SELECT `r`.*, `p`.`name` as `project_name`, `p`.`project_code`, `s`.`shot_number`, `seq`.`name` as `seq_name`, `u`.`name` as `artist_name`, `u`.`user_profile_pic` as `artist_pic`, `vta`.`id` as `vfx_task_assignment_id`, `c`.`name` as `task_name`, `rf`.`proxy_path`, `rf`.`file_type`
FROM `reviews` `r`
LEFT JOIN `projects` `p` ON `p`.`id` = `r`.`project_id`
LEFT JOIN `shots` `s` ON `s`.`id` = `r`.`shot_id`
LEFT JOIN `sequences` `seq` ON `seq`.`id` = `s`.`sequence_id`
LEFT JOIN `tasks` `vta` ON `vta`.`id` = `r`.`vfx_task_assignment_id`
LEFT JOIN `task_types` `c` ON `c`.`id` = `vta`.`task_type_id`
LEFT JOIN `users` `u` ON `u`.`id` = `r`.`user_id`
LEFT JOIN `review_files` `rf` ON `rf`.`review_id` = `r`.`id`
WHERE `r`.`status` = \'pending\'
ORDER BY `r`.`created_at` DESC')
 2 SYSTEMPATH\Database\BaseConnection.php(908): CodeIgniter\Database\SQLite3\Connection->execute('SELECT `r`.*, `p`.`name` as `project_name`, `p`.`project_code`, `s`.`shot_number`, `seq`.`name` as `seq_name`, `u`.`name` as `artist_name`, `u`.`user_profile_pic` as `artist_pic`, `vta`.`id` as `vfx_task_assignment_id`, `c`.`name` as `task_name`, `rf`.`proxy_path`, `rf`.`file_type`
FROM `reviews` `r`
LEFT JOIN `projects` `p` ON `p`.`id` = `r`.`project_id`
LEFT JOIN `shots` `s` ON `s`.`id` = `r`.`shot_id`
LEFT JOIN `sequences` `seq` ON `seq`.`id` = `s`.`sequence_id`
LEFT JOIN `tasks` `vta` ON `vta`.`id` = `r`.`vfx_task_assignment_id`
LEFT JOIN `task_types` `c` ON `c`.`id` = `vta`.`task_type_id`
LEFT JOIN `users` `u` ON `u`.`id` = `r`.`user_id`
LEFT JOIN `review_files` `rf` ON `rf`.`review_id` = `r`.`id`
WHERE `r`.`status` = \'pending\'
ORDER BY `r`.`created_at` DESC')
 3 SYSTEMPATH\Database\BaseConnection.php(825): CodeIgniter\Database\BaseConnection->simpleQuery('SELECT `r`.*, `p`.`name` as `project_name`, `p`.`project_code`, `s`.`shot_number`, `seq`.`name` as `seq_name`, `u`.`name` as `artist_name`, `u`.`user_profile_pic` as `artist_pic`, `vta`.`id` as `vfx_task_assignment_id`, `c`.`name` as `task_name`, `rf`.`proxy_path`, `rf`.`file_type`
FROM `reviews` `r`
LEFT JOIN `projects` `p` ON `p`.`id` = `r`.`project_id`
LEFT JOIN `shots` `s` ON `s`.`id` = `r`.`shot_id`
LEFT JOIN `sequences` `seq` ON `seq`.`id` = `s`.`sequence_id`
LEFT JOIN `tasks` `vta` ON `vta`.`id` = `r`.`vfx_task_assignment_id`
LEFT JOIN `task_types` `c` ON `c`.`id` = `vta`.`task_type_id`
LEFT JOIN `users` `u` ON `u`.`id` = `r`.`user_id`
LEFT JOIN `review_files` `rf` ON `rf`.`review_id` = `r`.`id`
WHERE `r`.`status` = \'pending\'
ORDER BY `r`.`created_at` DESC')
 4 SYSTEMPATH\Database\BaseBuilder.php(1647): CodeIgniter\Database\BaseConnection->query('SELECT `r`.*, `p`.`name` as `project_name`, `p`.`project_code`, `s`.`shot_number`, `seq`.`name` as `seq_name`, `u`.`name` as `artist_name`, `u`.`user_profile_pic` as `artist_pic`, `vta`.`id` as `vfx_task_assignment_id`, `c`.`name` as `task_name`, `rf`.`proxy_path`, `rf`.`file_type`
FROM `reviews` `r`
LEFT JOIN `projects` `p` ON `p`.`id` = `r`.`project_id`
LEFT JOIN `shots` `s` ON `s`.`id` = `r`.`shot_id`
LEFT JOIN `sequences` `seq` ON `seq`.`id` = `s`.`sequence_id`
LEFT JOIN `tasks` `vta` ON `vta`.`id` = `r`.`vfx_task_assignment_id`
LEFT JOIN `task_types` `c` ON `c`.`id` = `vta`.`task_type_id`
LEFT JOIN `users` `u` ON `u`.`id` = `r`.`user_id`
LEFT JOIN `review_files` `rf` ON `rf`.`review_id` = `r`.`id`
WHERE `r`.`status` = :r.status:
ORDER BY `r`.`created_at` DESC', [...], false)
 5 APPPATH\Controllers\Admin\Reviews.php(39): CodeIgniter\Database\BaseBuilder->get()
 6 SYSTEMPATH\CodeIgniter.php(974): App\Controllers\Admin\Reviews->index()
 7 SYSTEMPATH\CodeIgniter.php(520): CodeIgniter\CodeIgniter->runController(Object(App\Controllers\Admin\Reviews))
 8 SYSTEMPATH\CodeIgniter.php(363): CodeIgniter\CodeIgniter->handleRequest(null, Object(Config\Cache), false)
 9 SYSTEMPATH\Boot.php(417): CodeIgniter\CodeIgniter->run()
10 SYSTEMPATH\Boot.php(68): CodeIgniter\Boot::runCodeIgniter(Object(CodeIgniter\CodeIgniter))
11 FCPATH\index.php(59): CodeIgniter\Boot::bootWeb(Object(Config\Paths))
CRITICAL - 2026-08-02 05:03:42 --> CodeIgniter\Database\Exceptions\DatabaseException: Unable to prepare statement: 1, no such column: u.user_profile_pic
[Method: GET, Route: admin/reviews]
in SYSTEMPATH\Database\BaseConnection.php on line 863.
 1 SYSTEMPATH\Database\BaseBuilder.php(1647): CodeIgniter\Database\BaseConnection->query('SELECT `r`.*, `p`.`name` as `project_name`, `p`.`project_code`, `s`.`shot_number`, `seq`.`name` as `seq_name`, `u`.`name` as `artist_name`, `u`.`user_profile_pic` as `artist_pic`, `vta`.`id` as `vfx_task_assignment_id`, `c`.`name` as `task_name`, `rf`.`proxy_path`, `rf`.`file_type`
FROM `reviews` `r`
LEFT JOIN `projects` `p` ON `p`.`id` = `r`.`project_id`
LEFT JOIN `shots` `s` ON `s`.`id` = `r`.`shot_id`
LEFT JOIN `sequences` `seq` ON `seq`.`id` = `s`.`sequence_id`
LEFT JOIN `tasks` `vta` ON `vta`.`id` = `r`.`vfx_task_assignment_id`
LEFT JOIN `task_types` `c` ON `c`.`id` = `vta`.`task_type_id`
LEFT JOIN `users` `u` ON `u`.`id` = `r`.`user_id`
LEFT JOIN `review_files` `rf` ON `rf`.`review_id` = `r`.`id`
WHERE `r`.`status` = :r.status:
ORDER BY `r`.`created_at` DESC', [...], false)
 2 APPPATH\Controllers\Admin\Reviews.php(39): CodeIgniter\Database\BaseBuilder->get()
 3 SYSTEMPATH\CodeIgniter.php(974): App\Controllers\Admin\Reviews->index()
 4 SYSTEMPATH\CodeIgniter.php(520): CodeIgniter\CodeIgniter->runController(Object(App\Controllers\Admin\Reviews))
 5 SYSTEMPATH\CodeIgniter.php(363): CodeIgniter\CodeIgniter->handleRequest(null, Object(Config\Cache), false)
 6 SYSTEMPATH\Boot.php(417): CodeIgniter\CodeIgniter->run()
 7 SYSTEMPATH\Boot.php(68): CodeIgniter\Boot::runCodeIgniter(Object(CodeIgniter\CodeIgniter))
 8 FCPATH\index.php(59): CodeIgniter\Boot::bootWeb(Object(Config\Paths))
CRITICAL - 2026-08-02 05:03:42 --> [Caused by] CodeIgniter\Database\Exceptions\DatabaseException: Unable to prepare statement: 1, no such column: u.user_profile_pic
in SYSTEMPATH\Database\SQLite3\Connection.php on line 174.
 1 SYSTEMPATH\Database\BaseConnection.php(908): CodeIgniter\Database\SQLite3\Connection->execute('SELECT `r`.*, `p`.`name` as `project_name`, `p`.`project_code`, `s`.`shot_number`, `seq`.`name` as `seq_name`, `u`.`name` as `artist_name`, `u`.`user_profile_pic` as `artist_pic`, `vta`.`id` as `vfx_task_assignment_id`, `c`.`name` as `task_name`, `rf`.`proxy_path`, `rf`.`file_type`
FROM `reviews` `r`
LEFT JOIN `projects` `p` ON `p`.`id` = `r`.`project_id`
LEFT JOIN `shots` `s` ON `s`.`id` = `r`.`shot_id`
LEFT JOIN `sequences` `seq` ON `seq`.`id` = `s`.`sequence_id`
LEFT JOIN `tasks` `vta` ON `vta`.`id` = `r`.`vfx_task_assignment_id`
LEFT JOIN `task_types` `c` ON `c`.`id` = `vta`.`task_type_id`
LEFT JOIN `users` `u` ON `u`.`id` = `r`.`user_id`
LEFT JOIN `review_files` `rf` ON `rf`.`review_id` = `r`.`id`
WHERE `r`.`status` = \'pending\'
ORDER BY `r`.`created_at` DESC')
 2 SYSTEMPATH\Database\BaseConnection.php(825): CodeIgniter\Database\BaseConnection->simpleQuery('SELECT `r`.*, `p`.`name` as `project_name`, `p`.`project_code`, `s`.`shot_number`, `seq`.`name` as `seq_name`, `u`.`name` as `artist_name`, `u`.`user_profile_pic` as `artist_pic`, `vta`.`id` as `vfx_task_assignment_id`, `c`.`name` as `task_name`, `rf`.`proxy_path`, `rf`.`file_type`
FROM `reviews` `r`
LEFT JOIN `projects` `p` ON `p`.`id` = `r`.`project_id`
LEFT JOIN `shots` `s` ON `s`.`id` = `r`.`shot_id`
LEFT JOIN `sequences` `seq` ON `seq`.`id` = `s`.`sequence_id`
LEFT JOIN `tasks` `vta` ON `vta`.`id` = `r`.`vfx_task_assignment_id`
LEFT JOIN `task_types` `c` ON `c`.`id` = `vta`.`task_type_id`
LEFT JOIN `users` `u` ON `u`.`id` = `r`.`user_id`
LEFT JOIN `review_files` `rf` ON `rf`.`review_id` = `r`.`id`
WHERE `r`.`status` = \'pending\'
ORDER BY `r`.`created_at` DESC')
 3 SYSTEMPATH\Database\BaseBuilder.php(1647): CodeIgniter\Database\BaseConnection->query('SELECT `r`.*, `p`.`name` as `project_name`, `p`.`project_code`, `s`.`shot_number`, `seq`.`name` as `seq_name`, `u`.`name` as `artist_name`, `u`.`user_profile_pic` as `artist_pic`, `vta`.`id` as `vfx_task_assignment_id`, `c`.`name` as `task_name`, `rf`.`proxy_path`, `rf`.`file_type`
FROM `reviews` `r`
LEFT JOIN `projects` `p` ON `p`.`id` = `r`.`project_id`
LEFT JOIN `shots` `s` ON `s`.`id` = `r`.`shot_id`
LEFT JOIN `sequences` `seq` ON `seq`.`id` = `s`.`sequence_id`
LEFT JOIN `tasks` `vta` ON `vta`.`id` = `r`.`vfx_task_assignment_id`
LEFT JOIN `task_types` `c` ON `c`.`id` = `vta`.`task_type_id`
LEFT JOIN `users` `u` ON `u`.`id` = `r`.`user_id`
LEFT JOIN `review_files` `rf` ON `rf`.`review_id` = `r`.`id`
WHERE `r`.`status` = :r.status:
ORDER BY `r`.`created_at` DESC', [...], false)
 4 APPPATH\Controllers\Admin\Reviews.php(39): CodeIgniter\Database\BaseBuilder->get()
 5 SYSTEMPATH\CodeIgniter.php(974): App\Controllers\Admin\Reviews->index()
 6 SYSTEMPATH\CodeIgniter.php(520): CodeIgniter\CodeIgniter->runController(Object(App\Controllers\Admin\Reviews))
 7 SYSTEMPATH\CodeIgniter.php(363): CodeIgniter\CodeIgniter->handleRequest(null, Object(Config\Cache), false)
 8 SYSTEMPATH\Boot.php(417): CodeIgniter\CodeIgniter->run()
 9 SYSTEMPATH\Boot.php(68): CodeIgniter\Boot::runCodeIgniter(Object(CodeIgniter\CodeIgniter))
10 FCPATH\index.php(59): CodeIgniter\Boot::bootWeb(Object(Config\Paths))
CRITICAL - 2026-08-02 05:03:42 --> [Caused by] Exception: Unable to prepare statement: 1, no such column: u.user_profile_pic
in SYSTEMPATH\Database\SQLite3\Connection.php on line 164.
 1 SYSTEMPATH\Database\SQLite3\Connection.php(164): SQLite3->query('SELECT `r`.*, `p`.`name` as `project_name`, `p`.`project_code`, `s`.`shot_number`, `seq`.`name` as `seq_name`, `u`.`name` as `artist_name`, `u`.`user_profile_pic` as `artist_pic`, `vta`.`id` as `vfx_task_assignment_id`, `c`.`name` as `task_name`, `rf`.`proxy_path`, `rf`.`file_type`
FROM `reviews` `r`
LEFT JOIN `projects` `p` ON `p`.`id` = `r`.`project_id`
LEFT JOIN `shots` `s` ON `s`.`id` = `r`.`shot_id`
LEFT JOIN `sequences` `seq` ON `seq`.`id` = `s`.`sequence_id`
LEFT JOIN `tasks` `vta` ON `vta`.`id` = `r`.`vfx_task_assignment_id`
LEFT JOIN `task_types` `c` ON `c`.`id` = `vta`.`task_type_id`
LEFT JOIN `users` `u` ON `u`.`id` = `r`.`user_id`
LEFT JOIN `review_files` `rf` ON `rf`.`review_id` = `r`.`id`
WHERE `r`.`status` = \'pending\'
ORDER BY `r`.`created_at` DESC')
 2 SYSTEMPATH\Database\BaseConnection.php(908): CodeIgniter\Database\SQLite3\Connection->execute('SELECT `r`.*, `p`.`name` as `project_name`, `p`.`project_code`, `s`.`shot_number`, `seq`.`name` as `seq_name`, `u`.`name` as `artist_name`, `u`.`user_profile_pic` as `artist_pic`, `vta`.`id` as `vfx_task_assignment_id`, `c`.`name` as `task_name`, `rf`.`proxy_path`, `rf`.`file_type`
FROM `reviews` `r`
LEFT JOIN `projects` `p` ON `p`.`id` = `r`.`project_id`
LEFT JOIN `shots` `s` ON `s`.`id` = `r`.`shot_id`
LEFT JOIN `sequences` `seq` ON `seq`.`id` = `s`.`sequence_id`
LEFT JOIN `tasks` `vta` ON `vta`.`id` = `r`.`vfx_task_assignment_id`
LEFT JOIN `task_types` `c` ON `c`.`id` = `vta`.`task_type_id`
LEFT JOIN `users` `u` ON `u`.`id` = `r`.`user_id`
LEFT JOIN `review_files` `rf` ON `rf`.`review_id` = `r`.`id`
WHERE `r`.`status` = \'pending\'
ORDER BY `r`.`created_at` DESC')
 3 SYSTEMPATH\Database\BaseConnection.php(825): CodeIgniter\Database\BaseConnection->simpleQuery('SELECT `r`.*, `p`.`name` as `project_name`, `p`.`project_code`, `s`.`shot_number`, `seq`.`name` as `seq_name`, `u`.`name` as `artist_name`, `u`.`user_profile_pic` as `artist_pic`, `vta`.`id` as `vfx_task_assignment_id`, `c`.`name` as `task_name`, `rf`.`proxy_path`, `rf`.`file_type`
FROM `reviews` `r`
LEFT JOIN `projects` `p` ON `p`.`id` = `r`.`project_id`
LEFT JOIN `shots` `s` ON `s`.`id` = `r`.`shot_id`
LEFT JOIN `sequences` `seq` ON `seq`.`id` = `s`.`sequence_id`
LEFT JOIN `tasks` `vta` ON `vta`.`id` = `r`.`vfx_task_assignment_id`
LEFT JOIN `task_types` `c` ON `c`.`id` = `vta`.`task_type_id`
LEFT JOIN `users` `u` ON `u`.`id` = `r`.`user_id`
LEFT JOIN `review_files` `rf` ON `rf`.`review_id` = `r`.`id`
WHERE `r`.`status` = \'pending\'
ORDER BY `r`.`created_at` DESC')
 4 SYSTEMPATH\Database\BaseBuilder.php(1647): CodeIgniter\Database\BaseConnection->query('SELECT `r`.*, `p`.`name` as `project_name`, `p`.`project_code`, `s`.`shot_number`, `seq`.`name` as `seq_name`, `u`.`name` as `artist_name`, `u`.`user_profile_pic` as `artist_pic`, `vta`.`id` as `vfx_task_assignment_id`, `c`.`name` as `task_name`, `rf`.`proxy_path`, `rf`.`file_type`
FROM `reviews` `r`
LEFT JOIN `projects` `p` ON `p`.`id` = `r`.`project_id`
LEFT JOIN `shots` `s` ON `s`.`id` = `r`.`shot_id`
LEFT JOIN `sequences` `seq` ON `seq`.`id` = `s`.`sequence_id`
LEFT JOIN `tasks` `vta` ON `vta`.`id` = `r`.`vfx_task_assignment_id`
LEFT JOIN `task_types` `c` ON `c`.`id` = `vta`.`task_type_id`
LEFT JOIN `users` `u` ON `u`.`id` = `r`.`user_id`
LEFT JOIN `review_files` `rf` ON `rf`.`review_id` = `r`.`id`
WHERE `r`.`status` = :r.status:
ORDER BY `r`.`created_at` DESC', [...], false)
 5 APPPATH\Controllers\Admin\Reviews.php(39): CodeIgniter\Database\BaseBuilder->get()
 6 SYSTEMPATH\CodeIgniter.php(974): App\Controllers\Admin\Reviews->index()
 7 SYSTEMPATH\CodeIgniter.php(520): CodeIgniter\CodeIgniter->runController(Object(App\Controllers\Admin\Reviews))
 8 SYSTEMPATH\CodeIgniter.php(363): CodeIgniter\CodeIgniter->handleRequest(null, Object(Config\Cache), false)
 9 SYSTEMPATH\Boot.php(417): CodeIgniter\CodeIgniter->run()
10 SYSTEMPATH\Boot.php(68): CodeIgniter\Boot::runCodeIgniter(Object(CodeIgniter\CodeIgniter))
11 FCPATH\index.php(59): CodeIgniter\Boot::bootWeb(Object(Config\Paths))
DEBUG - 2026-08-02 05:03:43 --> Session: Class initialized using 'CodeIgniter\Session\Handlers\FileHandler' driver.
ERROR - 2026-08-02 05:03:43 --> Unable to prepare statement: 1, no such column: u.user_profile_pic
in SYSTEMPATH\Database\SQLite3\Connection.php on line 164.
 1 SYSTEMPATH\Database\SQLite3\Connection.php(164): SQLite3->query('SELECT `r`.*, `p`.`name` as `project_name`, `p`.`project_code`, `s`.`shot_number`, `seq`.`name` as `seq_name`, `u`.`name` as `artist_name`, `u`.`user_profile_pic` as `artist_pic`, `vta`.`id` as `vfx_task_assignment_id`, `c`.`name` as `task_name`, `rf`.`proxy_path`, `rf`.`file_type`
FROM `reviews` `r`
LEFT JOIN `projects` `p` ON `p`.`id` = `r`.`project_id`
LEFT JOIN `shots` `s` ON `s`.`id` = `r`.`shot_id`
LEFT JOIN `sequences` `seq` ON `seq`.`id` = `s`.`sequence_id`
LEFT JOIN `tasks` `vta` ON `vta`.`id` = `r`.`vfx_task_assignment_id`
LEFT JOIN `task_types` `c` ON `c`.`id` = `vta`.`task_type_id`
LEFT JOIN `users` `u` ON `u`.`id` = `r`.`user_id`
LEFT JOIN `review_files` `rf` ON `rf`.`review_id` = `r`.`id`
WHERE `r`.`status` = \'pending\'
ORDER BY `r`.`created_at` DESC')
 2 SYSTEMPATH\Database\BaseConnection.php(908): CodeIgniter\Database\SQLite3\Connection->execute('SELECT `r`.*, `p`.`name` as `project_name`, `p`.`project_code`, `s`.`shot_number`, `seq`.`name` as `seq_name`, `u`.`name` as `artist_name`, `u`.`user_profile_pic` as `artist_pic`, `vta`.`id` as `vfx_task_assignment_id`, `c`.`name` as `task_name`, `rf`.`proxy_path`, `rf`.`file_type`
FROM `reviews` `r`
LEFT JOIN `projects` `p` ON `p`.`id` = `r`.`project_id`
LEFT JOIN `shots` `s` ON `s`.`id` = `r`.`shot_id`
LEFT JOIN `sequences` `seq` ON `seq`.`id` = `s`.`sequence_id`
LEFT JOIN `tasks` `vta` ON `vta`.`id` = `r`.`vfx_task_assignment_id`
LEFT JOIN `task_types` `c` ON `c`.`id` = `vta`.`task_type_id`
LEFT JOIN `users` `u` ON `u`.`id` = `r`.`user_id`
LEFT JOIN `review_files` `rf` ON `rf`.`review_id` = `r`.`id`
WHERE `r`.`status` = \'pending\'
ORDER BY `r`.`created_at` DESC')
 3 SYSTEMPATH\Database\BaseConnection.php(825): CodeIgniter\Database\BaseConnection->simpleQuery('SELECT `r`.*, `p`.`name` as `project_name`, `p`.`project_code`, `s`.`shot_number`, `seq`.`name` as `seq_name`, `u`.`name` as `artist_name`, `u`.`user_profile_pic` as `artist_pic`, `vta`.`id` as `vfx_task_assignment_id`, `c`.`name` as `task_name`, `rf`.`proxy_path`, `rf`.`file_type`
FROM `reviews` `r`
LEFT JOIN `projects` `p` ON `p`.`id` = `r`.`project_id`
LEFT JOIN `shots` `s` ON `s`.`id` = `r`.`shot_id`
LEFT JOIN `sequences` `seq` ON `seq`.`id` = `s`.`sequence_id`
LEFT JOIN `tasks` `vta` ON `vta`.`id` = `r`.`vfx_task_assignment_id`
LEFT JOIN `task_types` `c` ON `c`.`id` = `vta`.`task_type_id`
LEFT JOIN `users` `u` ON `u`.`id` = `r`.`user_id`
LEFT JOIN `review_files` `rf` ON `rf`.`review_id` = `r`.`id`
WHERE `r`.`status` = \'pending\'
ORDER BY `r`.`created_at` DESC')
 4 SYSTEMPATH\Database\BaseBuilder.php(1647): CodeIgniter\Database\BaseConnection->query('SELECT `r`.*, `p`.`name` as `project_name`, `p`.`project_code`, `s`.`shot_number`, `seq`.`name` as `seq_name`, `u`.`name` as `artist_name`, `u`.`user_profile_pic` as `artist_pic`, `vta`.`id` as `vfx_task_assignment_id`, `c`.`name` as `task_name`, `rf`.`proxy_path`, `rf`.`file_type`
FROM `reviews` `r`
LEFT JOIN `projects` `p` ON `p`.`id` = `r`.`project_id`
LEFT JOIN `shots` `s` ON `s`.`id` = `r`.`shot_id`
LEFT JOIN `sequences` `seq` ON `seq`.`id` = `s`.`sequence_id`
LEFT JOIN `tasks` `vta` ON `vta`.`id` = `r`.`vfx_task_assignment_id`
LEFT JOIN `task_types` `c` ON `c`.`id` = `vta`.`task_type_id`
LEFT JOIN `users` `u` ON `u`.`id` = `r`.`user_id`
LEFT JOIN `review_files` `rf` ON `rf`.`review_id` = `r`.`id`
WHERE `r`.`status` = :r.status:
ORDER BY `r`.`created_at` DESC', [...], false)
 5 APPPATH\Controllers\Admin\Reviews.php(39): CodeIgniter\Database\BaseBuilder->get()
 6 SYSTEMPATH\CodeIgniter.php(974): App\Controllers\Admin\Reviews->index()
 7 SYSTEMPATH\CodeIgniter.php(520): CodeIgniter\CodeIgniter->runController(Object(App\Controllers\Admin\Reviews))
 8 SYSTEMPATH\CodeIgniter.php(363): CodeIgniter\CodeIgniter->handleRequest(null, Object(Config\Cache), false)
 9 SYSTEMPATH\Boot.php(417): CodeIgniter\CodeIgniter->run()
10 SYSTEMPATH\Boot.php(68): CodeIgniter\Boot::runCodeIgniter(Object(CodeIgniter\CodeIgniter))
11 FCPATH\index.php(59): CodeIgniter\Boot::bootWeb(Object(Config\Paths))
CRITICAL - 2026-08-02 05:03:43 --> CodeIgniter\Database\Exceptions\DatabaseException: Unable to prepare statement: 1, no such column: u.user_profile_pic
[Method: GET, Route: admin/reviews]
in SYSTEMPATH\Database\BaseConnection.php on line 863.
 1 SYSTEMPATH\Database\BaseBuilder.php(1647): CodeIgniter\Database\BaseConnection->query('SELECT `r`.*, `p`.`name` as `project_name`, `p`.`project_code`, `s`.`shot_number`, `seq`.`name` as `seq_name`, `u`.`name` as `artist_name`, `u`.`user_profile_pic` as `artist_pic`, `vta`.`id` as `vfx_task_assignment_id`, `c`.`name` as `task_name`, `rf`.`proxy_path`, `rf`.`file_type`
FROM `reviews` `r`
LEFT JOIN `projects` `p` ON `p`.`id` = `r`.`project_id`
LEFT JOIN `shots` `s` ON `s`.`id` = `r`.`shot_id`
LEFT JOIN `sequences` `seq` ON `seq`.`id` = `s`.`sequence_id`
LEFT JOIN `tasks` `vta` ON `vta`.`id` = `r`.`vfx_task_assignment_id`
LEFT JOIN `task_types` `c` ON `c`.`id` = `vta`.`task_type_id`
LEFT JOIN `users` `u` ON `u`.`id` = `r`.`user_id`
LEFT JOIN `review_files` `rf` ON `rf`.`review_id` = `r`.`id`
WHERE `r`.`status` = :r.status:
ORDER BY `r`.`created_at` DESC', [...], false)
 2 APPPATH\Controllers\Admin\Reviews.php(39): CodeIgniter\Database\BaseBuilder->get()
 3 SYSTEMPATH\CodeIgniter.php(974): App\Controllers\Admin\Reviews->index()
 4 SYSTEMPATH\CodeIgniter.php(520): CodeIgniter\CodeIgniter->runController(Object(App\Controllers\Admin\Reviews))
 5 SYSTEMPATH\CodeIgniter.php(363): CodeIgniter\CodeIgniter->handleRequest(null, Object(Config\Cache), false)
 6 SYSTEMPATH\Boot.php(417): CodeIgniter\CodeIgniter->run()
 7 SYSTEMPATH\Boot.php(68): CodeIgniter\Boot::runCodeIgniter(Object(CodeIgniter\CodeIgniter))
 8 FCPATH\index.php(59): CodeIgniter\Boot::bootWeb(Object(Config\Paths))
CRITICAL - 2026-08-02 05:03:43 --> [Caused by] CodeIgniter\Database\Exceptions\DatabaseException: Unable to prepare statement: 1, no such column: u.user_profile_pic
in SYSTEMPATH\Database\SQLite3\Connection.php on line 174.
 1 SYSTEMPATH\Database\BaseConnection.php(908): CodeIgniter\Database\SQLite3\Connection->execute('SELECT `r`.*, `p`.`name` as `project_name`, `p`.`project_code`, `s`.`shot_number`, `seq`.`name` as `seq_name`, `u`.`name` as `artist_name`, `u`.`user_profile_pic` as `artist_pic`, `vta`.`id` as `vfx_task_assignment_id`, `c`.`name` as `task_name`, `rf`.`proxy_path`, `rf`.`file_type`
FROM `reviews` `r`
LEFT JOIN `projects` `p` ON `p`.`id` = `r`.`project_id`
LEFT JOIN `shots` `s` ON `s`.`id` = `r`.`shot_id`
LEFT JOIN `sequences` `seq` ON `seq`.`id` = `s`.`sequence_id`
LEFT JOIN `tasks` `vta` ON `vta`.`id` = `r`.`vfx_task_assignment_id`
LEFT JOIN `task_types` `c` ON `c`.`id` = `vta`.`task_type_id`
LEFT JOIN `users` `u` ON `u`.`id` = `r`.`user_id`
LEFT JOIN `review_files` `rf` ON `rf`.`review_id` = `r`.`id`
WHERE `r`.`status` = \'pending\'
ORDER BY `r`.`created_at` DESC')
 2 SYSTEMPATH\Database\BaseConnection.php(825): CodeIgniter\Database\BaseConnection->simpleQuery('SELECT `r`.*, `p`.`name` as `project_name`, `p`.`project_code`, `s`.`shot_number`, `seq`.`name` as `seq_name`, `u`.`name` as `artist_name`, `u`.`user_profile_pic` as `artist_pic`, `vta`.`id` as `vfx_task_assignment_id`, `c`.`name` as `task_name`, `rf`.`proxy_path`, `rf`.`file_type`
FROM `reviews` `r`
LEFT JOIN `projects` `p` ON `p`.`id` = `r`.`project_id`
LEFT JOIN `shots` `s` ON `s`.`id` = `r`.`shot_id`
LEFT JOIN `sequences` `seq` ON `seq`.`id` = `s`.`sequence_id`
LEFT JOIN `tasks` `vta` ON `vta`.`id` = `r`.`vfx_task_assignment_id`
LEFT JOIN `task_types` `c` ON `c`.`id` = `vta`.`task_type_id`
LEFT JOIN `users` `u` ON `u`.`id` = `r`.`user_id`
LEFT JOIN `review_files` `rf` ON `rf`.`review_id` = `r`.`id`
WHERE `r`.`status` = \'pending\'
ORDER BY `r`.`created_at` DESC')
 3 SYSTEMPATH\Database\BaseBuilder.php(1647): CodeIgniter\Database\BaseConnection->query('SELECT `r`.*, `p`.`name` as `project_name`, `p`.`project_code`, `s`.`shot_number`, `seq`.`name` as `seq_name`, `u`.`name` as `artist_name`, `u`.`user_profile_pic` as `artist_pic`, `vta`.`id` as `vfx_task_assignment_id`, `c`.`name` as `task_name`, `rf`.`proxy_path`, `rf`.`file_type`
FROM `reviews` `r`
LEFT JOIN `projects` `p` ON `p`.`id` = `r`.`project_id`
LEFT JOIN `shots` `s` ON `s`.`id` = `r`.`shot_id`
LEFT JOIN `sequences` `seq` ON `seq`.`id` = `s`.`sequence_id`
LEFT JOIN `tasks` `vta` ON `vta`.`id` = `r`.`vfx_task_assignment_id`
LEFT JOIN `task_types` `c` ON `c`.`id` = `vta`.`task_type_id`
LEFT JOIN `users` `u` ON `u`.`id` = `r`.`user_id`
LEFT JOIN `review_files` `rf` ON `rf`.`review_id` = `r`.`id`
WHERE `r`.`status` = :r.status:
ORDER BY `r`.`created_at` DESC', [...], false)
 4 APPPATH\Controllers\Admin\Reviews.php(39): CodeIgniter\Database\BaseBuilder->get()
 5 SYSTEMPATH\CodeIgniter.php(974): App\Controllers\Admin\Reviews->index()
 6 SYSTEMPATH\CodeIgniter.php(520): CodeIgniter\CodeIgniter->runController(Object(App\Controllers\Admin\Reviews))
 7 SYSTEMPATH\CodeIgniter.php(363): CodeIgniter\CodeIgniter->handleRequest(null, Object(Config\Cache), false)
 8 SYSTEMPATH\Boot.php(417): CodeIgniter\CodeIgniter->run()
 9 SYSTEMPATH\Boot.php(68): CodeIgniter\Boot::runCodeIgniter(Object(CodeIgniter\CodeIgniter))
10 FCPATH\index.php(59): CodeIgniter\Boot::bootWeb(Object(Config\Paths))
CRITICAL - 2026-08-02 05:03:43 --> [Caused by] Exception: Unable to prepare statement: 1, no such column: u.user_profile_pic
in SYSTEMPATH\Database\SQLite3\Connection.php on line 164.
 1 SYSTEMPATH\Database\SQLite3\Connection.php(164): SQLite3->query('SELECT `r`.*, `p`.`name` as `project_name`, `p`.`project_code`, `s`.`shot_number`, `seq`.`name` as `seq_name`, `u`.`name` as `artist_name`, `u`.`user_profile_pic` as `artist_pic`, `vta`.`id` as `vfx_task_assignment_id`, `c`.`name` as `task_name`, `rf`.`proxy_path`, `rf`.`file_type`
FROM `reviews` `r`
LEFT JOIN `projects` `p` ON `p`.`id` = `r`.`project_id`
LEFT JOIN `shots` `s` ON `s`.`id` = `r`.`shot_id`
LEFT JOIN `sequences` `seq` ON `seq`.`id` = `s`.`sequence_id`
LEFT JOIN `tasks` `vta` ON `vta`.`id` = `r`.`vfx_task_assignment_id`
LEFT JOIN `task_types` `c` ON `c`.`id` = `vta`.`task_type_id`
LEFT JOIN `users` `u` ON `u`.`id` = `r`.`user_id`
LEFT JOIN `review_files` `rf` ON `rf`.`review_id` = `r`.`id`
WHERE `r`.`status` = \'pending\'
ORDER BY `r`.`created_at` DESC')
 2 SYSTEMPATH\Database\BaseConnection.php(908): CodeIgniter\Database\SQLite3\Connection->execute('SELECT `r`.*, `p`.`name` as `project_name`, `p`.`project_code`, `s`.`shot_number`, `seq`.`name` as `seq_name`, `u`.`name` as `artist_name`, `u`.`user_profile_pic` as `artist_pic`, `vta`.`id` as `vfx_task_assignment_id`, `c`.`name` as `task_name`, `rf`.`proxy_path`, `rf`.`file_type`
FROM `reviews` `r`
LEFT JOIN `projects` `p` ON `p`.`id` = `r`.`project_id`
LEFT JOIN `shots` `s` ON `s`.`id` = `r`.`shot_id`
LEFT JOIN `sequences` `seq` ON `seq`.`id` = `s`.`sequence_id`
LEFT JOIN `tasks` `vta` ON `vta`.`id` = `r`.`vfx_task_assignment_id`
LEFT JOIN `task_types` `c` ON `c`.`id` = `vta`.`task_type_id`
LEFT JOIN `users` `u` ON `u`.`id` = `r`.`user_id`
LEFT JOIN `review_files` `rf` ON `rf`.`review_id` = `r`.`id`
WHERE `r`.`status` = \'pending\'
ORDER BY `r`.`created_at` DESC')
 3 SYSTEMPATH\Database\BaseConnection.php(825): CodeIgniter\Database\BaseConnection->simpleQuery('SELECT `r`.*, `p`.`name` as `project_name`, `p`.`project_code`, `s`.`shot_number`, `seq`.`name` as `seq_name`, `u`.`name` as `artist_name`, `u`.`user_profile_pic` as `artist_pic`, `vta`.`id` as `vfx_task_assignment_id`, `c`.`name` as `task_name`, `rf`.`proxy_path`, `rf`.`file_type`
FROM `reviews` `r`
LEFT JOIN `projects` `p` ON `p`.`id` = `r`.`project_id`
LEFT JOIN `shots` `s` ON `s`.`id` = `r`.`shot_id`
LEFT JOIN `sequences` `seq` ON `seq`.`id` = `s`.`sequence_id`
LEFT JOIN `tasks` `vta` ON `vta`.`id` = `r`.`vfx_task_assignment_id`
LEFT JOIN `task_types` `c` ON `c`.`id` = `vta`.`task_type_id`
LEFT JOIN `users` `u` ON `u`.`id` = `r`.`user_id`
LEFT JOIN `review_files` `rf` ON `rf`.`review_id` = `r`.`id`
WHERE `r`.`status` = \'pending\'
ORDER BY `r`.`created_at` DESC')
 4 SYSTEMPATH\Database\BaseBuilder.php(1647): CodeIgniter\Database\BaseConnection->query('SELECT `r`.*, `p`.`name` as `project_name`, `p`.`project_code`, `s`.`shot_number`, `seq`.`name` as `seq_name`, `u`.`name` as `artist_name`, `u`.`user_profile_pic` as `artist_pic`, `vta`.`id` as `vfx_task_assignment_id`, `c`.`name` as `task_name`, `rf`.`proxy_path`, `rf`.`file_type`
FROM `reviews` `r`
LEFT JOIN `projects` `p` ON `p`.`id` = `r`.`project_id`
LEFT JOIN `shots` `s` ON `s`.`id` = `r`.`shot_id`
LEFT JOIN `sequences` `seq` ON `seq`.`id` = `s`.`sequence_id`
LEFT JOIN `tasks` `vta` ON `vta`.`id` = `r`.`vfx_task_assignment_id`
LEFT JOIN `task_types` `c` ON `c`.`id` = `vta`.`task_type_id`
LEFT JOIN `users` `u` ON `u`.`id` = `r`.`user_id`
LEFT JOIN `review_files` `rf` ON `rf`.`review_id` = `r`.`id`
WHERE `r`.`status` = :r.status:
ORDER BY `r`.`created_at` DESC', [...], false)
 5 APPPATH\Controllers\Admin\Reviews.php(39): CodeIgniter\Database\BaseBuilder->get()
 6 SYSTEMPATH\CodeIgniter.php(974): App\Controllers\Admin\Reviews->index()
 7 SYSTEMPATH\CodeIgniter.php(520): CodeIgniter\CodeIgniter->runController(Object(App\Controllers\Admin\Reviews))
 8 SYSTEMPATH\CodeIgniter.php(363): CodeIgniter\CodeIgniter->handleRequest(null, Object(Config\Cache), false)
 9 SYSTEMPATH\Boot.php(417): CodeIgniter\CodeIgniter->run()
10 SYSTEMPATH\Boot.php(68): CodeIgniter\Boot::runCodeIgniter(Object(CodeIgniter\CodeIgniter))
11 FCPATH\index.php(59): CodeIgniter\Boot::bootWeb(Object(Config\Paths))
DEBUG - 2026-08-02 05:03:43 --> Session: Class initialized using 'CodeIgniter\Session\Handlers\FileHandler' driver.
ERROR - 2026-08-02 05:03:43 --> Unable to prepare statement: 1, no such column: u.user_profile_pic
in SYSTEMPATH\Database\SQLite3\Connection.php on line 164.
 1 SYSTEMPATH\Database\SQLite3\Connection.php(164): SQLite3->query('SELECT `r`.*, `p`.`name` as `project_name`, `p`.`project_code`, `s`.`shot_number`, `seq`.`name` as `seq_name`, `u`.`name` as `artist_name`, `u`.`user_profile_pic` as `artist_pic`, `vta`.`id` as `vfx_task_assignment_id`, `c`.`name` as `task_name`, `rf`.`proxy_path`, `rf`.`file_type`
FROM `reviews` `r`
LEFT JOIN `projects` `p` ON `p`.`id` = `r`.`project_id`
LEFT JOIN `shots` `s` ON `s`.`id` = `r`.`shot_id`
LEFT JOIN `sequences` `seq` ON `seq`.`id` = `s`.`sequence_id`
LEFT JOIN `tasks` `vta` ON `vta`.`id` = `r`.`vfx_task_assignment_id`
LEFT JOIN `task_types` `c` ON `c`.`id` = `vta`.`task_type_id`
LEFT JOIN `users` `u` ON `u`.`id` = `r`.`user_id`
LEFT JOIN `review_files` `rf` ON `rf`.`review_id` = `r`.`id`
WHERE `r`.`status` = \'pending\'
ORDER BY `r`.`created_at` DESC')
 2 SYSTEMPATH\Database\BaseConnection.php(908): CodeIgniter\Database\SQLite3\Connection->execute('SELECT `r`.*, `p`.`name` as `project_name`, `p`.`project_code`, `s`.`shot_number`, `seq`.`name` as `seq_name`, `u`.`name` as `artist_name`, `u`.`user_profile_pic` as `artist_pic`, `vta`.`id` as `vfx_task_assignment_id`, `c`.`name` as `task_name`, `rf`.`proxy_path`, `rf`.`file_type`
FROM `reviews` `r`
LEFT JOIN `projects` `p` ON `p`.`id` = `r`.`project_id`
LEFT JOIN `shots` `s` ON `s`.`id` = `r`.`shot_id`
LEFT JOIN `sequences` `seq` ON `seq`.`id` = `s`.`sequence_id`
LEFT JOIN `tasks` `vta` ON `vta`.`id` = `r`.`vfx_task_assignment_id`
LEFT JOIN `task_types` `c` ON `c`.`id` = `vta`.`task_type_id`
LEFT JOIN `users` `u` ON `u`.`id` = `r`.`user_id`
LEFT JOIN `review_files` `rf` ON `rf`.`review_id` = `r`.`id`
WHERE `r`.`status` = \'pending\'
ORDER BY `r`.`created_at` DESC')
 3 SYSTEMPATH\Database\BaseConnection.php(825): CodeIgniter\Database\BaseConnection->simpleQuery('SELECT `r`.*, `p`.`name` as `project_name`, `p`.`project_code`, `s`.`shot_number`, `seq`.`name` as `seq_name`, `u`.`name` as `artist_name`, `u`.`user_profile_pic` as `artist_pic`, `vta`.`id` as `vfx_task_assignment_id`, `c`.`name` as `task_name`, `rf`.`proxy_path`, `rf`.`file_type`
FROM `reviews` `r`
LEFT JOIN `projects` `p` ON `p`.`id` = `r`.`project_id`
LEFT JOIN `shots` `s` ON `s`.`id` = `r`.`shot_id`
LEFT JOIN `sequences` `seq` ON `seq`.`id` = `s`.`sequence_id`
LEFT JOIN `tasks` `vta` ON `vta`.`id` = `r`.`vfx_task_assignment_id`
LEFT JOIN `task_types` `c` ON `c`.`id` = `vta`.`task_type_id`
LEFT JOIN `users` `u` ON `u`.`id` = `r`.`user_id`
LEFT JOIN `review_files` `rf` ON `rf`.`review_id` = `r`.`id`
WHERE `r`.`status` = \'pending\'
ORDER BY `r`.`created_at` DESC')
 4 SYSTEMPATH\Database\BaseBuilder.php(1647): CodeIgniter\Database\BaseConnection->query('SELECT `r`.*, `p`.`name` as `project_name`, `p`.`project_code`, `s`.`shot_number`, `seq`.`name` as `seq_name`, `u`.`name` as `artist_name`, `u`.`user_profile_pic` as `artist_pic`, `vta`.`id` as `vfx_task_assignment_id`, `c`.`name` as `task_name`, `rf`.`proxy_path`, `rf`.`file_type`
FROM `reviews` `r`
LEFT JOIN `projects` `p` ON `p`.`id` = `r`.`project_id`
LEFT JOIN `shots` `s` ON `s`.`id` = `r`.`shot_id`
LEFT JOIN `sequences` `seq` ON `seq`.`id` = `s`.`sequence_id`
LEFT JOIN `tasks` `vta` ON `vta`.`id` = `r`.`vfx_task_assignment_id`
LEFT JOIN `task_types` `c` ON `c`.`id` = `vta`.`task_type_id`
LEFT JOIN `users` `u` ON `u`.`id` = `r`.`user_id`
LEFT JOIN `review_files` `rf` ON `rf`.`review_id` = `r`.`id`
WHERE `r`.`status` = :r.status:
ORDER BY `r`.`created_at` DESC', [...], false)
 5 APPPATH\Controllers\Admin\Reviews.php(39): CodeIgniter\Database\BaseBuilder->get()
 6 SYSTEMPATH\CodeIgniter.php(974): App\Controllers\Admin\Reviews->index()
 7 SYSTEMPATH\CodeIgniter.php(520): CodeIgniter\CodeIgniter->runController(Object(App\Controllers\Admin\Reviews))
 8 SYSTEMPATH\CodeIgniter.php(363): CodeIgniter\CodeIgniter->handleRequest(null, Object(Config\Cache), false)
 9 SYSTEMPATH\Boot.php(417): CodeIgniter\CodeIgniter->run()
10 SYSTEMPATH\Boot.php(68): CodeIgniter\Boot::runCodeIgniter(Object(CodeIgniter\CodeIgniter))
11 FCPATH\index.php(59): CodeIgniter\Boot::bootWeb(Object(Config\Paths))
CRITICAL - 2026-08-02 05:03:43 --> CodeIgniter\Database\Exceptions\DatabaseException: Unable to prepare statement: 1, no such column: u.user_profile_pic
[Method: GET, Route: admin/reviews]
in SYSTEMPATH\Database\BaseConnection.php on line 863.
 1 SYSTEMPATH\Database\BaseBuilder.php(1647): CodeIgniter\Database\BaseConnection->query('SELECT `r`.*, `p`.`name` as `project_name`, `p`.`project_code`, `s`.`shot_number`, `seq`.`name` as `seq_name`, `u`.`name` as `artist_name`, `u`.`user_profile_pic` as `artist_pic`, `vta`.`id` as `vfx_task_assignment_id`, `c`.`name` as `task_name`, `rf`.`proxy_path`, `rf`.`file_type`
FROM `reviews` `r`
LEFT JOIN `projects` `p` ON `p`.`id` = `r`.`project_id`
LEFT JOIN `shots` `s` ON `s`.`id` = `r`.`shot_id`
LEFT JOIN `sequences` `seq` ON `seq`.`id` = `s`.`sequence_id`
LEFT JOIN `tasks` `vta` ON `vta`.`id` = `r`.`vfx_task_assignment_id`
LEFT JOIN `task_types` `c` ON `c`.`id` = `vta`.`task_type_id`
LEFT JOIN `users` `u` ON `u`.`id` = `r`.`user_id`
LEFT JOIN `review_files` `rf` ON `rf`.`review_id` = `r`.`id`
WHERE `r`.`status` = :r.status:
ORDER BY `r`.`created_at` DESC', [...], false)
 2 APPPATH\Controllers\Admin\Reviews.php(39): CodeIgniter\Database\BaseBuilder->get()
 3 SYSTEMPATH\CodeIgniter.php(974): App\Controllers\Admin\Reviews->index()
 4 SYSTEMPATH\CodeIgniter.php(520): CodeIgniter\CodeIgniter->runController(Object(App\Controllers\Admin\Reviews))
 5 SYSTEMPATH\CodeIgniter.php(363): CodeIgniter\CodeIgniter->handleRequest(null, Object(Config\Cache), false)
 6 SYSTEMPATH\Boot.php(417): CodeIgniter\CodeIgniter->run()
 7 SYSTEMPATH\Boot.php(68): CodeIgniter\Boot::runCodeIgniter(Object(CodeIgniter\CodeIgniter))
 8 FCPATH\index.php(59): CodeIgniter\Boot::bootWeb(Object(Config\Paths))
CRITICAL - 2026-08-02 05:03:43 --> [Caused by] CodeIgniter\Database\Exceptions\DatabaseException: Unable to prepare statement: 1, no such column: u.user_profile_pic
in SYSTEMPATH\Database\SQLite3\Connection.php on line 174.
 1 SYSTEMPATH\Database\BaseConnection.php(908): CodeIgniter\Database\SQLite3\Connection->execute('SELECT `r`.*, `p`.`name` as `project_name`, `p`.`project_code`, `s`.`shot_number`, `seq`.`name` as `seq_name`, `u`.`name` as `artist_name`, `u`.`user_profile_pic` as `artist_pic`, `vta`.`id` as `vfx_task_assignment_id`, `c`.`name` as `task_name`, `rf`.`proxy_path`, `rf`.`file_type`
FROM `reviews` `r`
LEFT JOIN `projects` `p` ON `p`.`id` = `r`.`project_id`
LEFT JOIN `shots` `s` ON `s`.`id` = `r`.`shot_id`
LEFT JOIN `sequences` `seq` ON `seq`.`id` = `s`.`sequence_id`
LEFT JOIN `tasks` `vta` ON `vta`.`id` = `r`.`vfx_task_assignment_id`
LEFT JOIN `task_types` `c` ON `c`.`id` = `vta`.`task_type_id`
LEFT JOIN `users` `u` ON `u`.`id` = `r`.`user_id`
LEFT JOIN `review_files` `rf` ON `rf`.`review_id` = `r`.`id`
WHERE `r`.`status` = \'pending\'
ORDER BY `r`.`created_at` DESC')
 2 SYSTEMPATH\Database\BaseConnection.php(825): CodeIgniter\Database\BaseConnection->simpleQuery('SELECT `r`.*, `p`.`name` as `project_name`, `p`.`project_code`, `s`.`shot_number`, `seq`.`name` as `seq_name`, `u`.`name` as `artist_name`, `u`.`user_profile_pic` as `artist_pic`, `vta`.`id` as `vfx_task_assignment_id`, `c`.`name` as `task_name`, `rf`.`proxy_path`, `rf`.`file_type`
FROM `reviews` `r`
LEFT JOIN `projects` `p` ON `p`.`id` = `r`.`project_id`
LEFT JOIN `shots` `s` ON `s`.`id` = `r`.`shot_id`
LEFT JOIN `sequences` `seq` ON `seq`.`id` = `s`.`sequence_id`
LEFT JOIN `tasks` `vta` ON `vta`.`id` = `r`.`vfx_task_assignment_id`
LEFT JOIN `task_types` `c` ON `c`.`id` = `vta`.`task_type_id`
LEFT JOIN `users` `u` ON `u`.`id` = `r`.`user_id`
LEFT JOIN `review_files` `rf` ON `rf`.`review_id` = `r`.`id`
WHERE `r`.`status` = \'pending\'
ORDER BY `r`.`created_at` DESC')
 3 SYSTEMPATH\Database\BaseBuilder.php(1647): CodeIgniter\Database\BaseConnection->query('SELECT `r`.*, `p`.`name` as `project_name`, `p`.`project_code`, `s`.`shot_number`, `seq`.`name` as `seq_name`, `u`.`name` as `artist_name`, `u`.`user_profile_pic` as `artist_pic`, `vta`.`id` as `vfx_task_assignment_id`, `c`.`name` as `task_name`, `rf`.`proxy_path`, `rf`.`file_type`
FROM `reviews` `r`
LEFT JOIN `projects` `p` ON `p`.`id` = `r`.`project_id`
LEFT JOIN `shots` `s` ON `s`.`id` = `r`.`shot_id`
LEFT JOIN `sequences` `seq` ON `seq`.`id` = `s`.`sequence_id`
LEFT JOIN `tasks` `vta` ON `vta`.`id` = `r`.`vfx_task_assignment_id`
LEFT JOIN `task_types` `c` ON `c`.`id` = `vta`.`task_type_id`
LEFT JOIN `users` `u` ON `u`.`id` = `r`.`user_id`
LEFT JOIN `review_files` `rf` ON `rf`.`review_id` = `r`.`id`
WHERE `r`.`status` = :r.status:
ORDER BY `r`.`created_at` DESC', [...], false)
 4 APPPATH\Controllers\Admin\Reviews.php(39): CodeIgniter\Database\BaseBuilder->get()
 5 SYSTEMPATH\CodeIgniter.php(974): App\Controllers\Admin\Reviews->index()
 6 SYSTEMPATH\CodeIgniter.php(520): CodeIgniter\CodeIgniter->runController(Object(App\Controllers\Admin\Reviews))
 7 SYSTEMPATH\CodeIgniter.php(363): CodeIgniter\CodeIgniter->handleRequest(null, Object(Config\Cache), false)
 8 SYSTEMPATH\Boot.php(417): CodeIgniter\CodeIgniter->run()
 9 SYSTEMPATH\Boot.php(68): CodeIgniter\Boot::runCodeIgniter(Object(CodeIgniter\CodeIgniter))
10 FCPATH\index.php(59): CodeIgniter\Boot::bootWeb(Object(Config\Paths))
CRITICAL - 2026-08-02 05:03:43 --> [Caused by] Exception: Unable to prepare statement: 1, no such column: u.user_profile_pic
in SYSTEMPATH\Database\SQLite3\Connection.php on line 164.
 1 SYSTEMPATH\Database\SQLite3\Connection.php(164): SQLite3->query('SELECT `r`.*, `p`.`name` as `project_name`, `p`.`project_code`, `s`.`shot_number`, `seq`.`name` as `seq_name`, `u`.`name` as `artist_name`, `u`.`user_profile_pic` as `artist_pic`, `vta`.`id` as `vfx_task_assignment_id`, `c`.`name` as `task_name`, `rf`.`proxy_path`, `rf`.`file_type`
FROM `reviews` `r`
LEFT JOIN `projects` `p` ON `p`.`id` = `r`.`project_id`
LEFT JOIN `shots` `s` ON `s`.`id` = `r`.`shot_id`
LEFT JOIN `sequences` `seq` ON `seq`.`id` = `s`.`sequence_id`
LEFT JOIN `tasks` `vta` ON `vta`.`id` = `r`.`vfx_task_assignment_id`
LEFT JOIN `task_types` `c` ON `c`.`id` = `vta`.`task_type_id`
LEFT JOIN `users` `u` ON `u`.`id` = `r`.`user_id`
LEFT JOIN `review_files` `rf` ON `rf`.`review_id` = `r`.`id`
WHERE `r`.`status` = \'pending\'
ORDER BY `r`.`created_at` DESC')
 2 SYSTEMPATH\Database\BaseConnection.php(908): CodeIgniter\Database\SQLite3\Connection->execute('SELECT `r`.*, `p`.`name` as `project_name`, `p`.`project_code`, `s`.`shot_number`, `seq`.`name` as `seq_name`, `u`.`name` as `artist_name`, `u`.`user_profile_pic` as `artist_pic`, `vta`.`id` as `vfx_task_assignment_id`, `c`.`name` as `task_name`, `rf`.`proxy_path`, `rf`.`file_type`
FROM `reviews` `r`
LEFT JOIN `projects` `p` ON `p`.`id` = `r`.`project_id`
LEFT JOIN `shots` `s` ON `s`.`id` = `r`.`shot_id`
LEFT JOIN `sequences` `seq` ON `seq`.`id` = `s`.`sequence_id`
LEFT JOIN `tasks` `vta` ON `vta`.`id` = `r`.`vfx_task_assignment_id`
LEFT JOIN `task_types` `c` ON `c`.`id` = `vta`.`task_type_id`
LEFT JOIN `users` `u` ON `u`.`id` = `r`.`user_id`
LEFT JOIN `review_files` `rf` ON `rf`.`review_id` = `r`.`id`
WHERE `r`.`status` = \'pending\'
ORDER BY `r`.`created_at` DESC')
 3 SYSTEMPATH\Database\BaseConnection.php(825): CodeIgniter\Database\BaseConnection->simpleQuery('SELECT `r`.*, `p`.`name` as `project_name`, `p`.`project_code`, `s`.`shot_number`, `seq`.`name` as `seq_name`, `u`.`name` as `artist_name`, `u`.`user_profile_pic` as `artist_pic`, `vta`.`id` as `vfx_task_assignment_id`, `c`.`name` as `task_name`, `rf`.`proxy_path`, `rf`.`file_type`
FROM `reviews` `r`
LEFT JOIN `projects` `p` ON `p`.`id` = `r`.`project_id`
LEFT JOIN `shots` `s` ON `s`.`id` = `r`.`shot_id`
LEFT JOIN `sequences` `seq` ON `seq`.`id` = `s`.`sequence_id`
LEFT JOIN `tasks` `vta` ON `vta`.`id` = `r`.`vfx_task_assignment_id`
LEFT JOIN `task_types` `c` ON `c`.`id` = `vta`.`task_type_id`
LEFT JOIN `users` `u` ON `u`.`id` = `r`.`user_id`
LEFT JOIN `review_files` `rf` ON `rf`.`review_id` = `r`.`id`
WHERE `r`.`status` = \'pending\'
ORDER BY `r`.`created_at` DESC')
 4 SYSTEMPATH\Database\BaseBuilder.php(1647): CodeIgniter\Database\BaseConnection->query('SELECT `r`.*, `p`.`name` as `project_name`, `p`.`project_code`, `s`.`shot_number`, `seq`.`name` as `seq_name`, `u`.`name` as `artist_name`, `u`.`user_profile_pic` as `artist_pic`, `vta`.`id` as `vfx_task_assignment_id`, `c`.`name` as `task_name`, `rf`.`proxy_path`, `rf`.`file_type`
FROM `reviews` `r`
LEFT JOIN `projects` `p` ON `p`.`id` = `r`.`project_id`
LEFT JOIN `shots` `s` ON `s`.`id` = `r`.`shot_id`
LEFT JOIN `sequences` `seq` ON `seq`.`id` = `s`.`sequence_id`
LEFT JOIN `tasks` `vta` ON `vta`.`id` = `r`.`vfx_task_assignment_id`
LEFT JOIN `task_types` `c` ON `c`.`id` = `vta`.`task_type_id`
LEFT JOIN `users` `u` ON `u`.`id` = `r`.`user_id`
LEFT JOIN `review_files` `rf` ON `rf`.`review_id` = `r`.`id`
WHERE `r`.`status` = :r.status:
ORDER BY `r`.`created_at` DESC', [...], false)
 5 APPPATH\Controllers\Admin\Reviews.php(39): CodeIgniter\Database\BaseBuilder->get()
 6 SYSTEMPATH\CodeIgniter.php(974): App\Controllers\Admin\Reviews->index()
 7 SYSTEMPATH\CodeIgniter.php(520): CodeIgniter\CodeIgniter->runController(Object(App\Controllers\Admin\Reviews))
 8 SYSTEMPATH\CodeIgniter.php(363): CodeIgniter\CodeIgniter->handleRequest(null, Object(Config\Cache), false)
 9 SYSTEMPATH\Boot.php(417): CodeIgniter\CodeIgniter->run()
10 SYSTEMPATH\Boot.php(68): CodeIgniter\Boot::runCodeIgniter(Object(CodeIgniter\CodeIgniter))
11 FCPATH\index.php(59): CodeIgniter\Boot::bootWeb(Object(Config\Paths))
DEBUG - 2026-08-02 05:04:40 --> Session: Class initialized using 'CodeIgniter\Session\Handlers\FileHandler' driver.
CRITICAL - 2026-08-02 05:05:04 --> CodeIgniter\Security\Exceptions\SecurityException: The action you requested is not allowed.
[Method: POST, Route: login]
in SYSTEMPATH\Security\Security.php on line 258.
 1 SYSTEMPATH\Security\Security.php(258): CodeIgniter\Security\Exceptions\SecurityException::forDisallowedAction()
 2 SYSTEMPATH\Filters\CSRF.php(52): CodeIgniter\Security\Security->verify(Object(CodeIgniter\HTTP\IncomingRequest))
 3 SYSTEMPATH\Filters\Filters.php(241): CodeIgniter\Filters\CSRF->before(Object(CodeIgniter\HTTP\IncomingRequest), null)
 4 SYSTEMPATH\Filters\Filters.php(221): CodeIgniter\Filters\Filters->runBefore([...])
 5 SYSTEMPATH\CodeIgniter.php(488): CodeIgniter\Filters\Filters->run('login', 'before')
 6 SYSTEMPATH\CodeIgniter.php(363): CodeIgniter\CodeIgniter->handleRequest(null, Object(Config\Cache), false)
 7 SYSTEMPATH\Boot.php(417): CodeIgniter\CodeIgniter->run()
 8 SYSTEMPATH\Boot.php(68): CodeIgniter\Boot::runCodeIgniter(Object(CodeIgniter\CodeIgniter))
 9 FCPATH\index.php(59): CodeIgniter\Boot::bootWeb(Object(Config\Paths))
CRITICAL - 2026-08-02 05:07:32 --> CodeIgniter\Security\Exceptions\SecurityException: The action you requested is not allowed.
[Method: POST, Route: login]
in SYSTEMPATH\Security\Security.php on line 258.
 1 SYSTEMPATH\Security\Security.php(258): CodeIgniter\Security\Exceptions\SecurityException::forDisallowedAction()
 2 SYSTEMPATH\Filters\CSRF.php(52): CodeIgniter\Security\Security->verify(Object(CodeIgniter\HTTP\IncomingRequest))
 3 SYSTEMPATH\Filters\Filters.php(241): CodeIgniter\Filters\CSRF->before(Object(CodeIgniter\HTTP\IncomingRequest), null)
 4 SYSTEMPATH\Filters\Filters.php(221): CodeIgniter\Filters\Filters->runBefore([...])
 5 SYSTEMPATH\CodeIgniter.php(488): CodeIgniter\Filters\Filters->run('login', 'before')
 6 SYSTEMPATH\CodeIgniter.php(363): CodeIgniter\CodeIgniter->handleRequest(null, Object(Config\Cache), false)
 7 SYSTEMPATH\Boot.php(417): CodeIgniter\CodeIgniter->run()
 8 SYSTEMPATH\Boot.php(68): CodeIgniter\Boot::runCodeIgniter(Object(CodeIgniter\CodeIgniter))
 9 FCPATH\index.php(59): CodeIgniter\Boot::bootWeb(Object(Config\Paths))
DEBUG - 2026-08-02 05:07:36 --> Session: Class initialized using 'CodeIgniter\Session\Handlers\FileHandler' driver.
INFO - 2026-08-02 05:07:59 --> CSRF token verified.
DEBUG - 2026-08-02 05:07:59 --> Session: Class initialized using 'CodeIgniter\Session\Handlers\FileHandler' driver.
DEBUG - 2026-08-02 05:07:59 --> Session: Class initialized using 'CodeIgniter\Session\Handlers\FileHandler' driver.
CRITICAL - 2026-08-02 05:07:59 --> ErrorException: Undefined variable $userRole
[Method: GET, Route: user/dashboard]
in APPPATH\Controllers\User\Dashboard.php on line 42.
 1 APPPATH\Controllers\User\Dashboard.php(42): CodeIgniter\Debug\Exceptions->errorHandler(2, 'Undefined variable $userRole', 'C:\\xampp\\htdocs\\eso8manager_v0.0.1\\app\\Controllers\\User\\Dashboard.php', 42)
 2 SYSTEMPATH\CodeIgniter.php(974): App\Controllers\User\Dashboard->index()
 3 SYSTEMPATH\CodeIgniter.php(520): CodeIgniter\CodeIgniter->runController(Object(App\Controllers\User\Dashboard))
 4 SYSTEMPATH\CodeIgniter.php(363): CodeIgniter\CodeIgniter->handleRequest(null, Object(Config\Cache), false)
 5 SYSTEMPATH\Boot.php(417): CodeIgniter\CodeIgniter->run()
 6 SYSTEMPATH\Boot.php(68): CodeIgniter\Boot::runCodeIgniter(Object(CodeIgniter\CodeIgniter))
 7 FCPATH\index.php(59): CodeIgniter\Boot::bootWeb(Object(Config\Paths))
DEBUG - 2026-08-02 05:08:43 --> Session: Class initialized using 'CodeIgniter\Session\Handlers\FileHandler' driver.
CRITICAL - 2026-08-02 05:08:49 --> ParseError: syntax error, unexpected token "public"
[Method: POST, Route: user/tasks/updateStatus/4]
in APPPATH\Controllers\User\Tasks.php on line 79.
 1 SYSTEMPATH\Autoloader\Autoloader.php(320): CodeIgniter\Autoloader\Autoloader->includeFile('C:\\xampp\\htdocs\\eso8manager_v0.0.1\\app\\Controllers\\User\\Tasks.php')
 2 SYSTEMPATH\Autoloader\Autoloader.php(296): CodeIgniter\Autoloader\Autoloader->loadInNamespace('App\\Controllers\\User\\Tasks')
 3 [internal function]: CodeIgniter\Autoloader\Autoloader->loadClass('App\\Controllers\\User\\Tasks')
 4 SYSTEMPATH\Router\Router.php(790): class_exists('\\App\\Controllers\\User\\Tasks')
 5 SYSTEMPATH\Router\Router.php(228): CodeIgniter\Router\Router->processRouteAttributes()
 6 SYSTEMPATH\CodeIgniter.php(852): CodeIgniter\Router\Router->handle('user/tasks/updateStatus/4')
 7 SYSTEMPATH\CodeIgniter.php(464): CodeIgniter\CodeIgniter->tryToRouteIt(Object(CodeIgniter\Router\RouteCollection))
 8 SYSTEMPATH\CodeIgniter.php(363): CodeIgniter\CodeIgniter->handleRequest(null, Object(Config\Cache), false)
 9 SYSTEMPATH\Boot.php(417): CodeIgniter\CodeIgniter->run()
10 SYSTEMPATH\Boot.php(68): CodeIgniter\Boot::runCodeIgniter(Object(CodeIgniter\CodeIgniter))
11 FCPATH\index.php(59): CodeIgniter\Boot::bootWeb(Object(Config\Paths))
INFO - 2026-08-02 05:09:57 --> CSRF token verified.
DEBUG - 2026-08-02 05:09:57 --> Session: Class initialized using 'CodeIgniter\Session\Handlers\FileHandler' driver.
DEBUG - 2026-08-02 05:09:57 --> Session: Class initialized using 'CodeIgniter\Session\Handlers\FileHandler' driver.
INFO - 2026-08-02 05:10:55 --> CSRF token verified.
DEBUG - 2026-08-02 05:10:55 --> Session: Class initialized using 'CodeIgniter\Session\Handlers\FileHandler' driver.
CRITICAL - 2026-08-02 05:10:56 --> Error: Undefined constant "App\Controllers\User\WRITABLEPATH"
[Method: POST, Route: user/tasks/submitReview]
in APPPATH\Controllers\User\Tasks.php on line 138.
 1 SYSTEMPATH\CodeIgniter.php(974): App\Controllers\User\Tasks->submitReview()
 2 SYSTEMPATH\CodeIgniter.php(520): CodeIgniter\CodeIgniter->runController(Object(App\Controllers\User\Tasks))
 3 SYSTEMPATH\CodeIgniter.php(363): CodeIgniter\CodeIgniter->handleRequest(null, Object(Config\Cache), false)
 4 SYSTEMPATH\Boot.php(417): CodeIgniter\CodeIgniter->run()
 5 SYSTEMPATH\Boot.php(68): CodeIgniter\Boot::runCodeIgniter(Object(CodeIgniter\CodeIgniter))
 6 FCPATH\index.php(59): CodeIgniter\Boot::bootWeb(Object(Config\Paths))
INFO - 2026-08-02 05:11:55 --> CSRF token verified.
DEBUG - 2026-08-02 05:11:55 --> Session: Class initialized using 'CodeIgniter\Session\Handlers\FileHandler' driver.
CRITICAL - 2026-08-02 05:11:55 --> Error: Undefined constant "WRITABLEPATH"
[Method: POST, Route: user/tasks/submitReview]
in APPPATH\Controllers\User\Tasks.php on line 138.
 1 SYSTEMPATH\CodeIgniter.php(974): App\Controllers\User\Tasks->submitReview()
 2 SYSTEMPATH\CodeIgniter.php(520): CodeIgniter\CodeIgniter->runController(Object(App\Controllers\User\Tasks))
 3 SYSTEMPATH\CodeIgniter.php(363): CodeIgniter\CodeIgniter->handleRequest(null, Object(Config\Cache), false)
 4 SYSTEMPATH\Boot.php(417): CodeIgniter\CodeIgniter->run()
 5 SYSTEMPATH\Boot.php(68): CodeIgniter\Boot::runCodeIgniter(Object(CodeIgniter\CodeIgniter))
 6 FCPATH\index.php(59): CodeIgniter\Boot::bootWeb(Object(Config\Paths))
INFO - 2026-08-02 05:12:01 --> CSRF token verified.
DEBUG - 2026-08-02 05:12:01 --> Session: Class initialized using 'CodeIgniter\Session\Handlers\FileHandler' driver.
CRITICAL - 2026-08-02 05:12:01 --> Error: Undefined constant "WRITABLEPATH"
[Method: POST, Route: user/tasks/submitReview]
in APPPATH\Controllers\User\Tasks.php on line 138.
 1 SYSTEMPATH\CodeIgniter.php(974): App\Controllers\User\Tasks->submitReview()
 2 SYSTEMPATH\CodeIgniter.php(520): CodeIgniter\CodeIgniter->runController(Object(App\Controllers\User\Tasks))
 3 SYSTEMPATH\CodeIgniter.php(363): CodeIgniter\CodeIgniter->handleRequest(null, Object(Config\Cache), false)
 4 SYSTEMPATH\Boot.php(417): CodeIgniter\CodeIgniter->run()
 5 SYSTEMPATH\Boot.php(68): CodeIgniter\Boot::runCodeIgniter(Object(CodeIgniter\CodeIgniter))
 6 FCPATH\index.php(59): CodeIgniter\Boot::bootWeb(Object(Config\Paths))
INFO - 2026-08-02 05:13:30 --> CSRF token verified.
DEBUG - 2026-08-02 05:13:30 --> Session: Class initialized using 'CodeIgniter\Session\Handlers\FileHandler' driver.
DEBUG - 2026-08-02 05:13:30 --> Session: Class initialized using 'CodeIgniter\Session\Handlers\FileHandler' driver.
DEBUG - 2026-08-02 05:13:41 --> Session: Class initialized using 'CodeIgniter\Session\Handlers\FileHandler' driver.
DEBUG - 2026-08-02 05:15:49 --> Session: Class initialized using 'CodeIgniter\Session\Handlers\FileHandler' driver.
DEBUG - 2026-08-02 05:15:51 --> Session: Class initialized using 'CodeIgniter\Session\Handlers\FileHandler' driver.
ERROR - 2026-08-02 05:15:51 --> Unable to prepare statement: 1, no such column: u.user_profile_pic
in SYSTEMPATH\Database\SQLite3\Connection.php on line 164.
 1 SYSTEMPATH\Database\SQLite3\Connection.php(164): SQLite3->query('SELECT `rc`.*, `u`.`name` as `reviewer_name`, `u`.`user_profile_pic` as `reviewer_pic`
FROM `review_comments` `rc`
LEFT JOIN `users` `u` ON `u`.`id` = `rc`.`user_id`
WHERE `rc`.`review_id` = \'1\'
ORDER BY `rc`.`timecode` ASC')
 2 SYSTEMPATH\Database\BaseConnection.php(908): CodeIgniter\Database\SQLite3\Connection->execute('SELECT `rc`.*, `u`.`name` as `reviewer_name`, `u`.`user_profile_pic` as `reviewer_pic`
FROM `review_comments` `rc`
LEFT JOIN `users` `u` ON `u`.`id` = `rc`.`user_id`
WHERE `rc`.`review_id` = \'1\'
ORDER BY `rc`.`timecode` ASC')
 3 SYSTEMPATH\Database\BaseConnection.php(825): CodeIgniter\Database\BaseConnection->simpleQuery('SELECT `rc`.*, `u`.`name` as `reviewer_name`, `u`.`user_profile_pic` as `reviewer_pic`
FROM `review_comments` `rc`
LEFT JOIN `users` `u` ON `u`.`id` = `rc`.`user_id`
WHERE `rc`.`review_id` = \'1\'
ORDER BY `rc`.`timecode` ASC')
 4 SYSTEMPATH\Database\BaseBuilder.php(1647): CodeIgniter\Database\BaseConnection->query('SELECT `rc`.*, `u`.`name` as `reviewer_name`, `u`.`user_profile_pic` as `reviewer_pic`
FROM `review_comments` `rc`
LEFT JOIN `users` `u` ON `u`.`id` = `rc`.`user_id`
WHERE `rc`.`review_id` = :rc.review_id:
ORDER BY `rc`.`timecode` ASC', [...], false)
 5 APPPATH\Controllers\Admin\Reviews.php(75): CodeIgniter\Database\BaseBuilder->get()
 6 SYSTEMPATH\CodeIgniter.php(974): App\Controllers\Admin\Reviews->player('1')
 7 SYSTEMPATH\CodeIgniter.php(520): CodeIgniter\CodeIgniter->runController(Object(App\Controllers\Admin\Reviews))
 8 SYSTEMPATH\CodeIgniter.php(363): CodeIgniter\CodeIgniter->handleRequest(null, Object(Config\Cache), false)
 9 SYSTEMPATH\Boot.php(417): CodeIgniter\CodeIgniter->run()
10 SYSTEMPATH\Boot.php(68): CodeIgniter\Boot::runCodeIgniter(Object(CodeIgniter\CodeIgniter))
11 FCPATH\index.php(59): CodeIgniter\Boot::bootWeb(Object(Config\Paths))
CRITICAL - 2026-08-02 05:15:51 --> CodeIgniter\Database\Exceptions\DatabaseException: Unable to prepare statement: 1, no such column: u.user_profile_pic
[Method: GET, Route: admin/reviews/player/1]
in SYSTEMPATH\Database\BaseConnection.php on line 863.
 1 SYSTEMPATH\Database\BaseBuilder.php(1647): CodeIgniter\Database\BaseConnection->query('SELECT `rc`.*, `u`.`name` as `reviewer_name`, `u`.`user_profile_pic` as `reviewer_pic`
FROM `review_comments` `rc`
LEFT JOIN `users` `u` ON `u`.`id` = `rc`.`user_id`
WHERE `rc`.`review_id` = :rc.review_id:
ORDER BY `rc`.`timecode` ASC', [...], false)
 2 APPPATH\Controllers\Admin\Reviews.php(75): CodeIgniter\Database\BaseBuilder->get()
 3 SYSTEMPATH\CodeIgniter.php(974): App\Controllers\Admin\Reviews->player('1')
 4 SYSTEMPATH\CodeIgniter.php(520): CodeIgniter\CodeIgniter->runController(Object(App\Controllers\Admin\Reviews))
 5 SYSTEMPATH\CodeIgniter.php(363): CodeIgniter\CodeIgniter->handleRequest(null, Object(Config\Cache), false)
 6 SYSTEMPATH\Boot.php(417): CodeIgniter\CodeIgniter->run()
 7 SYSTEMPATH\Boot.php(68): CodeIgniter\Boot::runCodeIgniter(Object(CodeIgniter\CodeIgniter))
 8 FCPATH\index.php(59): CodeIgniter\Boot::bootWeb(Object(Config\Paths))
CRITICAL - 2026-08-02 05:15:51 --> [Caused by] CodeIgniter\Database\Exceptions\DatabaseException: Unable to prepare statement: 1, no such column: u.user_profile_pic
in SYSTEMPATH\Database\SQLite3\Connection.php on line 174.
 1 SYSTEMPATH\Database\BaseConnection.php(908): CodeIgniter\Database\SQLite3\Connection->execute('SELECT `rc`.*, `u`.`name` as `reviewer_name`, `u`.`user_profile_pic` as `reviewer_pic`
FROM `review_comments` `rc`
LEFT JOIN `users` `u` ON `u`.`id` = `rc`.`user_id`
WHERE `rc`.`review_id` = \'1\'
ORDER BY `rc`.`timecode` ASC')
 2 SYSTEMPATH\Database\BaseConnection.php(825): CodeIgniter\Database\BaseConnection->simpleQuery('SELECT `rc`.*, `u`.`name` as `reviewer_name`, `u`.`user_profile_pic` as `reviewer_pic`
FROM `review_comments` `rc`
LEFT JOIN `users` `u` ON `u`.`id` = `rc`.`user_id`
WHERE `rc`.`review_id` = \'1\'
ORDER BY `rc`.`timecode` ASC')
 3 SYSTEMPATH\Database\BaseBuilder.php(1647): CodeIgniter\Database\BaseConnection->query('SELECT `rc`.*, `u`.`name` as `reviewer_name`, `u`.`user_profile_pic` as `reviewer_pic`
FROM `review_comments` `rc`
LEFT JOIN `users` `u` ON `u`.`id` = `rc`.`user_id`
WHERE `rc`.`review_id` = :rc.review_id:
ORDER BY `rc`.`timecode` ASC', [...], false)
 4 APPPATH\Controllers\Admin\Reviews.php(75): CodeIgniter\Database\BaseBuilder->get()
 5 SYSTEMPATH\CodeIgniter.php(974): App\Controllers\Admin\Reviews->player('1')
 6 SYSTEMPATH\CodeIgniter.php(520): CodeIgniter\CodeIgniter->runController(Object(App\Controllers\Admin\Reviews))
 7 SYSTEMPATH\CodeIgniter.php(363): CodeIgniter\CodeIgniter->handleRequest(null, Object(Config\Cache), false)
 8 SYSTEMPATH\Boot.php(417): CodeIgniter\CodeIgniter->run()
 9 SYSTEMPATH\Boot.php(68): CodeIgniter\Boot::runCodeIgniter(Object(CodeIgniter\CodeIgniter))
10 FCPATH\index.php(59): CodeIgniter\Boot::bootWeb(Object(Config\Paths))
CRITICAL - 2026-08-02 05:15:51 --> [Caused by] Exception: Unable to prepare statement: 1, no such column: u.user_profile_pic
in SYSTEMPATH\Database\SQLite3\Connection.php on line 164.
 1 SYSTEMPATH\Database\SQLite3\Connection.php(164): SQLite3->query('SELECT `rc`.*, `u`.`name` as `reviewer_name`, `u`.`user_profile_pic` as `reviewer_pic`
FROM `review_comments` `rc`
LEFT JOIN `users` `u` ON `u`.`id` = `rc`.`user_id`
WHERE `rc`.`review_id` = \'1\'
ORDER BY `rc`.`timecode` ASC')
 2 SYSTEMPATH\Database\BaseConnection.php(908): CodeIgniter\Database\SQLite3\Connection->execute('SELECT `rc`.*, `u`.`name` as `reviewer_name`, `u`.`user_profile_pic` as `reviewer_pic`
FROM `review_comments` `rc`
LEFT JOIN `users` `u` ON `u`.`id` = `rc`.`user_id`
WHERE `rc`.`review_id` = \'1\'
ORDER BY `rc`.`timecode` ASC')
 3 SYSTEMPATH\Database\BaseConnection.php(825): CodeIgniter\Database\BaseConnection->simpleQuery('SELECT `rc`.*, `u`.`name` as `reviewer_name`, `u`.`user_profile_pic` as `reviewer_pic`
FROM `review_comments` `rc`
LEFT JOIN `users` `u` ON `u`.`id` = `rc`.`user_id`
WHERE `rc`.`review_id` = \'1\'
ORDER BY `rc`.`timecode` ASC')
 4 SYSTEMPATH\Database\BaseBuilder.php(1647): CodeIgniter\Database\BaseConnection->query('SELECT `rc`.*, `u`.`name` as `reviewer_name`, `u`.`user_profile_pic` as `reviewer_pic`
FROM `review_comments` `rc`
LEFT JOIN `users` `u` ON `u`.`id` = `rc`.`user_id`
WHERE `rc`.`review_id` = :rc.review_id:
ORDER BY `rc`.`timecode` ASC', [...], false)
 5 APPPATH\Controllers\Admin\Reviews.php(75): CodeIgniter\Database\BaseBuilder->get()
 6 SYSTEMPATH\CodeIgniter.php(974): App\Controllers\Admin\Reviews->player('1')
 7 SYSTEMPATH\CodeIgniter.php(520): CodeIgniter\CodeIgniter->runController(Object(App\Controllers\Admin\Reviews))
 8 SYSTEMPATH\CodeIgniter.php(363): CodeIgniter\CodeIgniter->handleRequest(null, Object(Config\Cache), false)
 9 SYSTEMPATH\Boot.php(417): CodeIgniter\CodeIgniter->run()
10 SYSTEMPATH\Boot.php(68): CodeIgniter\Boot::runCodeIgniter(Object(CodeIgniter\CodeIgniter))
11 FCPATH\index.php(59): CodeIgniter\Boot::bootWeb(Object(Config\Paths))
DEBUG - 2026-08-02 05:18:14 --> Session: Class initialized using 'CodeIgniter\Session\Handlers\FileHandler' driver.
DEBUG - 2026-08-02 05:18:25 --> Session: Class initialized using 'CodeIgniter\Session\Handlers\FileHandler' driver.
DEBUG - 2026-08-02 05:20:22 --> Session: Class initialized using 'CodeIgniter\Session\Handlers\FileHandler' driver.
DEBUG - 2026-08-02 05:20:23 --> Session: Class initialized using 'CodeIgniter\Session\Handlers\FileHandler' driver.
DEBUG - 2026-08-02 05:20:23 --> Session: Class initialized using 'CodeIgniter\Session\Handlers\FileHandler' driver.
DEBUG - 2026-08-02 05:20:24 --> Session: Class initialized using 'CodeIgniter\Session\Handlers\FileHandler' driver.
CRITICAL - 2026-08-02 05:22:13 --> ParseError: Unmatched '}'
[Method: GET, Route: admin/reviews/player/1]
in APPPATH\Config\Routes.php on line 72.
 1 SYSTEMPATH\CodeIgniter.php(841): CodeIgniter\Router\RouteCollection->loadRoutes()
 2 SYSTEMPATH\CodeIgniter.php(464): CodeIgniter\CodeIgniter->tryToRouteIt(null)
 3 SYSTEMPATH\CodeIgniter.php(363): CodeIgniter\CodeIgniter->handleRequest(null, Object(Config\Cache), false)
 4 SYSTEMPATH\Boot.php(417): CodeIgniter\CodeIgniter->run()
 5 SYSTEMPATH\Boot.php(68): CodeIgniter\Boot::runCodeIgniter(Object(CodeIgniter\CodeIgniter))
 6 FCPATH\index.php(59): CodeIgniter\Boot::bootWeb(Object(Config\Paths))
DEBUG - 2026-08-02 05:23:05 --> Session: Class initialized using 'CodeIgniter\Session\Handlers\FileHandler' driver.
DEBUG - 2026-08-02 05:23:06 --> Session: Class initialized using 'CodeIgniter\Session\Handlers\FileHandler' driver.
DEBUG - 2026-08-02 05:23:08 --> Session: Class initialized using 'CodeIgniter\Session\Handlers\FileHandler' driver.
DEBUG - 2026-08-02 05:23:39 --> Session: Class initialized using 'CodeIgniter\Session\Handlers\FileHandler' driver.
DEBUG - 2026-08-02 05:23:39 --> Session: Class initialized using 'CodeIgniter\Session\Handlers\FileHandler' driver.
DEBUG - 2026-08-02 05:27:25 --> Session: Class initialized using 'CodeIgniter\Session\Handlers\FileHandler' driver.
DEBUG - 2026-08-02 05:27:25 --> Session: Class initialized using 'CodeIgniter\Session\Handlers\FileHandler' driver.
DEBUG - 2026-08-02 05:27:27 --> Session: Class initialized using 'CodeIgniter\Session\Handlers\FileHandler' driver.
DEBUG - 2026-08-02 05:31:37 --> Session: Class initialized using 'CodeIgniter\Session\Handlers\FileHandler' driver.
DEBUG - 2026-08-02 05:31:37 --> Session: Class initialized using 'CodeIgniter\Session\Handlers\FileHandler' driver.
DEBUG - 2026-08-02 05:31:41 --> Session: Class initialized using 'CodeIgniter\Session\Handlers\FileHandler' driver.
DEBUG - 2026-08-02 05:34:51 --> Session: Class initialized using 'CodeIgniter\Session\Handlers\FileHandler' driver.
DEBUG - 2026-08-02 05:34:52 --> Session: Class initialized using 'CodeIgniter\Session\Handlers\FileHandler' driver.
DEBUG - 2026-08-02 05:34:58 --> Session: Class initialized using 'CodeIgniter\Session\Handlers\FileHandler' driver.
DEBUG - 2026-08-02 05:38:10 --> Session: Class initialized using 'CodeIgniter\Session\Handlers\FileHandler' driver.
DEBUG - 2026-08-02 05:38:11 --> Session: Class initialized using 'CodeIgniter\Session\Handlers\FileHandler' driver.
DEBUG - 2026-08-02 05:39:15 --> Session: Class initialized using 'CodeIgniter\Session\Handlers\FileHandler' driver.
DEBUG - 2026-08-02 05:39:15 --> Session: Class initialized using 'CodeIgniter\Session\Handlers\FileHandler' driver.
DEBUG - 2026-08-02 05:39:51 --> Session: Class initialized using 'CodeIgniter\Session\Handlers\FileHandler' driver.
DEBUG - 2026-08-02 05:39:51 --> Session: Class initialized using 'CodeIgniter\Session\Handlers\FileHandler' driver.
DEBUG - 2026-08-02 05:39:52 --> Session: Class initialized using 'CodeIgniter\Session\Handlers\FileHandler' driver.
DEBUG - 2026-08-02 05:39:52 --> Session: Class initialized using 'CodeIgniter\Session\Handlers\FileHandler' driver.
DEBUG - 2026-08-02 05:39:52 --> Session: Class initialized using 'CodeIgniter\Session\Handlers\FileHandler' driver.
DEBUG - 2026-08-02 05:39:52 --> Session: Class initialized using 'CodeIgniter\Session\Handlers\FileHandler' driver.
DEBUG - 2026-08-02 05:39:52 --> Session: Class initialized using 'CodeIgniter\Session\Handlers\FileHandler' driver.
DEBUG - 2026-08-02 05:39:52 --> Session: Class initialized using 'CodeIgniter\Session\Handlers\FileHandler' driver.
DEBUG - 2026-08-02 05:39:55 --> Session: Class initialized using 'CodeIgniter\Session\Handlers\FileHandler' driver.
DEBUG - 2026-08-02 05:40:03 --> Session: Class initialized using 'CodeIgniter\Session\Handlers\FileHandler' driver.
DEBUG - 2026-08-02 05:40:03 --> Session: Class initialized using 'CodeIgniter\Session\Handlers\FileHandler' driver.
DEBUG - 2026-08-02 05:44:17 --> Session: Class initialized using 'CodeIgniter\Session\Handlers\FileHandler' driver.
DEBUG - 2026-08-02 05:44:17 --> Session: Class initialized using 'CodeIgniter\Session\Handlers\FileHandler' driver.
DEBUG - 2026-08-02 05:44:22 --> Session: Class initialized using 'CodeIgniter\Session\Handlers\FileHandler' driver.
DEBUG - 2026-08-02 05:44:22 --> Session: Class initialized using 'CodeIgniter\Session\Handlers\FileHandler' driver.
DEBUG - 2026-08-02 05:44:23 --> Session: Class initialized using 'CodeIgniter\Session\Handlers\FileHandler' driver.
DEBUG - 2026-08-02 05:44:23 --> Session: Class initialized using 'CodeIgniter\Session\Handlers\FileHandler' driver.
DEBUG - 2026-08-02 05:44:23 --> Session: Class initialized using 'CodeIgniter\Session\Handlers\FileHandler' driver.
DEBUG - 2026-08-02 05:44:24 --> Session: Class initialized using 'CodeIgniter\Session\Handlers\FileHandler' driver.
DEBUG - 2026-08-02 05:47:56 --> Session: Class initialized using 'CodeIgniter\Session\Handlers\FileHandler' driver.
DEBUG - 2026-08-02 05:49:40 --> Session: Class initialized using 'CodeIgniter\Session\Handlers\FileHandler' driver.
DEBUG - 2026-08-02 05:49:40 --> Session: Class initialized using 'CodeIgniter\Session\Handlers\FileHandler' driver.
DEBUG - 2026-08-02 05:49:41 --> Session: Class initialized using 'CodeIgniter\Session\Handlers\FileHandler' driver.
DEBUG - 2026-08-02 05:49:41 --> Session: Class initialized using 'CodeIgniter\Session\Handlers\FileHandler' driver.
DEBUG - 2026-08-02 05:49:42 --> Session: Class initialized using 'CodeIgniter\Session\Handlers\FileHandler' driver.
DEBUG - 2026-08-02 05:49:42 --> Session: Class initialized using 'CodeIgniter\Session\Handlers\FileHandler' driver.
DEBUG - 2026-08-02 05:49:42 --> Session: Class initialized using 'CodeIgniter\Session\Handlers\FileHandler' driver.
DEBUG - 2026-08-02 05:49:42 --> Session: Class initialized using 'CodeIgniter\Session\Handlers\FileHandler' driver.
DEBUG - 2026-08-02 05:49:42 --> Session: Class initialized using 'CodeIgniter\Session\Handlers\FileHandler' driver.
DEBUG - 2026-08-02 05:49:42 --> Session: Class initialized using 'CodeIgniter\Session\Handlers\FileHandler' driver.
DEBUG - 2026-08-02 05:52:33 --> Session: Class initialized using 'CodeIgniter\Session\Handlers\FileHandler' driver.
DEBUG - 2026-08-02 05:52:52 --> Session: Class initialized using 'CodeIgniter\Session\Handlers\FileHandler' driver.
DEBUG - 2026-08-02 05:52:52 --> Session: Class initialized using 'CodeIgniter\Session\Handlers\FileHandler' driver.
DEBUG - 2026-08-02 05:52:54 --> Session: Class initialized using 'CodeIgniter\Session\Handlers\FileHandler' driver.
DEBUG - 2026-08-02 05:52:54 --> Session: Class initialized using 'CodeIgniter\Session\Handlers\FileHandler' driver.
DEBUG - 2026-08-02 05:52:54 --> Session: Class initialized using 'CodeIgniter\Session\Handlers\FileHandler' driver.
DEBUG - 2026-08-02 05:52:54 --> Session: Class initialized using 'CodeIgniter\Session\Handlers\FileHandler' driver.
DEBUG - 2026-08-02 05:52:54 --> Session: Class initialized using 'CodeIgniter\Session\Handlers\FileHandler' driver.
CRITICAL - 2026-08-02 05:52:59 --> CodeIgniter\Security\Exceptions\SecurityException: The action you requested is not allowed.
[Method: POST, Route: admin/reviews/saveAnnotation/1]
in SYSTEMPATH\Security\Security.php on line 258.
 1 SYSTEMPATH\Security\Security.php(258): CodeIgniter\Security\Exceptions\SecurityException::forDisallowedAction()
 2 SYSTEMPATH\Filters\CSRF.php(52): CodeIgniter\Security\Security->verify(Object(CodeIgniter\HTTP\IncomingRequest))
 3 SYSTEMPATH\Filters\Filters.php(241): CodeIgniter\Filters\CSRF->before(Object(CodeIgniter\HTTP\IncomingRequest), null)
 4 SYSTEMPATH\Filters\Filters.php(221): CodeIgniter\Filters\Filters->runBefore([...])
 5 SYSTEMPATH\CodeIgniter.php(488): CodeIgniter\Filters\Filters->run('admin/reviews/saveAnnotation/1', 'before')
 6 SYSTEMPATH\CodeIgniter.php(363): CodeIgniter\CodeIgniter->handleRequest(null, Object(Config\Cache), false)
 7 SYSTEMPATH\Boot.php(417): CodeIgniter\CodeIgniter->run()
 8 SYSTEMPATH\Boot.php(68): CodeIgniter\Boot::runCodeIgniter(Object(CodeIgniter\CodeIgniter))
 9 FCPATH\index.php(59): CodeIgniter\Boot::bootWeb(Object(Config\Paths))
CRITICAL - 2026-08-02 05:53:09 --> CodeIgniter\Security\Exceptions\SecurityException: The action you requested is not allowed.
[Method: POST, Route: admin/reviews/saveAnnotation/1]
in SYSTEMPATH\Security\Security.php on line 258.
 1 SYSTEMPATH\Security\Security.php(258): CodeIgniter\Security\Exceptions\SecurityException::forDisallowedAction()
 2 SYSTEMPATH\Filters\CSRF.php(52): CodeIgniter\Security\Security->verify(Object(CodeIgniter\HTTP\IncomingRequest))
 3 SYSTEMPATH\Filters\Filters.php(241): CodeIgniter\Filters\CSRF->before(Object(CodeIgniter\HTTP\IncomingRequest), null)
 4 SYSTEMPATH\Filters\Filters.php(221): CodeIgniter\Filters\Filters->runBefore([...])
 5 SYSTEMPATH\CodeIgniter.php(488): CodeIgniter\Filters\Filters->run('admin/reviews/saveAnnotation/1', 'before')
 6 SYSTEMPATH\CodeIgniter.php(363): CodeIgniter\CodeIgniter->handleRequest(null, Object(Config\Cache), false)
 7 SYSTEMPATH\Boot.php(417): CodeIgniter\CodeIgniter->run()
 8 SYSTEMPATH\Boot.php(68): CodeIgniter\Boot::runCodeIgniter(Object(CodeIgniter\CodeIgniter))
 9 FCPATH\index.php(59): CodeIgniter\Boot::bootWeb(Object(Config\Paths))
DEBUG - 2026-08-02 05:54:56 --> Session: Class initialized using 'CodeIgniter\Session\Handlers\FileHandler' driver.
DEBUG - 2026-08-02 05:54:57 --> Session: Class initialized using 'CodeIgniter\Session\Handlers\FileHandler' driver.
DEBUG - 2026-08-02 05:54:58 --> Session: Class initialized using 'CodeIgniter\Session\Handlers\FileHandler' driver.
DEBUG - 2026-08-02 05:54:59 --> Session: Class initialized using 'CodeIgniter\Session\Handlers\FileHandler' driver.
DEBUG - 2026-08-02 05:54:59 --> Session: Class initialized using 'CodeIgniter\Session\Handlers\FileHandler' driver.
DEBUG - 2026-08-02 05:54:59 --> Session: Class initialized using 'CodeIgniter\Session\Handlers\FileHandler' driver.
DEBUG - 2026-08-02 05:54:59 --> Session: Class initialized using 'CodeIgniter\Session\Handlers\FileHandler' driver.
DEBUG - 2026-08-02 05:54:59 --> Session: Class initialized using 'CodeIgniter\Session\Handlers\FileHandler' driver.
INFO - 2026-08-02 05:55:03 --> CSRF token verified.
DEBUG - 2026-08-02 05:55:03 --> Session: Class initialized using 'CodeIgniter\Session\Handlers\FileHandler' driver.
DEBUG - 2026-08-02 05:55:03 --> Session: Class initialized using 'CodeIgniter\Session\Handlers\FileHandler' driver.
WARNING - 2026-08-02 05:55:03 --> [DEPRECATED] Implicit conversion from float 4.371451 to int loses precision in APPPATH\Views\admin\reviews\player.php on line 262.
 1 APPPATH\Views\admin\reviews\player.php(262): gmdate('i:s', 4.371451)
 2 SYSTEMPATH\View\View.php(240): include('C:\\xampp\\htdocs\\eso8manager_v0.0.1\\app\\Views\\admin\\reviews\\player.php')
 3 SYSTEMPATH\View\View.php(243): CodeIgniter\View\View->CodeIgniter\View\{closure}()
 4 SYSTEMPATH\Common.php(1254): CodeIgniter\View\View->render('admin/reviews/player', [], true)
 5 APPPATH\Controllers\Admin\Reviews.php(81): view('admin/reviews/player', [...])
 6 SYSTEMPATH\CodeIgniter.php(974): App\Controllers\Admin\Reviews->player('1')
 7 SYSTEMPATH\CodeIgniter.php(520): CodeIgniter\CodeIgniter->runController(Object(App\Controllers\Admin\Reviews))
 8 SYSTEMPATH\CodeIgniter.php(363): CodeIgniter\CodeIgniter->handleRequest(null, Object(Config\Cache), false)
 9 SYSTEMPATH\Boot.php(417): CodeIgniter\CodeIgniter->run()
10 SYSTEMPATH\Boot.php(68): CodeIgniter\Boot::runCodeIgniter(Object(CodeIgniter\CodeIgniter))
11 FCPATH\index.php(59): CodeIgniter\Boot::bootWeb(Object(Config\Paths))
DEBUG - 2026-08-02 05:55:03 --> Session: Class initialized using 'CodeIgniter\Session\Handlers\FileHandler' driver.
DEBUG - 2026-08-02 05:55:06 --> Session: Class initialized using 'CodeIgniter\Session\Handlers\FileHandler' driver.
DEBUG - 2026-08-02 05:55:51 --> Session: Class initialized using 'CodeIgniter\Session\Handlers\FileHandler' driver.
DEBUG - 2026-08-02 05:55:51 --> Session: Class initialized using 'CodeIgniter\Session\Handlers\FileHandler' driver.
DEBUG - 2026-08-02 05:55:51 --> Session: Class initialized using 'CodeIgniter\Session\Handlers\FileHandler' driver.
DEBUG - 2026-08-02 05:56:06 --> Session: Class initialized using 'CodeIgniter\Session\Handlers\FileHandler' driver.
DEBUG - 2026-08-02 05:57:16 --> Session: Class initialized using 'CodeIgniter\Session\Handlers\FileHandler' driver.
WARNING - 2026-08-02 05:57:16 --> [DEPRECATED] Implicit conversion from float 4.371451 to int loses precision in APPPATH\Views\admin\reviews\player.php on line 262.
 1 APPPATH\Views\admin\reviews\player.php(262): gmdate('i:s', 4.371451)
 2 SYSTEMPATH\View\View.php(240): include('C:\\xampp\\htdocs\\eso8manager_v0.0.1\\app\\Views\\admin\\reviews\\player.php')
 3 SYSTEMPATH\View\View.php(243): CodeIgniter\View\View->CodeIgniter\View\{closure}()
 4 SYSTEMPATH\Common.php(1254): CodeIgniter\View\View->render('admin/reviews/player', [], true)
 5 APPPATH\Controllers\Admin\Reviews.php(81): view('admin/reviews/player', [...])
 6 SYSTEMPATH\CodeIgniter.php(974): App\Controllers\Admin\Reviews->player('1')
 7 SYSTEMPATH\CodeIgniter.php(520): CodeIgniter\CodeIgniter->runController(Object(App\Controllers\Admin\Reviews))
 8 SYSTEMPATH\CodeIgniter.php(363): CodeIgniter\CodeIgniter->handleRequest(null, Object(Config\Cache), false)
 9 SYSTEMPATH\Boot.php(417): CodeIgniter\CodeIgniter->run()
10 SYSTEMPATH\Boot.php(68): CodeIgniter\Boot::runCodeIgniter(Object(CodeIgniter\CodeIgniter))
11 FCPATH\index.php(59): CodeIgniter\Boot::bootWeb(Object(Config\Paths))
DEBUG - 2026-08-02 05:57:17 --> Session: Class initialized using 'CodeIgniter\Session\Handlers\FileHandler' driver.
DEBUG - 2026-08-02 05:57:22 --> Session: Class initialized using 'CodeIgniter\Session\Handlers\FileHandler' driver.
DEBUG - 2026-08-02 05:58:27 --> Session: Class initialized using 'CodeIgniter\Session\Handlers\FileHandler' driver.
DEBUG - 2026-08-02 05:58:32 --> Session: Class initialized using 'CodeIgniter\Session\Handlers\FileHandler' driver.
DEBUG - 2026-08-02 06:18:10 --> Session: Class initialized using 'CodeIgniter\Session\Handlers\FileHandler' driver.
WARNING - 2026-08-02 06:18:10 --> [DEPRECATED] Implicit conversion from float 4.371451 to int loses precision in APPPATH\Views\admin\reviews\player.php on line 286.
 1 APPPATH\Views\admin\reviews\player.php(286): gmdate('i:s', 4.371451)
 2 SYSTEMPATH\View\View.php(240): include('C:\\xampp\\htdocs\\eso8manager_v0.0.1\\app\\Views\\admin\\reviews\\player.php')
 3 SYSTEMPATH\View\View.php(243): CodeIgniter\View\View->CodeIgniter\View\{closure}()
 4 SYSTEMPATH\Common.php(1254): CodeIgniter\View\View->render('admin/reviews/player', [], true)
 5 APPPATH\Controllers\Admin\Reviews.php(88): view('admin/reviews/player', [...])
 6 SYSTEMPATH\CodeIgniter.php(974): App\Controllers\Admin\Reviews->player('1')
 7 SYSTEMPATH\CodeIgniter.php(520): CodeIgniter\CodeIgniter->runController(Object(App\Controllers\Admin\Reviews))
 8 SYSTEMPATH\CodeIgniter.php(363): CodeIgniter\CodeIgniter->handleRequest(null, Object(Config\Cache), false)
 9 SYSTEMPATH\Boot.php(417): CodeIgniter\CodeIgniter->run()
10 SYSTEMPATH\Boot.php(68): CodeIgniter\Boot::runCodeIgniter(Object(CodeIgniter\CodeIgniter))
11 FCPATH\index.php(59): CodeIgniter\Boot::bootWeb(Object(Config\Paths))
DEBUG - 2026-08-02 06:18:10 --> Session: Class initialized using 'CodeIgniter\Session\Handlers\FileHandler' driver.
DEBUG - 2026-08-02 06:18:17 --> Session: Class initialized using 'CodeIgniter\Session\Handlers\FileHandler' driver.
INFO - 2026-08-02 06:19:08 --> CSRF token verified.
DEBUG - 2026-08-02 06:19:08 --> Session: Class initialized using 'CodeIgniter\Session\Handlers\FileHandler' driver.
DEBUG - 2026-08-02 06:19:08 --> Session: Class initialized using 'CodeIgniter\Session\Handlers\FileHandler' driver.
WARNING - 2026-08-02 06:19:08 --> [DEPRECATED] Implicit conversion from float 2.414107 to int loses precision in APPPATH\Views\admin\reviews\player.php on line 286.
 1 APPPATH\Views\admin\reviews\player.php(286): gmdate('i:s', 2.414107)
 2 SYSTEMPATH\View\View.php(240): include('C:\\xampp\\htdocs\\eso8manager_v0.0.1\\app\\Views\\admin\\reviews\\player.php')
 3 SYSTEMPATH\View\View.php(243): CodeIgniter\View\View->CodeIgniter\View\{closure}()
 4 SYSTEMPATH\Common.php(1254): CodeIgniter\View\View->render('admin/reviews/player', [], true)
 5 APPPATH\Controllers\Admin\Reviews.php(88): view('admin/reviews/player', [...])
 6 SYSTEMPATH\CodeIgniter.php(974): App\Controllers\Admin\Reviews->player('1')
 7 SYSTEMPATH\CodeIgniter.php(520): CodeIgniter\CodeIgniter->runController(Object(App\Controllers\Admin\Reviews))
 8 SYSTEMPATH\CodeIgniter.php(363): CodeIgniter\CodeIgniter->handleRequest(null, Object(Config\Cache), false)
 9 SYSTEMPATH\Boot.php(417): CodeIgniter\CodeIgniter->run()
10 SYSTEMPATH\Boot.php(68): CodeIgniter\Boot::runCodeIgniter(Object(CodeIgniter\CodeIgniter))
11 FCPATH\index.php(59): CodeIgniter\Boot::bootWeb(Object(Config\Paths))
WARNING - 2026-08-02 06:19:08 --> [DEPRECATED] Implicit conversion from float 4.371451 to int loses precision in APPPATH\Views\admin\reviews\player.php on line 286.
 1 APPPATH\Views\admin\reviews\player.php(286): gmdate('i:s', 4.371451)
 2 SYSTEMPATH\View\View.php(240): include('C:\\xampp\\htdocs\\eso8manager_v0.0.1\\app\\Views\\admin\\reviews\\player.php')
 3 SYSTEMPATH\View\View.php(243): CodeIgniter\View\View->CodeIgniter\View\{closure}()
 4 SYSTEMPATH\Common.php(1254): CodeIgniter\View\View->render('admin/reviews/player', [], true)
 5 APPPATH\Controllers\Admin\Reviews.php(88): view('admin/reviews/player', [...])
 6 SYSTEMPATH\CodeIgniter.php(974): App\Controllers\Admin\Reviews->player('1')
 7 SYSTEMPATH\CodeIgniter.php(520): CodeIgniter\CodeIgniter->runController(Object(App\Controllers\Admin\Reviews))
 8 SYSTEMPATH\CodeIgniter.php(363): CodeIgniter\CodeIgniter->handleRequest(null, Object(Config\Cache), false)
 9 SYSTEMPATH\Boot.php(417): CodeIgniter\CodeIgniter->run()
10 SYSTEMPATH\Boot.php(68): CodeIgniter\Boot::runCodeIgniter(Object(CodeIgniter\CodeIgniter))
11 FCPATH\index.php(59): CodeIgniter\Boot::bootWeb(Object(Config\Paths))
DEBUG - 2026-08-02 06:19:09 --> Session: Class initialized using 'CodeIgniter\Session\Handlers\FileHandler' driver.
DEBUG - 2026-08-02 06:19:12 --> Session: Class initialized using 'CodeIgniter\Session\Handlers\FileHandler' driver.
DEBUG - 2026-08-02 06:23:35 --> Session: Class initialized using 'CodeIgniter\Session\Handlers\FileHandler' driver.
WARNING - 2026-08-02 06:23:35 --> [DEPRECATED] Implicit conversion from float 2.414107 to int loses precision in APPPATH\Views\admin\reviews\player.php on line 290.
 1 APPPATH\Views\admin\reviews\player.php(290): gmdate('i:s', 2.414107)
 2 SYSTEMPATH\View\View.php(240): include('C:\\xampp\\htdocs\\eso8manager_v0.0.1\\app\\Views\\admin\\reviews\\player.php')
 3 SYSTEMPATH\View\View.php(243): CodeIgniter\View\View->CodeIgniter\View\{closure}()
 4 SYSTEMPATH\Common.php(1254): CodeIgniter\View\View->render('admin/reviews/player', [], true)
 5 APPPATH\Controllers\Admin\Reviews.php(88): view('admin/reviews/player', [...])
 6 SYSTEMPATH\CodeIgniter.php(974): App\Controllers\Admin\Reviews->player('1')
 7 SYSTEMPATH\CodeIgniter.php(520): CodeIgniter\CodeIgniter->runController(Object(App\Controllers\Admin\Reviews))
 8 SYSTEMPATH\CodeIgniter.php(363): CodeIgniter\CodeIgniter->handleRequest(null, Object(Config\Cache), false)
 9 SYSTEMPATH\Boot.php(417): CodeIgniter\CodeIgniter->run()
10 SYSTEMPATH\Boot.php(68): CodeIgniter\Boot::runCodeIgniter(Object(CodeIgniter\CodeIgniter))
11 FCPATH\index.php(59): CodeIgniter\Boot::bootWeb(Object(Config\Paths))
WARNING - 2026-08-02 06:23:35 --> [DEPRECATED] Implicit conversion from float 4.371451 to int loses precision in APPPATH\Views\admin\reviews\player.php on line 290.
 1 APPPATH\Views\admin\reviews\player.php(290): gmdate('i:s', 4.371451)
 2 SYSTEMPATH\View\View.php(240): include('C:\\xampp\\htdocs\\eso8manager_v0.0.1\\app\\Views\\admin\\reviews\\player.php')
 3 SYSTEMPATH\View\View.php(243): CodeIgniter\View\View->CodeIgniter\View\{closure}()
 4 SYSTEMPATH\Common.php(1254): CodeIgniter\View\View->render('admin/reviews/player', [], true)
 5 APPPATH\Controllers\Admin\Reviews.php(88): view('admin/reviews/player', [...])
 6 SYSTEMPATH\CodeIgniter.php(974): App\Controllers\Admin\Reviews->player('1')
 7 SYSTEMPATH\CodeIgniter.php(520): CodeIgniter\CodeIgniter->runController(Object(App\Controllers\Admin\Reviews))
 8 SYSTEMPATH\CodeIgniter.php(363): CodeIgniter\CodeIgniter->handleRequest(null, Object(Config\Cache), false)
 9 SYSTEMPATH\Boot.php(417): CodeIgniter\CodeIgniter->run()
10 SYSTEMPATH\Boot.php(68): CodeIgniter\Boot::runCodeIgniter(Object(CodeIgniter\CodeIgniter))
11 FCPATH\index.php(59): CodeIgniter\Boot::bootWeb(Object(Config\Paths))
DEBUG - 2026-08-02 06:23:36 --> Session: Class initialized using 'CodeIgniter\Session\Handlers\FileHandler' driver.
DEBUG - 2026-08-02 06:23:39 --> Session: Class initialized using 'CodeIgniter\Session\Handlers\FileHandler' driver.
INFO - 2026-08-02 06:24:37 --> CSRF token verified.
DEBUG - 2026-08-02 06:24:37 --> Session: Class initialized using 'CodeIgniter\Session\Handlers\FileHandler' driver.
DEBUG - 2026-08-02 06:24:37 --> Session: Class initialized using 'CodeIgniter\Session\Handlers\FileHandler' driver.
WARNING - 2026-08-02 06:24:37 --> [DEPRECATED] Implicit conversion from float 2.414107 to int loses precision in APPPATH\Views\admin\reviews\player.php on line 290.
 1 APPPATH\Views\admin\reviews\player.php(290): gmdate('i:s', 2.414107)
 2 SYSTEMPATH\View\View.php(240): include('C:\\xampp\\htdocs\\eso8manager_v0.0.1\\app\\Views\\admin\\reviews\\player.php')
 3 SYSTEMPATH\View\View.php(243): CodeIgniter\View\View->CodeIgniter\View\{closure}()
 4 SYSTEMPATH\Common.php(1254): CodeIgniter\View\View->render('admin/reviews/player', [], true)
 5 APPPATH\Controllers\Admin\Reviews.php(88): view('admin/reviews/player', [...])
 6 SYSTEMPATH\CodeIgniter.php(974): App\Controllers\Admin\Reviews->player('1')
 7 SYSTEMPATH\CodeIgniter.php(520): CodeIgniter\CodeIgniter->runController(Object(App\Controllers\Admin\Reviews))
 8 SYSTEMPATH\CodeIgniter.php(363): CodeIgniter\CodeIgniter->handleRequest(null, Object(Config\Cache), false)
 9 SYSTEMPATH\Boot.php(417): CodeIgniter\CodeIgniter->run()
10 SYSTEMPATH\Boot.php(68): CodeIgniter\Boot::runCodeIgniter(Object(CodeIgniter\CodeIgniter))
11 FCPATH\index.php(59): CodeIgniter\Boot::bootWeb(Object(Config\Paths))
WARNING - 2026-08-02 06:24:37 --> [DEPRECATED] Implicit conversion from float 2.414107 to int loses precision in APPPATH\Views\admin\reviews\player.php on line 290.
 1 APPPATH\Views\admin\reviews\player.php(290): gmdate('i:s', 2.414107)
 2 SYSTEMPATH\View\View.php(240): include('C:\\xampp\\htdocs\\eso8manager_v0.0.1\\app\\Views\\admin\\reviews\\player.php')
 3 SYSTEMPATH\View\View.php(243): CodeIgniter\View\View->CodeIgniter\View\{closure}()
 4 SYSTEMPATH\Common.php(1254): CodeIgniter\View\View->render('admin/reviews/player', [], true)
 5 APPPATH\Controllers\Admin\Reviews.php(88): view('admin/reviews/player', [...])
 6 SYSTEMPATH\CodeIgniter.php(974): App\Controllers\Admin\Reviews->player('1')
 7 SYSTEMPATH\CodeIgniter.php(520): CodeIgniter\CodeIgniter->runController(Object(App\Controllers\Admin\Reviews))
 8 SYSTEMPATH\CodeIgniter.php(363): CodeIgniter\CodeIgniter->handleRequest(null, Object(Config\Cache), false)
 9 SYSTEMPATH\Boot.php(417): CodeIgniter\CodeIgniter->run()
10 SYSTEMPATH\Boot.php(68): CodeIgniter\Boot::runCodeIgniter(Object(CodeIgniter\CodeIgniter))
11 FCPATH\index.php(59): CodeIgniter\Boot::bootWeb(Object(Config\Paths))
WARNING - 2026-08-02 06:24:37 --> [DEPRECATED] Implicit conversion from float 4.371451 to int loses precision in APPPATH\Views\admin\reviews\player.php on line 290.
 1 APPPATH\Views\admin\reviews\player.php(290): gmdate('i:s', 4.371451)
 2 SYSTEMPATH\View\View.php(240): include('C:\\xampp\\htdocs\\eso8manager_v0.0.1\\app\\Views\\admin\\reviews\\player.php')
 3 SYSTEMPATH\View\View.php(243): CodeIgniter\View\View->CodeIgniter\View\{closure}()
 4 SYSTEMPATH\Common.php(1254): CodeIgniter\View\View->render('admin/reviews/player', [], true)
 5 APPPATH\Controllers\Admin\Reviews.php(88): view('admin/reviews/player', [...])
 6 SYSTEMPATH\CodeIgniter.php(974): App\Controllers\Admin\Reviews->player('1')
 7 SYSTEMPATH\CodeIgniter.php(520): CodeIgniter\CodeIgniter->runController(Object(App\Controllers\Admin\Reviews))
 8 SYSTEMPATH\CodeIgniter.php(363): CodeIgniter\CodeIgniter->handleRequest(null, Object(Config\Cache), false)
 9 SYSTEMPATH\Boot.php(417): CodeIgniter\CodeIgniter->run()
10 SYSTEMPATH\Boot.php(68): CodeIgniter\Boot::runCodeIgniter(Object(CodeIgniter\CodeIgniter))
11 FCPATH\index.php(59): CodeIgniter\Boot::bootWeb(Object(Config\Paths))
DEBUG - 2026-08-02 06:24:37 --> Session: Class initialized using 'CodeIgniter\Session\Handlers\FileHandler' driver.
DEBUG - 2026-08-02 06:24:41 --> Session: Class initialized using 'CodeIgniter\Session\Handlers\FileHandler' driver.
DEBUG - 2026-08-02 06:24:41 --> Session: Class initialized using 'CodeIgniter\Session\Handlers\FileHandler' driver.
DEBUG - 2026-08-02 06:24:41 --> Session: Class initialized using 'CodeIgniter\Session\Handlers\FileHandler' driver.
DEBUG - 2026-08-02 06:24:41 --> Session: Class initialized using 'CodeIgniter\Session\Handlers\FileHandler' driver.
DEBUG - 2026-08-02 06:24:41 --> Session: Class initialized using 'CodeIgniter\Session\Handlers\FileHandler' driver.
INFO - 2026-08-02 06:24:46 --> CSRF token verified.
DEBUG - 2026-08-02 06:24:46 --> Session: Class initialized using 'CodeIgniter\Session\Handlers\FileHandler' driver.
CRITICAL - 2026-08-02 06:24:48 --> CodeIgniter\Security\Exceptions\SecurityException: The action you requested is not allowed.
[Method: POST, Route: admin/reviews/deleteComment/2]
in SYSTEMPATH\Security\Security.php on line 258.
 1 SYSTEMPATH\Security\Security.php(258): CodeIgniter\Security\Exceptions\SecurityException::forDisallowedAction()
 2 SYSTEMPATH\Filters\CSRF.php(52): CodeIgniter\Security\Security->verify(Object(CodeIgniter\HTTP\IncomingRequest))
 3 SYSTEMPATH\Filters\Filters.php(241): CodeIgniter\Filters\CSRF->before(Object(CodeIgniter\HTTP\IncomingRequest), null)
 4 SYSTEMPATH\Filters\Filters.php(221): CodeIgniter\Filters\Filters->runBefore([...])
 5 SYSTEMPATH\CodeIgniter.php(488): CodeIgniter\Filters\Filters->run('admin/reviews/deleteComment/2', 'before')
 6 SYSTEMPATH\CodeIgniter.php(363): CodeIgniter\CodeIgniter->handleRequest(null, Object(Config\Cache), false)
 7 SYSTEMPATH\Boot.php(417): CodeIgniter\CodeIgniter->run()
 8 SYSTEMPATH\Boot.php(68): CodeIgniter\Boot::runCodeIgniter(Object(CodeIgniter\CodeIgniter))
 9 FCPATH\index.php(59): CodeIgniter\Boot::bootWeb(Object(Config\Paths))
CRITICAL - 2026-08-02 06:24:55 --> CodeIgniter\Security\Exceptions\SecurityException: The action you requested is not allowed.
[Method: POST, Route: admin/reviews/deleteComment/2]
in SYSTEMPATH\Security\Security.php on line 258.
 1 SYSTEMPATH\Security\Security.php(258): CodeIgniter\Security\Exceptions\SecurityException::forDisallowedAction()
 2 SYSTEMPATH\Filters\CSRF.php(52): CodeIgniter\Security\Security->verify(Object(CodeIgniter\HTTP\IncomingRequest))
 3 SYSTEMPATH\Filters\Filters.php(241): CodeIgniter\Filters\CSRF->before(Object(CodeIgniter\HTTP\IncomingRequest), null)
 4 SYSTEMPATH\Filters\Filters.php(221): CodeIgniter\Filters\Filters->runBefore([...])
 5 SYSTEMPATH\CodeIgniter.php(488): CodeIgniter\Filters\Filters->run('admin/reviews/deleteComment/2', 'before')
 6 SYSTEMPATH\CodeIgniter.php(363): CodeIgniter\CodeIgniter->handleRequest(null, Object(Config\Cache), false)
 7 SYSTEMPATH\Boot.php(417): CodeIgniter\CodeIgniter->run()
 8 SYSTEMPATH\Boot.php(68): CodeIgniter\Boot::runCodeIgniter(Object(CodeIgniter\CodeIgniter))
 9 FCPATH\index.php(59): CodeIgniter\Boot::bootWeb(Object(Config\Paths))
DEBUG - 2026-08-02 06:28:19 --> Session: Class initialized using 'CodeIgniter\Session\Handlers\FileHandler' driver.
WARNING - 2026-08-02 06:28:19 --> [DEPRECATED] Implicit conversion from float 2.414107 to int loses precision in APPPATH\Views\admin\reviews\player.php on line 290.
 1 APPPATH\Views\admin\reviews\player.php(290): gmdate('i:s', 2.414107)
 2 SYSTEMPATH\View\View.php(240): include('C:\\xampp\\htdocs\\eso8manager_v0.0.1\\app\\Views\\admin\\reviews\\player.php')
 3 SYSTEMPATH\View\View.php(243): CodeIgniter\View\View->CodeIgniter\View\{closure}()
 4 SYSTEMPATH\Common.php(1254): CodeIgniter\View\View->render('admin/reviews/player', [], true)
 5 APPPATH\Controllers\Admin\Reviews.php(88): view('admin/reviews/player', [...])
 6 SYSTEMPATH\CodeIgniter.php(974): App\Controllers\Admin\Reviews->player('1')
 7 SYSTEMPATH\CodeIgniter.php(520): CodeIgniter\CodeIgniter->runController(Object(App\Controllers\Admin\Reviews))
 8 SYSTEMPATH\CodeIgniter.php(363): CodeIgniter\CodeIgniter->handleRequest(null, Object(Config\Cache), false)
 9 SYSTEMPATH\Boot.php(417): CodeIgniter\CodeIgniter->run()
10 SYSTEMPATH\Boot.php(68): CodeIgniter\Boot::runCodeIgniter(Object(CodeIgniter\CodeIgniter))
11 FCPATH\index.php(59): CodeIgniter\Boot::bootWeb(Object(Config\Paths))
WARNING - 2026-08-02 06:28:19 --> [DEPRECATED] Implicit conversion from float 4.371451 to int loses precision in APPPATH\Views\admin\reviews\player.php on line 290.
 1 APPPATH\Views\admin\reviews\player.php(290): gmdate('i:s', 4.371451)
 2 SYSTEMPATH\View\View.php(240): include('C:\\xampp\\htdocs\\eso8manager_v0.0.1\\app\\Views\\admin\\reviews\\player.php')
 3 SYSTEMPATH\View\View.php(243): CodeIgniter\View\View->CodeIgniter\View\{closure}()
 4 SYSTEMPATH\Common.php(1254): CodeIgniter\View\View->render('admin/reviews/player', [], true)
 5 APPPATH\Controllers\Admin\Reviews.php(88): view('admin/reviews/player', [...])
 6 SYSTEMPATH\CodeIgniter.php(974): App\Controllers\Admin\Reviews->player('1')
 7 SYSTEMPATH\CodeIgniter.php(520): CodeIgniter\CodeIgniter->runController(Object(App\Controllers\Admin\Reviews))
 8 SYSTEMPATH\CodeIgniter.php(363): CodeIgniter\CodeIgniter->handleRequest(null, Object(Config\Cache), false)
 9 SYSTEMPATH\Boot.php(417): CodeIgniter\CodeIgniter->run()
10 SYSTEMPATH\Boot.php(68): CodeIgniter\Boot::runCodeIgniter(Object(CodeIgniter\CodeIgniter))
11 FCPATH\index.php(59): CodeIgniter\Boot::bootWeb(Object(Config\Paths))
DEBUG - 2026-08-02 06:28:19 --> Session: Class initialized using 'CodeIgniter\Session\Handlers\FileHandler' driver.
INFO - 2026-08-02 06:28:24 --> CSRF token verified.
DEBUG - 2026-08-02 06:28:24 --> Session: Class initialized using 'CodeIgniter\Session\Handlers\FileHandler' driver.
DEBUG - 2026-08-02 06:28:24 --> Session: Class initialized using 'CodeIgniter\Session\Handlers\FileHandler' driver.
WARNING - 2026-08-02 06:28:24 --> [DEPRECATED] Implicit conversion from float 2.414107 to int loses precision in APPPATH\Views\admin\reviews\player.php on line 290.
 1 APPPATH\Views\admin\reviews\player.php(290): gmdate('i:s', 2.414107)
 2 SYSTEMPATH\View\View.php(240): include('C:\\xampp\\htdocs\\eso8manager_v0.0.1\\app\\Views\\admin\\reviews\\player.php')
 3 SYSTEMPATH\View\View.php(243): CodeIgniter\View\View->CodeIgniter\View\{closure}()
 4 SYSTEMPATH\Common.php(1254): CodeIgniter\View\View->render('admin/reviews/player', [], true)
 5 APPPATH\Controllers\Admin\Reviews.php(88): view('admin/reviews/player', [...])
 6 SYSTEMPATH\CodeIgniter.php(974): App\Controllers\Admin\Reviews->player('1')
 7 SYSTEMPATH\CodeIgniter.php(520): CodeIgniter\CodeIgniter->runController(Object(App\Controllers\Admin\Reviews))
 8 SYSTEMPATH\CodeIgniter.php(363): CodeIgniter\CodeIgniter->handleRequest(null, Object(Config\Cache), false)
 9 SYSTEMPATH\Boot.php(417): CodeIgniter\CodeIgniter->run()
10 SYSTEMPATH\Boot.php(68): CodeIgniter\Boot::runCodeIgniter(Object(CodeIgniter\CodeIgniter))
11 FCPATH\index.php(59): CodeIgniter\Boot::bootWeb(Object(Config\Paths))
DEBUG - 2026-08-02 06:28:24 --> Session: Class initialized using 'CodeIgniter\Session\Handlers\FileHandler' driver.
INFO - 2026-08-02 06:28:26 --> CSRF token verified.
DEBUG - 2026-08-02 06:28:26 --> Session: Class initialized using 'CodeIgniter\Session\Handlers\FileHandler' driver.
DEBUG - 2026-08-02 06:28:26 --> Session: Class initialized using 'CodeIgniter\Session\Handlers\FileHandler' driver.
DEBUG - 2026-08-02 06:28:26 --> Session: Class initialized using 'CodeIgniter\Session\Handlers\FileHandler' driver.
DEBUG - 2026-08-02 06:28:30 --> Session: Class initialized using 'CodeIgniter\Session\Handlers\FileHandler' driver.
INFO - 2026-08-02 06:29:14 --> CSRF token verified.
DEBUG - 2026-08-02 06:29:14 --> Session: Class initialized using 'CodeIgniter\Session\Handlers\FileHandler' driver.
DEBUG - 2026-08-02 06:29:14 --> Session: Class initialized using 'CodeIgniter\Session\Handlers\FileHandler' driver.
WARNING - 2026-08-02 06:29:14 --> [DEPRECATED] Implicit conversion from float 3.005936 to int loses precision in APPPATH\Views\admin\reviews\player.php on line 290.
 1 APPPATH\Views\admin\reviews\player.php(290): gmdate('i:s', 3.005936)
 2 SYSTEMPATH\View\View.php(240): include('C:\\xampp\\htdocs\\eso8manager_v0.0.1\\app\\Views\\admin\\reviews\\player.php')
 3 SYSTEMPATH\View\View.php(243): CodeIgniter\View\View->CodeIgniter\View\{closure}()
 4 SYSTEMPATH\Common.php(1254): CodeIgniter\View\View->render('admin/reviews/player', [], true)
 5 APPPATH\Controllers\Admin\Reviews.php(88): view('admin/reviews/player', [...])
 6 SYSTEMPATH\CodeIgniter.php(974): App\Controllers\Admin\Reviews->player('1')
 7 SYSTEMPATH\CodeIgniter.php(520): CodeIgniter\CodeIgniter->runController(Object(App\Controllers\Admin\Reviews))
 8 SYSTEMPATH\CodeIgniter.php(363): CodeIgniter\CodeIgniter->handleRequest(null, Object(Config\Cache), false)
 9 SYSTEMPATH\Boot.php(417): CodeIgniter\CodeIgniter->run()
10 SYSTEMPATH\Boot.php(68): CodeIgniter\Boot::runCodeIgniter(Object(CodeIgniter\CodeIgniter))
11 FCPATH\index.php(59): CodeIgniter\Boot::bootWeb(Object(Config\Paths))
DEBUG - 2026-08-02 06:29:14 --> Session: Class initialized using 'CodeIgniter\Session\Handlers\FileHandler' driver.
DEBUG - 2026-08-02 06:29:17 --> Session: Class initialized using 'CodeIgniter\Session\Handlers\FileHandler' driver.
INFO - 2026-08-02 06:29:56 --> CSRF token verified.
DEBUG - 2026-08-02 06:29:56 --> Session: Class initialized using 'CodeIgniter\Session\Handlers\FileHandler' driver.
DEBUG - 2026-08-02 06:29:56 --> Session: Class initialized using 'CodeIgniter\Session\Handlers\FileHandler' driver.
WARNING - 2026-08-02 06:29:56 --> [DEPRECATED] Implicit conversion from float 3.005936 to int loses precision in APPPATH\Views\admin\reviews\player.php on line 290.
 1 APPPATH\Views\admin\reviews\player.php(290): gmdate('i:s', 3.005936)
 2 SYSTEMPATH\View\View.php(240): include('C:\\xampp\\htdocs\\eso8manager_v0.0.1\\app\\Views\\admin\\reviews\\player.php')
 3 SYSTEMPATH\View\View.php(243): CodeIgniter\View\View->CodeIgniter\View\{closure}()
 4 SYSTEMPATH\Common.php(1254): CodeIgniter\View\View->render('admin/reviews/player', [], true)
 5 APPPATH\Controllers\Admin\Reviews.php(88): view('admin/reviews/player', [...])
 6 SYSTEMPATH\CodeIgniter.php(974): App\Controllers\Admin\Reviews->player('1')
 7 SYSTEMPATH\CodeIgniter.php(520): CodeIgniter\CodeIgniter->runController(Object(App\Controllers\Admin\Reviews))
 8 SYSTEMPATH\CodeIgniter.php(363): CodeIgniter\CodeIgniter->handleRequest(null, Object(Config\Cache), false)
 9 SYSTEMPATH\Boot.php(417): CodeIgniter\CodeIgniter->run()
10 SYSTEMPATH\Boot.php(68): CodeIgniter\Boot::runCodeIgniter(Object(CodeIgniter\CodeIgniter))
11 FCPATH\index.php(59): CodeIgniter\Boot::bootWeb(Object(Config\Paths))
WARNING - 2026-08-02 06:29:56 --> [DEPRECATED] Implicit conversion from float 4.513691 to int loses precision in APPPATH\Views\admin\reviews\player.php on line 290.
 1 APPPATH\Views\admin\reviews\player.php(290): gmdate('i:s', 4.513691)
 2 SYSTEMPATH\View\View.php(240): include('C:\\xampp\\htdocs\\eso8manager_v0.0.1\\app\\Views\\admin\\reviews\\player.php')
 3 SYSTEMPATH\View\View.php(243): CodeIgniter\View\View->CodeIgniter\View\{closure}()
 4 SYSTEMPATH\Common.php(1254): CodeIgniter\View\View->render('admin/reviews/player', [], true)
 5 APPPATH\Controllers\Admin\Reviews.php(88): view('admin/reviews/player', [...])
 6 SYSTEMPATH\CodeIgniter.php(974): App\Controllers\Admin\Reviews->player('1')
 7 SYSTEMPATH\CodeIgniter.php(520): CodeIgniter\CodeIgniter->runController(Object(App\Controllers\Admin\Reviews))
 8 SYSTEMPATH\CodeIgniter.php(363): CodeIgniter\CodeIgniter->handleRequest(null, Object(Config\Cache), false)
 9 SYSTEMPATH\Boot.php(417): CodeIgniter\CodeIgniter->run()
10 SYSTEMPATH\Boot.php(68): CodeIgniter\Boot::runCodeIgniter(Object(CodeIgniter\CodeIgniter))
11 FCPATH\index.php(59): CodeIgniter\Boot::bootWeb(Object(Config\Paths))
DEBUG - 2026-08-02 06:29:57 --> Session: Class initialized using 'CodeIgniter\Session\Handlers\FileHandler' driver.
DEBUG - 2026-08-02 06:29:58 --> Session: Class initialized using 'CodeIgniter\Session\Handlers\FileHandler' driver.
DEBUG - 2026-08-02 06:29:58 --> Session: Class initialized using 'CodeIgniter\Session\Handlers\FileHandler' driver.
DEBUG - 2026-08-02 06:29:58 --> Session: Class initialized using 'CodeIgniter\Session\Handlers\FileHandler' driver.
DEBUG - 2026-08-02 06:29:58 --> Session: Class initialized using 'CodeIgniter\Session\Handlers\FileHandler' driver.
DEBUG - 2026-08-02 06:29:58 --> Session: Class initialized using 'CodeIgniter\Session\Handlers\FileHandler' driver.
DEBUG - 2026-08-02 06:29:58 --> Session: Class initialized using 'CodeIgniter\Session\Handlers\FileHandler' driver.
INFO - 2026-08-02 06:30:18 --> CSRF token verified.
DEBUG - 2026-08-02 06:30:18 --> Session: Class initialized using 'CodeIgniter\Session\Handlers\FileHandler' driver.
CRITICAL - 2026-08-02 06:30:18 --> Error: Undefined constant "WRITABLEPATH"
[Method: POST, Route: admin/reviews/uploadReference]
in APPPATH\Controllers\Admin\Reviews.php on line 153.
 1 SYSTEMPATH\CodeIgniter.php(974): App\Controllers\Admin\Reviews->uploadReference()
 2 SYSTEMPATH\CodeIgniter.php(520): CodeIgniter\CodeIgniter->runController(Object(App\Controllers\Admin\Reviews))
 3 SYSTEMPATH\CodeIgniter.php(363): CodeIgniter\CodeIgniter->handleRequest(null, Object(Config\Cache), false)
 4 SYSTEMPATH\Boot.php(417): CodeIgniter\CodeIgniter->run()
 5 SYSTEMPATH\Boot.php(68): CodeIgniter\Boot::runCodeIgniter(Object(CodeIgniter\CodeIgniter))
 6 FCPATH\index.php(59): CodeIgniter\Boot::bootWeb(Object(Config\Paths))
CRITICAL - 2026-08-02 06:31:42 --> CodeIgniter\Security\Exceptions\SecurityException: The action you requested is not allowed.
[Method: POST, Route: admin/reviews/uploadReference]
in SYSTEMPATH\Security\Security.php on line 258.
 1 SYSTEMPATH\Security\Security.php(258): CodeIgniter\Security\Exceptions\SecurityException::forDisallowedAction()
 2 SYSTEMPATH\Filters\CSRF.php(52): CodeIgniter\Security\Security->verify(Object(CodeIgniter\HTTP\IncomingRequest))
 3 SYSTEMPATH\Filters\Filters.php(241): CodeIgniter\Filters\CSRF->before(Object(CodeIgniter\HTTP\IncomingRequest), null)
 4 SYSTEMPATH\Filters\Filters.php(221): CodeIgniter\Filters\Filters->runBefore([...])
 5 SYSTEMPATH\CodeIgniter.php(488): CodeIgniter\Filters\Filters->run('admin/reviews/uploadReference', 'before')
 6 SYSTEMPATH\CodeIgniter.php(363): CodeIgniter\CodeIgniter->handleRequest(null, Object(Config\Cache), false)
 7 SYSTEMPATH\Boot.php(417): CodeIgniter\CodeIgniter->run()
 8 SYSTEMPATH\Boot.php(68): CodeIgniter\Boot::runCodeIgniter(Object(CodeIgniter\CodeIgniter))
 9 FCPATH\index.php(59): CodeIgniter\Boot::bootWeb(Object(Config\Paths))
DEBUG - 2026-08-02 06:32:17 --> Session: Class initialized using 'CodeIgniter\Session\Handlers\FileHandler' driver.
DEBUG - 2026-08-02 06:32:18 --> Session: Class initialized using 'CodeIgniter\Session\Handlers\FileHandler' driver.
DEBUG - 2026-08-02 06:32:18 --> Session: Class initialized using 'CodeIgniter\Session\Handlers\FileHandler' driver.
DEBUG - 2026-08-02 06:32:18 --> Session: Class initialized using 'CodeIgniter\Session\Handlers\FileHandler' driver.
CRITICAL - 2026-08-02 06:32:49 --> CodeIgniter\Security\Exceptions\SecurityException: The action you requested is not allowed.
[Method: POST, Route: admin/reviews/uploadReference]
in SYSTEMPATH\Security\Security.php on line 258.
 1 SYSTEMPATH\Security\Security.php(258): CodeIgniter\Security\Exceptions\SecurityException::forDisallowedAction()
 2 SYSTEMPATH\Filters\CSRF.php(52): CodeIgniter\Security\Security->verify(Object(CodeIgniter\HTTP\IncomingRequest))
 3 SYSTEMPATH\Filters\Filters.php(241): CodeIgniter\Filters\CSRF->before(Object(CodeIgniter\HTTP\IncomingRequest), null)
 4 SYSTEMPATH\Filters\Filters.php(221): CodeIgniter\Filters\Filters->runBefore([...])
 5 SYSTEMPATH\CodeIgniter.php(488): CodeIgniter\Filters\Filters->run('admin/reviews/uploadReference', 'before')
 6 SYSTEMPATH\CodeIgniter.php(363): CodeIgniter\CodeIgniter->handleRequest(null, Object(Config\Cache), false)
 7 SYSTEMPATH\Boot.php(417): CodeIgniter\CodeIgniter->run()
 8 SYSTEMPATH\Boot.php(68): CodeIgniter\Boot::runCodeIgniter(Object(CodeIgniter\CodeIgniter))
 9 FCPATH\index.php(59): CodeIgniter\Boot::bootWeb(Object(Config\Paths))
CRITICAL - 2026-08-02 06:35:08 --> CodeIgniter\Security\Exceptions\SecurityException: The action you requested is not allowed.
[Method: POST, Route: admin/reviews/uploadReference]
in SYSTEMPATH\Security\Security.php on line 258.
 1 SYSTEMPATH\Security\Security.php(258): CodeIgniter\Security\Exceptions\SecurityException::forDisallowedAction()
 2 SYSTEMPATH\Filters\CSRF.php(52): CodeIgniter\Security\Security->verify(Object(CodeIgniter\HTTP\IncomingRequest))
 3 SYSTEMPATH\Filters\Filters.php(241): CodeIgniter\Filters\CSRF->before(Object(CodeIgniter\HTTP\IncomingRequest), null)
 4 SYSTEMPATH\Filters\Filters.php(221): CodeIgniter\Filters\Filters->runBefore([...])
 5 SYSTEMPATH\CodeIgniter.php(488): CodeIgniter\Filters\Filters->run('admin/reviews/uploadReference', 'before')
 6 SYSTEMPATH\CodeIgniter.php(363): CodeIgniter\CodeIgniter->handleRequest(null, Object(Config\Cache), false)
 7 SYSTEMPATH\Boot.php(417): CodeIgniter\CodeIgniter->run()
 8 SYSTEMPATH\Boot.php(68): CodeIgniter\Boot::runCodeIgniter(Object(CodeIgniter\CodeIgniter))
 9 FCPATH\index.php(59): CodeIgniter\Boot::bootWeb(Object(Config\Paths))
DEBUG - 2026-08-02 06:35:14 --> Session: Class initialized using 'CodeIgniter\Session\Handlers\FileHandler' driver.
WARNING - 2026-08-02 06:35:14 --> [DEPRECATED] Implicit conversion from float 3.005936 to int loses precision in APPPATH\Views\admin\reviews\player.php on line 290.
 1 APPPATH\Views\admin\reviews\player.php(290): gmdate('i:s', 3.005936)
 2 SYSTEMPATH\View\View.php(240): include('C:\\xampp\\htdocs\\eso8manager_v0.0.1\\app\\Views\\admin\\reviews\\player.php')
 3 SYSTEMPATH\View\View.php(243): CodeIgniter\View\View->CodeIgniter\View\{closure}()
 4 SYSTEMPATH\Common.php(1254): CodeIgniter\View\View->render('admin/reviews/player', [], true)
 5 APPPATH\Controllers\Admin\Reviews.php(88): view('admin/reviews/player', [...])
 6 SYSTEMPATH\CodeIgniter.php(974): App\Controllers\Admin\Reviews->player('1')
 7 SYSTEMPATH\CodeIgniter.php(520): CodeIgniter\CodeIgniter->runController(Object(App\Controllers\Admin\Reviews))
 8 SYSTEMPATH\CodeIgniter.php(363): CodeIgniter\CodeIgniter->handleRequest(null, Object(Config\Cache), false)
 9 SYSTEMPATH\Boot.php(417): CodeIgniter\CodeIgniter->run()
10 SYSTEMPATH\Boot.php(68): CodeIgniter\Boot::runCodeIgniter(Object(CodeIgniter\CodeIgniter))
11 FCPATH\index.php(59): CodeIgniter\Boot::bootWeb(Object(Config\Paths))
WARNING - 2026-08-02 06:35:14 --> [DEPRECATED] Implicit conversion from float 4.513691 to int loses precision in APPPATH\Views\admin\reviews\player.php on line 290.
 1 APPPATH\Views\admin\reviews\player.php(290): gmdate('i:s', 4.513691)
 2 SYSTEMPATH\View\View.php(240): include('C:\\xampp\\htdocs\\eso8manager_v0.0.1\\app\\Views\\admin\\reviews\\player.php')
 3 SYSTEMPATH\View\View.php(243): CodeIgniter\View\View->CodeIgniter\View\{closure}()
 4 SYSTEMPATH\Common.php(1254): CodeIgniter\View\View->render('admin/reviews/player', [], true)
 5 APPPATH\Controllers\Admin\Reviews.php(88): view('admin/reviews/player', [...])
 6 SYSTEMPATH\CodeIgniter.php(974): App\Controllers\Admin\Reviews->player('1')
 7 SYSTEMPATH\CodeIgniter.php(520): CodeIgniter\CodeIgniter->runController(Object(App\Controllers\Admin\Reviews))
 8 SYSTEMPATH\CodeIgniter.php(363): CodeIgniter\CodeIgniter->handleRequest(null, Object(Config\Cache), false)
 9 SYSTEMPATH\Boot.php(417): CodeIgniter\CodeIgniter->run()
10 SYSTEMPATH\Boot.php(68): CodeIgniter\Boot::runCodeIgniter(Object(CodeIgniter\CodeIgniter))
11 FCPATH\index.php(59): CodeIgniter\Boot::bootWeb(Object(Config\Paths))
DEBUG - 2026-08-02 06:35:15 --> Session: Class initialized using 'CodeIgniter\Session\Handlers\FileHandler' driver.
DEBUG - 2026-08-02 06:35:17 --> Session: Class initialized using 'CodeIgniter\Session\Handlers\FileHandler' driver.
DEBUG - 2026-08-02 06:35:17 --> Session: Class initialized using 'CodeIgniter\Session\Handlers\FileHandler' driver.
DEBUG - 2026-08-02 06:35:17 --> Session: Class initialized using 'CodeIgniter\Session\Handlers\FileHandler' driver.
DEBUG - 2026-08-02 06:35:17 --> Session: Class initialized using 'CodeIgniter\Session\Handlers\FileHandler' driver.
INFO - 2026-08-02 06:35:30 --> CSRF token verified.
DEBUG - 2026-08-02 06:35:30 --> Session: Class initialized using 'CodeIgniter\Session\Handlers\FileHandler' driver.
DEBUG - 2026-08-02 06:35:31 --> Session: Class initialized using 'CodeIgniter\Session\Handlers\FileHandler' driver.
DEBUG - 2026-08-02 06:43:24 --> Session: Class initialized using 'CodeIgniter\Session\Handlers\FileHandler' driver.
WARNING - 2026-08-02 06:43:24 --> [DEPRECATED] Implicit conversion from float 3.005936 to int loses precision in APPPATH\Views\admin\reviews\player.php on line 291.
 1 APPPATH\Views\admin\reviews\player.php(291): gmdate('i:s', 3.005936)
 2 SYSTEMPATH\View\View.php(240): include('C:\\xampp\\htdocs\\eso8manager_v0.0.1\\app\\Views\\admin\\reviews\\player.php')
 3 SYSTEMPATH\View\View.php(243): CodeIgniter\View\View->CodeIgniter\View\{closure}()
 4 SYSTEMPATH\Common.php(1254): CodeIgniter\View\View->render('admin/reviews/player', [], true)
 5 APPPATH\Controllers\Admin\Reviews.php(88): view('admin/reviews/player', [...])
 6 SYSTEMPATH\CodeIgniter.php(974): App\Controllers\Admin\Reviews->player('1')
 7 SYSTEMPATH\CodeIgniter.php(520): CodeIgniter\CodeIgniter->runController(Object(App\Controllers\Admin\Reviews))
 8 SYSTEMPATH\CodeIgniter.php(363): CodeIgniter\CodeIgniter->handleRequest(null, Object(Config\Cache), false)
 9 SYSTEMPATH\Boot.php(417): CodeIgniter\CodeIgniter->run()
10 SYSTEMPATH\Boot.php(68): CodeIgniter\Boot::runCodeIgniter(Object(CodeIgniter\CodeIgniter))
11 FCPATH\index.php(59): CodeIgniter\Boot::bootWeb(Object(Config\Paths))
WARNING - 2026-08-02 06:43:24 --> [DEPRECATED] Implicit conversion from float 4.513691 to int loses precision in APPPATH\Views\admin\reviews\player.php on line 291.
 1 APPPATH\Views\admin\reviews\player.php(291): gmdate('i:s', 4.513691)
 2 SYSTEMPATH\View\View.php(240): include('C:\\xampp\\htdocs\\eso8manager_v0.0.1\\app\\Views\\admin\\reviews\\player.php')
 3 SYSTEMPATH\View\View.php(243): CodeIgniter\View\View->CodeIgniter\View\{closure}()
 4 SYSTEMPATH\Common.php(1254): CodeIgniter\View\View->render('admin/reviews/player', [], true)
 5 APPPATH\Controllers\Admin\Reviews.php(88): view('admin/reviews/player', [...])
 6 SYSTEMPATH\CodeIgniter.php(974): App\Controllers\Admin\Reviews->player('1')
 7 SYSTEMPATH\CodeIgniter.php(520): CodeIgniter\CodeIgniter->runController(Object(App\Controllers\Admin\Reviews))
 8 SYSTEMPATH\CodeIgniter.php(363): CodeIgniter\CodeIgniter->handleRequest(null, Object(Config\Cache), false)
 9 SYSTEMPATH\Boot.php(417): CodeIgniter\CodeIgniter->run()
10 SYSTEMPATH\Boot.php(68): CodeIgniter\Boot::runCodeIgniter(Object(CodeIgniter\CodeIgniter))
11 FCPATH\index.php(59): CodeIgniter\Boot::bootWeb(Object(Config\Paths))
DEBUG - 2026-08-02 06:43:24 --> Session: Class initialized using 'CodeIgniter\Session\Handlers\FileHandler' driver.
DEBUG - 2026-08-02 06:43:26 --> Session: Class initialized using 'CodeIgniter\Session\Handlers\FileHandler' driver.
DEBUG - 2026-08-02 06:43:26 --> Session: Class initialized using 'CodeIgniter\Session\Handlers\FileHandler' driver.
DEBUG - 2026-08-02 06:43:26 --> Session: Class initialized using 'CodeIgniter\Session\Handlers\FileHandler' driver.
DEBUG - 2026-08-02 06:43:26 --> Session: Class initialized using 'CodeIgniter\Session\Handlers\FileHandler' driver.
DEBUG - 2026-08-02 06:43:27 --> Session: Class initialized using 'CodeIgniter\Session\Handlers\FileHandler' driver.
DEBUG - 2026-08-02 06:43:27 --> Session: Class initialized using 'CodeIgniter\Session\Handlers\FileHandler' driver.
DEBUG - 2026-08-02 06:43:27 --> Session: Class initialized using 'CodeIgniter\Session\Handlers\FileHandler' driver.
DEBUG - 2026-08-02 06:43:29 --> Session: Class initialized using 'CodeIgniter\Session\Handlers\FileHandler' driver.
INFO - 2026-08-02 06:43:37 --> CSRF token verified.
DEBUG - 2026-08-02 06:43:37 --> Session: Class initialized using 'CodeIgniter\Session\Handlers\FileHandler' driver.
DEBUG - 2026-08-02 06:43:37 --> Session: Class initialized using 'CodeIgniter\Session\Handlers\FileHandler' driver.
WARNING - 2026-08-02 06:43:37 --> [DEPRECATED] Implicit conversion from float 4.513691 to int loses precision in APPPATH\Views\admin\reviews\player.php on line 291.
 1 APPPATH\Views\admin\reviews\player.php(291): gmdate('i:s', 4.513691)
 2 SYSTEMPATH\View\View.php(240): include('C:\\xampp\\htdocs\\eso8manager_v0.0.1\\app\\Views\\admin\\reviews\\player.php')
 3 SYSTEMPATH\View\View.php(243): CodeIgniter\View\View->CodeIgniter\View\{closure}()
 4 SYSTEMPATH\Common.php(1254): CodeIgniter\View\View->render('admin/reviews/player', [], true)
 5 APPPATH\Controllers\Admin\Reviews.php(88): view('admin/reviews/player', [...])
 6 SYSTEMPATH\CodeIgniter.php(974): App\Controllers\Admin\Reviews->player('1')
 7 SYSTEMPATH\CodeIgniter.php(520): CodeIgniter\CodeIgniter->runController(Object(App\Controllers\Admin\Reviews))
 8 SYSTEMPATH\CodeIgniter.php(363): CodeIgniter\CodeIgniter->handleRequest(null, Object(Config\Cache), false)
 9 SYSTEMPATH\Boot.php(417): CodeIgniter\CodeIgniter->run()
10 SYSTEMPATH\Boot.php(68): CodeIgniter\Boot::runCodeIgniter(Object(CodeIgniter\CodeIgniter))
11 FCPATH\index.php(59): CodeIgniter\Boot::bootWeb(Object(Config\Paths))
DEBUG - 2026-08-02 06:43:37 --> Session: Class initialized using 'CodeIgniter\Session\Handlers\FileHandler' driver.
INFO - 2026-08-02 06:43:40 --> CSRF token verified.
DEBUG - 2026-08-02 06:43:40 --> Session: Class initialized using 'CodeIgniter\Session\Handlers\FileHandler' driver.
DEBUG - 2026-08-02 06:43:40 --> Session: Class initialized using 'CodeIgniter\Session\Handlers\FileHandler' driver.
DEBUG - 2026-08-02 06:43:41 --> Session: Class initialized using 'CodeIgniter\Session\Handlers\FileHandler' driver.
DEBUG - 2026-08-02 06:43:44 --> Session: Class initialized using 'CodeIgniter\Session\Handlers\FileHandler' driver.
DEBUG - 2026-08-02 06:43:44 --> Session: Class initialized using 'CodeIgniter\Session\Handlers\FileHandler' driver.
DEBUG - 2026-08-02 06:43:45 --> Session: Class initialized using 'CodeIgniter\Session\Handlers\FileHandler' driver.
DEBUG - 2026-08-02 06:43:45 --> Session: Class initialized using 'CodeIgniter\Session\Handlers\FileHandler' driver.
DEBUG - 2026-08-02 06:43:46 --> Session: Class initialized using 'CodeIgniter\Session\Handlers\FileHandler' driver.
DEBUG - 2026-08-02 06:44:09 --> Session: Class initialized using 'CodeIgniter\Session\Handlers\FileHandler' driver.
DEBUG - 2026-08-02 06:44:09 --> Session: Class initialized using 'CodeIgniter\Session\Handlers\FileHandler' driver.
DEBUG - 2026-08-02 06:44:10 --> Session: Class initialized using 'CodeIgniter\Session\Handlers\FileHandler' driver.
DEBUG - 2026-08-02 06:44:11 --> Session: Class initialized using 'CodeIgniter\Session\Handlers\FileHandler' driver.
DEBUG - 2026-08-02 06:44:11 --> Session: Class initialized using 'CodeIgniter\Session\Handlers\FileHandler' driver.
DEBUG - 2026-08-02 06:44:12 --> Session: Class initialized using 'CodeIgniter\Session\Handlers\FileHandler' driver.
DEBUG - 2026-08-02 06:44:12 --> Session: Class initialized using 'CodeIgniter\Session\Handlers\FileHandler' driver.
DEBUG - 2026-08-02 06:46:06 --> Session: Class initialized using 'CodeIgniter\Session\Handlers\FileHandler' driver.
DEBUG - 2026-08-02 06:46:07 --> Session: Class initialized using 'CodeIgniter\Session\Handlers\FileHandler' driver.
DEBUG - 2026-08-02 06:46:08 --> Session: Class initialized using 'CodeIgniter\Session\Handlers\FileHandler' driver.
DEBUG - 2026-08-02 06:46:09 --> Session: Class initialized using 'CodeIgniter\Session\Handlers\FileHandler' driver.
DEBUG - 2026-08-02 06:46:09 --> Session: Class initialized using 'CodeIgniter\Session\Handlers\FileHandler' driver.
INFO - 2026-08-02 06:46:38 --> CSRF token verified.
DEBUG - 2026-08-02 06:46:38 --> Session: Class initialized using 'CodeIgniter\Session\Handlers\FileHandler' driver.
DEBUG - 2026-08-02 06:46:39 --> Session: Class initialized using 'CodeIgniter\Session\Handlers\FileHandler' driver.
WARNING - 2026-08-02 06:46:39 --> [DEPRECATED] Implicit conversion from float 1.56394 to int loses precision in APPPATH\Views\admin\reviews\player.php on line 292.
 1 APPPATH\Views\admin\reviews\player.php(292): gmdate('i:s', 1.56394)
 2 SYSTEMPATH\View\View.php(240): include('C:\\xampp\\htdocs\\eso8manager_v0.0.1\\app\\Views\\admin\\reviews\\player.php')
 3 SYSTEMPATH\View\View.php(243): CodeIgniter\View\View->CodeIgniter\View\{closure}()
 4 SYSTEMPATH\Common.php(1254): CodeIgniter\View\View->render('admin/reviews/player', [], true)
 5 APPPATH\Controllers\Admin\Reviews.php(88): view('admin/reviews/player', [...])
 6 SYSTEMPATH\CodeIgniter.php(974): App\Controllers\Admin\Reviews->player('1')
 7 SYSTEMPATH\CodeIgniter.php(520): CodeIgniter\CodeIgniter->runController(Object(App\Controllers\Admin\Reviews))
 8 SYSTEMPATH\CodeIgniter.php(363): CodeIgniter\CodeIgniter->handleRequest(null, Object(Config\Cache), false)
 9 SYSTEMPATH\Boot.php(417): CodeIgniter\CodeIgniter->run()
10 SYSTEMPATH\Boot.php(68): CodeIgniter\Boot::runCodeIgniter(Object(CodeIgniter\CodeIgniter))
11 FCPATH\index.php(59): CodeIgniter\Boot::bootWeb(Object(Config\Paths))
DEBUG - 2026-08-02 06:46:39 --> Session: Class initialized using 'CodeIgniter\Session\Handlers\FileHandler' driver.
DEBUG - 2026-08-02 06:46:41 --> Session: Class initialized using 'CodeIgniter\Session\Handlers\FileHandler' driver.
INFO - 2026-08-02 06:47:16 --> CSRF token verified.
DEBUG - 2026-08-02 06:47:16 --> Session: Class initialized using 'CodeIgniter\Session\Handlers\FileHandler' driver.
DEBUG - 2026-08-02 06:47:16 --> Session: Class initialized using 'CodeIgniter\Session\Handlers\FileHandler' driver.
INFO - 2026-08-02 06:47:26 --> CSRF token verified.
DEBUG - 2026-08-02 06:47:26 --> Session: Class initialized using 'CodeIgniter\Session\Handlers\FileHandler' driver.
DEBUG - 2026-08-02 06:47:26 --> Session: Class initialized using 'CodeIgniter\Session\Handlers\FileHandler' driver.
WARNING - 2026-08-02 06:47:26 --> [DEPRECATED] Implicit conversion from float 1.56394 to int loses precision in APPPATH\Views\admin\reviews\player.php on line 292.
 1 APPPATH\Views\admin\reviews\player.php(292): gmdate('i:s', 1.56394)
 2 SYSTEMPATH\View\View.php(240): include('C:\\xampp\\htdocs\\eso8manager_v0.0.1\\app\\Views\\admin\\reviews\\player.php')
 3 SYSTEMPATH\View\View.php(243): CodeIgniter\View\View->CodeIgniter\View\{closure}()
 4 SYSTEMPATH\Common.php(1254): CodeIgniter\View\View->render('admin/reviews/player', [], true)
 5 APPPATH\Controllers\Admin\Reviews.php(88): view('admin/reviews/player', [...])
 6 SYSTEMPATH\CodeIgniter.php(974): App\Controllers\Admin\Reviews->player('1')
 7 SYSTEMPATH\CodeIgniter.php(520): CodeIgniter\CodeIgniter->runController(Object(App\Controllers\Admin\Reviews))
 8 SYSTEMPATH\CodeIgniter.php(363): CodeIgniter\CodeIgniter->handleRequest(null, Object(Config\Cache), false)
 9 SYSTEMPATH\Boot.php(417): CodeIgniter\CodeIgniter->run()
10 SYSTEMPATH\Boot.php(68): CodeIgniter\Boot::runCodeIgniter(Object(CodeIgniter\CodeIgniter))
11 FCPATH\index.php(59): CodeIgniter\Boot::bootWeb(Object(Config\Paths))
WARNING - 2026-08-02 06:47:26 --> [DEPRECATED] Implicit conversion from float 5.55174 to int loses precision in APPPATH\Views\admin\reviews\player.php on line 292.
 1 APPPATH\Views\admin\reviews\player.php(292): gmdate('i:s', 5.55174)
 2 SYSTEMPATH\View\View.php(240): include('C:\\xampp\\htdocs\\eso8manager_v0.0.1\\app\\Views\\admin\\reviews\\player.php')
 3 SYSTEMPATH\View\View.php(243): CodeIgniter\View\View->CodeIgniter\View\{closure}()
 4 SYSTEMPATH\Common.php(1254): CodeIgniter\View\View->render('admin/reviews/player', [], true)
 5 APPPATH\Controllers\Admin\Reviews.php(88): view('admin/reviews/player', [...])
 6 SYSTEMPATH\CodeIgniter.php(974): App\Controllers\Admin\Reviews->player('1')
 7 SYSTEMPATH\CodeIgniter.php(520): CodeIgniter\CodeIgniter->runController(Object(App\Controllers\Admin\Reviews))
 8 SYSTEMPATH\CodeIgniter.php(363): CodeIgniter\CodeIgniter->handleRequest(null, Object(Config\Cache), false)
 9 SYSTEMPATH\Boot.php(417): CodeIgniter\CodeIgniter->run()
10 SYSTEMPATH\Boot.php(68): CodeIgniter\Boot::runCodeIgniter(Object(CodeIgniter\CodeIgniter))
11 FCPATH\index.php(59): CodeIgniter\Boot::bootWeb(Object(Config\Paths))
DEBUG - 2026-08-02 06:47:27 --> Session: Class initialized using 'CodeIgniter\Session\Handlers\FileHandler' driver.
DEBUG - 2026-08-02 06:47:29 --> Session: Class initialized using 'CodeIgniter\Session\Handlers\FileHandler' driver.
DEBUG - 2026-08-02 06:47:37 --> Session: Class initialized using 'CodeIgniter\Session\Handlers\FileHandler' driver.
CRITICAL - 2026-08-02 06:47:45 --> CodeIgniter\Security\Exceptions\SecurityException: The action you requested is not allowed.
[Method: POST, Route: admin/reviews/updateStatus/1]
in SYSTEMPATH\Security\Security.php on line 258.
 1 SYSTEMPATH\Security\Security.php(258): CodeIgniter\Security\Exceptions\SecurityException::forDisallowedAction()
 2 SYSTEMPATH\Filters\CSRF.php(52): CodeIgniter\Security\Security->verify(Object(CodeIgniter\HTTP\IncomingRequest))
 3 SYSTEMPATH\Filters\Filters.php(241): CodeIgniter\Filters\CSRF->before(Object(CodeIgniter\HTTP\IncomingRequest), null)
 4 SYSTEMPATH\Filters\Filters.php(221): CodeIgniter\Filters\Filters->runBefore([...])
 5 SYSTEMPATH\CodeIgniter.php(488): CodeIgniter\Filters\Filters->run('admin/reviews/updateStatus/1', 'before')
 6 SYSTEMPATH\CodeIgniter.php(363): CodeIgniter\CodeIgniter->handleRequest(null, Object(Config\Cache), false)
 7 SYSTEMPATH\Boot.php(417): CodeIgniter\CodeIgniter->run()
 8 SYSTEMPATH\Boot.php(68): CodeIgniter\Boot::runCodeIgniter(Object(CodeIgniter\CodeIgniter))
 9 FCPATH\index.php(59): CodeIgniter\Boot::bootWeb(Object(Config\Paths))
DEBUG - 2026-08-02 06:50:45 --> Session: Class initialized using 'CodeIgniter\Session\Handlers\FileHandler' driver.
WARNING - 2026-08-02 06:50:45 --> [DEPRECATED] Implicit conversion from float 1.56394 to int loses precision in APPPATH\Views\admin\reviews\player.php on line 293.
 1 APPPATH\Views\admin\reviews\player.php(293): gmdate('i:s', 1.56394)
 2 SYSTEMPATH\View\View.php(240): include('C:\\xampp\\htdocs\\eso8manager_v0.0.1\\app\\Views\\admin\\reviews\\player.php')
 3 SYSTEMPATH\View\View.php(243): CodeIgniter\View\View->CodeIgniter\View\{closure}()
 4 SYSTEMPATH\Common.php(1254): CodeIgniter\View\View->render('admin/reviews/player', [], true)
 5 APPPATH\Controllers\Admin\Reviews.php(88): view('admin/reviews/player', [...])
 6 SYSTEMPATH\CodeIgniter.php(974): App\Controllers\Admin\Reviews->player('1')
 7 SYSTEMPATH\CodeIgniter.php(520): CodeIgniter\CodeIgniter->runController(Object(App\Controllers\Admin\Reviews))
 8 SYSTEMPATH\CodeIgniter.php(363): CodeIgniter\CodeIgniter->handleRequest(null, Object(Config\Cache), false)
 9 SYSTEMPATH\Boot.php(417): CodeIgniter\CodeIgniter->run()
10 SYSTEMPATH\Boot.php(68): CodeIgniter\Boot::runCodeIgniter(Object(CodeIgniter\CodeIgniter))
11 FCPATH\index.php(59): CodeIgniter\Boot::bootWeb(Object(Config\Paths))
WARNING - 2026-08-02 06:50:45 --> [DEPRECATED] Implicit conversion from float 5.55174 to int loses precision in APPPATH\Views\admin\reviews\player.php on line 293.
 1 APPPATH\Views\admin\reviews\player.php(293): gmdate('i:s', 5.55174)
 2 SYSTEMPATH\View\View.php(240): include('C:\\xampp\\htdocs\\eso8manager_v0.0.1\\app\\Views\\admin\\reviews\\player.php')
 3 SYSTEMPATH\View\View.php(243): CodeIgniter\View\View->CodeIgniter\View\{closure}()
 4 SYSTEMPATH\Common.php(1254): CodeIgniter\View\View->render('admin/reviews/player', [], true)
 5 APPPATH\Controllers\Admin\Reviews.php(88): view('admin/reviews/player', [...])
 6 SYSTEMPATH\CodeIgniter.php(974): App\Controllers\Admin\Reviews->player('1')
 7 SYSTEMPATH\CodeIgniter.php(520): CodeIgniter\CodeIgniter->runController(Object(App\Controllers\Admin\Reviews))
 8 SYSTEMPATH\CodeIgniter.php(363): CodeIgniter\CodeIgniter->handleRequest(null, Object(Config\Cache), false)
 9 SYSTEMPATH\Boot.php(417): CodeIgniter\CodeIgniter->run()
10 SYSTEMPATH\Boot.php(68): CodeIgniter\Boot::runCodeIgniter(Object(CodeIgniter\CodeIgniter))
11 FCPATH\index.php(59): CodeIgniter\Boot::bootWeb(Object(Config\Paths))
DEBUG - 2026-08-02 06:50:45 --> Session: Class initialized using 'CodeIgniter\Session\Handlers\FileHandler' driver.
DEBUG - 2026-08-02 06:51:02 --> Session: Class initialized using 'CodeIgniter\Session\Handlers\FileHandler' driver.
INFO - 2026-08-02 06:51:20 --> CSRF token verified.
DEBUG - 2026-08-02 06:51:20 --> Session: Class initialized using 'CodeIgniter\Session\Handlers\FileHandler' driver.
DEBUG - 2026-08-02 06:51:20 --> Session: Class initialized using 'CodeIgniter\Session\Handlers\FileHandler' driver.
WARNING - 2026-08-02 06:51:20 --> [DEPRECATED] Implicit conversion from float 1.56394 to int loses precision in APPPATH\Views\admin\reviews\player.php on line 293.
 1 APPPATH\Views\admin\reviews\player.php(293): gmdate('i:s', 1.56394)
 2 SYSTEMPATH\View\View.php(240): include('C:\\xampp\\htdocs\\eso8manager_v0.0.1\\app\\Views\\admin\\reviews\\player.php')
 3 SYSTEMPATH\View\View.php(243): CodeIgniter\View\View->CodeIgniter\View\{closure}()
 4 SYSTEMPATH\Common.php(1254): CodeIgniter\View\View->render('admin/reviews/player', [], true)
 5 APPPATH\Controllers\Admin\Reviews.php(88): view('admin/reviews/player', [...])
 6 SYSTEMPATH\CodeIgniter.php(974): App\Controllers\Admin\Reviews->player('1')
 7 SYSTEMPATH\CodeIgniter.php(520): CodeIgniter\CodeIgniter->runController(Object(App\Controllers\Admin\Reviews))
 8 SYSTEMPATH\CodeIgniter.php(363): CodeIgniter\CodeIgniter->handleRequest(null, Object(Config\Cache), false)
 9 SYSTEMPATH\Boot.php(417): CodeIgniter\CodeIgniter->run()
10 SYSTEMPATH\Boot.php(68): CodeIgniter\Boot::runCodeIgniter(Object(CodeIgniter\CodeIgniter))
11 FCPATH\index.php(59): CodeIgniter\Boot::bootWeb(Object(Config\Paths))
WARNING - 2026-08-02 06:51:20 --> [DEPRECATED] Implicit conversion from float 2.902601 to int loses precision in APPPATH\Views\admin\reviews\player.php on line 293.
 1 APPPATH\Views\admin\reviews\player.php(293): gmdate('i:s', 2.902601)
 2 SYSTEMPATH\View\View.php(240): include('C:\\xampp\\htdocs\\eso8manager_v0.0.1\\app\\Views\\admin\\reviews\\player.php')
 3 SYSTEMPATH\View\View.php(243): CodeIgniter\View\View->CodeIgniter\View\{closure}()
 4 SYSTEMPATH\Common.php(1254): CodeIgniter\View\View->render('admin/reviews/player', [], true)
 5 APPPATH\Controllers\Admin\Reviews.php(88): view('admin/reviews/player', [...])
 6 SYSTEMPATH\CodeIgniter.php(974): App\Controllers\Admin\Reviews->player('1')
 7 SYSTEMPATH\CodeIgniter.php(520): CodeIgniter\CodeIgniter->runController(Object(App\Controllers\Admin\Reviews))
 8 SYSTEMPATH\CodeIgniter.php(363): CodeIgniter\CodeIgniter->handleRequest(null, Object(Config\Cache), false)
 9 SYSTEMPATH\Boot.php(417): CodeIgniter\CodeIgniter->run()
10 SYSTEMPATH\Boot.php(68): CodeIgniter\Boot::runCodeIgniter(Object(CodeIgniter\CodeIgniter))
11 FCPATH\index.php(59): CodeIgniter\Boot::bootWeb(Object(Config\Paths))
WARNING - 2026-08-02 06:51:20 --> [DEPRECATED] Implicit conversion from float 5.55174 to int loses precision in APPPATH\Views\admin\reviews\player.php on line 293.
 1 APPPATH\Views\admin\reviews\player.php(293): gmdate('i:s', 5.55174)
 2 SYSTEMPATH\View\View.php(240): include('C:\\xampp\\htdocs\\eso8manager_v0.0.1\\app\\Views\\admin\\reviews\\player.php')
 3 SYSTEMPATH\View\View.php(243): CodeIgniter\View\View->CodeIgniter\View\{closure}()
 4 SYSTEMPATH\Common.php(1254): CodeIgniter\View\View->render('admin/reviews/player', [], true)
 5 APPPATH\Controllers\Admin\Reviews.php(88): view('admin/reviews/player', [...])
 6 SYSTEMPATH\CodeIgniter.php(974): App\Controllers\Admin\Reviews->player('1')
 7 SYSTEMPATH\CodeIgniter.php(520): CodeIgniter\CodeIgniter->runController(Object(App\Controllers\Admin\Reviews))
 8 SYSTEMPATH\CodeIgniter.php(363): CodeIgniter\CodeIgniter->handleRequest(null, Object(Config\Cache), false)
 9 SYSTEMPATH\Boot.php(417): CodeIgniter\CodeIgniter->run()
10 SYSTEMPATH\Boot.php(68): CodeIgniter\Boot::runCodeIgniter(Object(CodeIgniter\CodeIgniter))
11 FCPATH\index.php(59): CodeIgniter\Boot::bootWeb(Object(Config\Paths))
DEBUG - 2026-08-02 06:51:20 --> Session: Class initialized using 'CodeIgniter\Session\Handlers\FileHandler' driver.
DEBUG - 2026-08-02 06:51:22 --> Session: Class initialized using 'CodeIgniter\Session\Handlers\FileHandler' driver.
DEBUG - 2026-08-02 06:51:22 --> Session: Class initialized using 'CodeIgniter\Session\Handlers\FileHandler' driver.
DEBUG - 2026-08-02 06:51:22 --> Session: Class initialized using 'CodeIgniter\Session\Handlers\FileHandler' driver.
DEBUG - 2026-08-02 06:51:22 --> Session: Class initialized using 'CodeIgniter\Session\Handlers\FileHandler' driver.
DEBUG - 2026-08-02 06:51:23 --> Session: Class initialized using 'CodeIgniter\Session\Handlers\FileHandler' driver.
DEBUG - 2026-08-02 06:51:23 --> Session: Class initialized using 'CodeIgniter\Session\Handlers\FileHandler' driver.
DEBUG - 2026-08-02 06:51:23 --> Session: Class initialized using 'CodeIgniter\Session\Handlers\FileHandler' driver.
DEBUG - 2026-08-02 06:51:23 --> Session: Class initialized using 'CodeIgniter\Session\Handlers\FileHandler' driver.
DEBUG - 2026-08-02 06:51:25 --> Session: Class initialized using 'CodeIgniter\Session\Handlers\FileHandler' driver.
DEBUG - 2026-08-02 06:51:35 --> Session: Class initialized using 'CodeIgniter\Session\Handlers\FileHandler' driver.
INFO - 2026-08-02 06:51:40 --> CSRF token verified.
DEBUG - 2026-08-02 06:51:40 --> Session: Class initialized using 'CodeIgniter\Session\Handlers\FileHandler' driver.
ERROR - 2026-08-02 06:51:40 --> no such table: vfx_task_assignments
in SYSTEMPATH\Database\SQLite3\Connection.php on line 163.
 1 SYSTEMPATH\Database\SQLite3\Connection.php(163): SQLite3->exec('UPDATE `vfx_task_assignments` SET `vfx_task_status` = \'revision_needed\'
WHERE `vfx_task_assignment_id` = \'4\'')
 2 SYSTEMPATH\Database\BaseConnection.php(908): CodeIgniter\Database\SQLite3\Connection->execute('UPDATE `vfx_task_assignments` SET `vfx_task_status` = \'revision_needed\'
WHERE `vfx_task_assignment_id` = \'4\'')
 3 SYSTEMPATH\Database\BaseConnection.php(825): CodeIgniter\Database\BaseConnection->simpleQuery('UPDATE `vfx_task_assignments` SET `vfx_task_status` = \'revision_needed\'
WHERE `vfx_task_assignment_id` = \'4\'')
 4 SYSTEMPATH\Database\BaseBuilder.php(2519): CodeIgniter\Database\BaseConnection->query('UPDATE `vfx_task_assignments` SET `vfx_task_status` = :vfx_task_status:
WHERE `vfx_task_assignment_id` = :vfx_task_assignment_id:', [...], false)
 5 APPPATH\Controllers\Admin\Reviews.php(138): CodeIgniter\Database\BaseBuilder->update([...])
 6 SYSTEMPATH\CodeIgniter.php(974): App\Controllers\Admin\Reviews->updateStatus('1')
 7 SYSTEMPATH\CodeIgniter.php(520): CodeIgniter\CodeIgniter->runController(Object(App\Controllers\Admin\Reviews))
 8 SYSTEMPATH\CodeIgniter.php(363): CodeIgniter\CodeIgniter->handleRequest(null, Object(Config\Cache), false)
 9 SYSTEMPATH\Boot.php(417): CodeIgniter\CodeIgniter->run()
10 SYSTEMPATH\Boot.php(68): CodeIgniter\Boot::runCodeIgniter(Object(CodeIgniter\CodeIgniter))
11 FCPATH\index.php(59): CodeIgniter\Boot::bootWeb(Object(Config\Paths))
CRITICAL - 2026-08-02 06:51:40 --> CodeIgniter\Database\Exceptions\DatabaseException: no such table: vfx_task_assignments
[Method: POST, Route: admin/reviews/updateStatus/1]
in SYSTEMPATH\Database\BaseConnection.php on line 863.
 1 SYSTEMPATH\Database\BaseBuilder.php(2519): CodeIgniter\Database\BaseConnection->query('UPDATE `vfx_task_assignments` SET `vfx_task_status` = :vfx_task_status:
WHERE `vfx_task_assignment_id` = :vfx_task_assignment_id:', [...], false)
 2 APPPATH\Controllers\Admin\Reviews.php(138): CodeIgniter\Database\BaseBuilder->update([...])
 3 SYSTEMPATH\CodeIgniter.php(974): App\Controllers\Admin\Reviews->updateStatus('1')
 4 SYSTEMPATH\CodeIgniter.php(520): CodeIgniter\CodeIgniter->runController(Object(App\Controllers\Admin\Reviews))
 5 SYSTEMPATH\CodeIgniter.php(363): CodeIgniter\CodeIgniter->handleRequest(null, Object(Config\Cache), false)
 6 SYSTEMPATH\Boot.php(417): CodeIgniter\CodeIgniter->run()
 7 SYSTEMPATH\Boot.php(68): CodeIgniter\Boot::runCodeIgniter(Object(CodeIgniter\CodeIgniter))
 8 FCPATH\index.php(59): CodeIgniter\Boot::bootWeb(Object(Config\Paths))
CRITICAL - 2026-08-02 06:51:40 --> [Caused by] CodeIgniter\Database\Exceptions\DatabaseException: no such table: vfx_task_assignments
in SYSTEMPATH\Database\SQLite3\Connection.php on line 174.
 1 SYSTEMPATH\Database\BaseConnection.php(908): CodeIgniter\Database\SQLite3\Connection->execute('UPDATE `vfx_task_assignments` SET `vfx_task_status` = \'revision_needed\'
WHERE `vfx_task_assignment_id` = \'4\'')
 2 SYSTEMPATH\Database\BaseConnection.php(825): CodeIgniter\Database\BaseConnection->simpleQuery('UPDATE `vfx_task_assignments` SET `vfx_task_status` = \'revision_needed\'
WHERE `vfx_task_assignment_id` = \'4\'')
 3 SYSTEMPATH\Database\BaseBuilder.php(2519): CodeIgniter\Database\BaseConnection->query('UPDATE `vfx_task_assignments` SET `vfx_task_status` = :vfx_task_status:
WHERE `vfx_task_assignment_id` = :vfx_task_assignment_id:', [...], false)
 4 APPPATH\Controllers\Admin\Reviews.php(138): CodeIgniter\Database\BaseBuilder->update([...])
 5 SYSTEMPATH\CodeIgniter.php(974): App\Controllers\Admin\Reviews->updateStatus('1')
 6 SYSTEMPATH\CodeIgniter.php(520): CodeIgniter\CodeIgniter->runController(Object(App\Controllers\Admin\Reviews))
 7 SYSTEMPATH\CodeIgniter.php(363): CodeIgniter\CodeIgniter->handleRequest(null, Object(Config\Cache), false)
 8 SYSTEMPATH\Boot.php(417): CodeIgniter\CodeIgniter->run()
 9 SYSTEMPATH\Boot.php(68): CodeIgniter\Boot::runCodeIgniter(Object(CodeIgniter\CodeIgniter))
10 FCPATH\index.php(59): CodeIgniter\Boot::bootWeb(Object(Config\Paths))
CRITICAL - 2026-08-02 06:51:40 --> [Caused by] Exception: no such table: vfx_task_assignments
in SYSTEMPATH\Database\SQLite3\Connection.php on line 163.
 1 SYSTEMPATH\Database\SQLite3\Connection.php(163): SQLite3->exec('UPDATE `vfx_task_assignments` SET `vfx_task_status` = \'revision_needed\'
WHERE `vfx_task_assignment_id` = \'4\'')
 2 SYSTEMPATH\Database\BaseConnection.php(908): CodeIgniter\Database\SQLite3\Connection->execute('UPDATE `vfx_task_assignments` SET `vfx_task_status` = \'revision_needed\'
WHERE `vfx_task_assignment_id` = \'4\'')
 3 SYSTEMPATH\Database\BaseConnection.php(825): CodeIgniter\Database\BaseConnection->simpleQuery('UPDATE `vfx_task_assignments` SET `vfx_task_status` = \'revision_needed\'
WHERE `vfx_task_assignment_id` = \'4\'')
 4 SYSTEMPATH\Database\BaseBuilder.php(2519): CodeIgniter\Database\BaseConnection->query('UPDATE `vfx_task_assignments` SET `vfx_task_status` = :vfx_task_status:
WHERE `vfx_task_assignment_id` = :vfx_task_assignment_id:', [...], false)
 5 APPPATH\Controllers\Admin\Reviews.php(138): CodeIgniter\Database\BaseBuilder->update([...])
 6 SYSTEMPATH\CodeIgniter.php(974): App\Controllers\Admin\Reviews->updateStatus('1')
 7 SYSTEMPATH\CodeIgniter.php(520): CodeIgniter\CodeIgniter->runController(Object(App\Controllers\Admin\Reviews))
 8 SYSTEMPATH\CodeIgniter.php(363): CodeIgniter\CodeIgniter->handleRequest(null, Object(Config\Cache), false)
 9 SYSTEMPATH\Boot.php(417): CodeIgniter\CodeIgniter->run()
10 SYSTEMPATH\Boot.php(68): CodeIgniter\Boot::runCodeIgniter(Object(CodeIgniter\CodeIgniter))
11 FCPATH\index.php(59): CodeIgniter\Boot::bootWeb(Object(Config\Paths))
INFO - 2026-08-02 06:53:52 --> CSRF token verified.
DEBUG - 2026-08-02 06:53:52 --> Session: Class initialized using 'CodeIgniter\Session\Handlers\FileHandler' driver.
DEBUG - 2026-08-02 06:53:52 --> Session: Class initialized using 'CodeIgniter\Session\Handlers\FileHandler' driver.
DEBUG - 2026-08-02 06:54:02 --> Session: Class initialized using 'CodeIgniter\Session\Handlers\FileHandler' driver.
DEBUG - 2026-08-02 06:57:32 --> Session: Class initialized using 'CodeIgniter\Session\Handlers\FileHandler' driver.
DEBUG - 2026-08-02 06:58:24 --> Session: Class initialized using 'CodeIgniter\Session\Handlers\FileHandler' driver.
DEBUG - 2026-08-02 07:01:20 --> Session: Class initialized using 'CodeIgniter\Session\Handlers\FileHandler' driver.
DEBUG - 2026-08-02 07:01:31 --> Session: Class initialized using 'CodeIgniter\Session\Handlers\FileHandler' driver.
DEBUG - 2026-08-02 07:01:32 --> Session: Class initialized using 'CodeIgniter\Session\Handlers\FileHandler' driver.
DEBUG - 2026-08-02 07:01:33 --> Session: Class initialized using 'CodeIgniter\Session\Handlers\FileHandler' driver.
DEBUG - 2026-08-02 07:01:34 --> Session: Class initialized using 'CodeIgniter\Session\Handlers\FileHandler' driver.
DEBUG - 2026-08-02 07:01:35 --> Session: Class initialized using 'CodeIgniter\Session\Handlers\FileHandler' driver.
DEBUG - 2026-08-02 07:01:38 --> Session: Class initialized using 'CodeIgniter\Session\Handlers\FileHandler' driver.
DEBUG - 2026-08-02 07:01:48 --> Session: Class initialized using 'CodeIgniter\Session\Handlers\FileHandler' driver.
DEBUG - 2026-08-02 13:00:35 --> Session: Class initialized using 'CodeIgniter\Session\Handlers\FileHandler' driver.
DEBUG - 2026-08-02 13:00:35 --> Session: Class initialized using 'CodeIgniter\Session\Handlers\FileHandler' driver.
INFO - 2026-08-02 13:00:58 --> CSRF token verified.
DEBUG - 2026-08-02 13:00:58 --> Session: Class initialized using 'CodeIgniter\Session\Handlers\FileHandler' driver.
DEBUG - 2026-08-02 13:00:58 --> Session: Class initialized using 'CodeIgniter\Session\Handlers\FileHandler' driver.
DEBUG - 2026-08-02 13:06:33 --> Session: Class initialized using 'CodeIgniter\Session\Handlers\FileHandler' driver.
DEBUG - 2026-08-02 13:06:48 --> Session: Class initialized using 'CodeIgniter\Session\Handlers\FileHandler' driver.
WARNING - 2026-08-02 13:06:48 --> [DEPRECATED] Implicit conversion from float 1.56394 to int loses precision in APPPATH\Views\admin\reviews\player.php on line 293.
 1 APPPATH\Views\admin\reviews\player.php(293): gmdate('i:s', 1.56394)
 2 SYSTEMPATH\View\View.php(240): include('C:\\xampp\\htdocs\\eso8manager_v0.0.1\\app\\Views\\admin\\reviews\\player.php')
 3 SYSTEMPATH\View\View.php(243): CodeIgniter\View\View->CodeIgniter\View\{closure}()
 4 SYSTEMPATH\Common.php(1254): CodeIgniter\View\View->render('admin/reviews/player', [], true)
 5 APPPATH\Controllers\Admin\Reviews.php(88): view('admin/reviews/player', [...])
 6 SYSTEMPATH\CodeIgniter.php(974): App\Controllers\Admin\Reviews->player('1')
 7 SYSTEMPATH\CodeIgniter.php(520): CodeIgniter\CodeIgniter->runController(Object(App\Controllers\Admin\Reviews))
 8 SYSTEMPATH\CodeIgniter.php(363): CodeIgniter\CodeIgniter->handleRequest(null, Object(Config\Cache), false)
 9 SYSTEMPATH\Boot.php(417): CodeIgniter\CodeIgniter->run()
10 SYSTEMPATH\Boot.php(68): CodeIgniter\Boot::runCodeIgniter(Object(CodeIgniter\CodeIgniter))
11 FCPATH\index.php(59): CodeIgniter\Boot::bootWeb(Object(Config\Paths))
WARNING - 2026-08-02 13:06:48 --> [DEPRECATED] Implicit conversion from float 2.902601 to int loses precision in APPPATH\Views\admin\reviews\player.php on line 293.
 1 APPPATH\Views\admin\reviews\player.php(293): gmdate('i:s', 2.902601)
 2 SYSTEMPATH\View\View.php(240): include('C:\\xampp\\htdocs\\eso8manager_v0.0.1\\app\\Views\\admin\\reviews\\player.php')
 3 SYSTEMPATH\View\View.php(243): CodeIgniter\View\View->CodeIgniter\View\{closure}()
 4 SYSTEMPATH\Common.php(1254): CodeIgniter\View\View->render('admin/reviews/player', [], true)
 5 APPPATH\Controllers\Admin\Reviews.php(88): view('admin/reviews/player', [...])
 6 SYSTEMPATH\CodeIgniter.php(974): App\Controllers\Admin\Reviews->player('1')
 7 SYSTEMPATH\CodeIgniter.php(520): CodeIgniter\CodeIgniter->runController(Object(App\Controllers\Admin\Reviews))
 8 SYSTEMPATH\CodeIgniter.php(363): CodeIgniter\CodeIgniter->handleRequest(null, Object(Config\Cache), false)
 9 SYSTEMPATH\Boot.php(417): CodeIgniter\CodeIgniter->run()
10 SYSTEMPATH\Boot.php(68): CodeIgniter\Boot::runCodeIgniter(Object(CodeIgniter\CodeIgniter))
11 FCPATH\index.php(59): CodeIgniter\Boot::bootWeb(Object(Config\Paths))
WARNING - 2026-08-02 13:06:48 --> [DEPRECATED] Implicit conversion from float 5.55174 to int loses precision in APPPATH\Views\admin\reviews\player.php on line 293.
 1 APPPATH\Views\admin\reviews\player.php(293): gmdate('i:s', 5.55174)
 2 SYSTEMPATH\View\View.php(240): include('C:\\xampp\\htdocs\\eso8manager_v0.0.1\\app\\Views\\admin\\reviews\\player.php')
 3 SYSTEMPATH\View\View.php(243): CodeIgniter\View\View->CodeIgniter\View\{closure}()
 4 SYSTEMPATH\Common.php(1254): CodeIgniter\View\View->render('admin/reviews/player', [], true)
 5 APPPATH\Controllers\Admin\Reviews.php(88): view('admin/reviews/player', [...])
 6 SYSTEMPATH\CodeIgniter.php(974): App\Controllers\Admin\Reviews->player('1')
 7 SYSTEMPATH\CodeIgniter.php(520): CodeIgniter\CodeIgniter->runController(Object(App\Controllers\Admin\Reviews))
 8 SYSTEMPATH\CodeIgniter.php(363): CodeIgniter\CodeIgniter->handleRequest(null, Object(Config\Cache), false)
 9 SYSTEMPATH\Boot.php(417): CodeIgniter\CodeIgniter->run()
10 SYSTEMPATH\Boot.php(68): CodeIgniter\Boot::runCodeIgniter(Object(CodeIgniter\CodeIgniter))
11 FCPATH\index.php(59): CodeIgniter\Boot::bootWeb(Object(Config\Paths))
DEBUG - 2026-08-02 13:06:49 --> Session: Class initialized using 'CodeIgniter\Session\Handlers\FileHandler' driver.
DEBUG - 2026-08-02 13:06:51 --> Session: Class initialized using 'CodeIgniter\Session\Handlers\FileHandler' driver.
DEBUG - 2026-08-02 13:07:01 --> Session: Class initialized using 'CodeIgniter\Session\Handlers\FileHandler' driver.
DEBUG - 2026-08-02 13:07:02 --> Session: Class initialized using 'CodeIgniter\Session\Handlers\FileHandler' driver.
DEBUG - 2026-08-02 13:08:30 --> Session: Class initialized using 'CodeIgniter\Session\Handlers\FileHandler' driver.
DEBUG - 2026-08-02 13:08:30 --> Session: Class initialized using 'CodeIgniter\Session\Handlers\FileHandler' driver.
INFO - 2026-08-02 13:08:34 --> CSRF token verified.
DEBUG - 2026-08-02 13:08:34 --> Session: Class initialized using 'CodeIgniter\Session\Handlers\FileHandler' driver.
DEBUG - 2026-08-02 13:08:34 --> Session: Class initialized using 'CodeIgniter\Session\Handlers\FileHandler' driver.
DEBUG - 2026-08-02 13:08:41 --> Session: Class initialized using 'CodeIgniter\Session\Handlers\FileHandler' driver.
DEBUG - 2026-08-02 13:08:41 --> Session: Class initialized using 'CodeIgniter\Session\Handlers\FileHandler' driver.
INFO - 2026-08-02 13:09:06 --> CSRF token verified.
DEBUG - 2026-08-02 13:09:06 --> Session: Class initialized using 'CodeIgniter\Session\Handlers\FileHandler' driver.
DEBUG - 2026-08-02 13:09:06 --> Session: Class initialized using 'CodeIgniter\Session\Handlers\FileHandler' driver.
DEBUG - 2026-08-02 13:09:16 --> Session: Class initialized using 'CodeIgniter\Session\Handlers\FileHandler' driver.
DEBUG - 2026-08-02 13:09:21 --> Session: Class initialized using 'CodeIgniter\Session\Handlers\FileHandler' driver.
DEBUG - 2026-08-02 13:09:23 --> Session: Class initialized using 'CodeIgniter\Session\Handlers\FileHandler' driver.
DEBUG - 2026-08-02 13:09:27 --> Session: Class initialized using 'CodeIgniter\Session\Handlers\FileHandler' driver.
DEBUG - 2026-08-02 13:09:36 --> Session: Class initialized using 'CodeIgniter\Session\Handlers\FileHandler' driver.
DEBUG - 2026-08-02 13:10:04 --> Session: Class initialized using 'CodeIgniter\Session\Handlers\FileHandler' driver.
WARNING - 2026-08-02 13:10:04 --> [DEPRECATED] Implicit conversion from float 1.56394 to int loses precision in APPPATH\Views\admin\reviews\player.php on line 317.
 1 APPPATH\Views\admin\reviews\player.php(317): gmdate('i:s', 1.56394)
 2 SYSTEMPATH\View\View.php(240): include('C:\\xampp\\htdocs\\eso8manager_v0.0.1\\app\\Views\\admin\\reviews\\player.php')
 3 SYSTEMPATH\View\View.php(243): CodeIgniter\View\View->CodeIgniter\View\{closure}()
 4 SYSTEMPATH\Common.php(1254): CodeIgniter\View\View->render('admin/reviews/player', [], true)
 5 APPPATH\Controllers\Admin\Reviews.php(88): view('admin/reviews/player', [...])
 6 SYSTEMPATH\CodeIgniter.php(974): App\Controllers\Admin\Reviews->player('1')
 7 SYSTEMPATH\CodeIgniter.php(520): CodeIgniter\CodeIgniter->runController(Object(App\Controllers\Admin\Reviews))
 8 SYSTEMPATH\CodeIgniter.php(363): CodeIgniter\CodeIgniter->handleRequest(null, Object(Config\Cache), false)
 9 SYSTEMPATH\Boot.php(417): CodeIgniter\CodeIgniter->run()
10 SYSTEMPATH\Boot.php(68): CodeIgniter\Boot::runCodeIgniter(Object(CodeIgniter\CodeIgniter))
11 FCPATH\index.php(59): CodeIgniter\Boot::bootWeb(Object(Config\Paths))
WARNING - 2026-08-02 13:10:04 --> [DEPRECATED] Implicit conversion from float 2.902601 to int loses precision in APPPATH\Views\admin\reviews\player.php on line 317.
 1 APPPATH\Views\admin\reviews\player.php(317): gmdate('i:s', 2.902601)
 2 SYSTEMPATH\View\View.php(240): include('C:\\xampp\\htdocs\\eso8manager_v0.0.1\\app\\Views\\admin\\reviews\\player.php')
 3 SYSTEMPATH\View\View.php(243): CodeIgniter\View\View->CodeIgniter\View\{closure}()
 4 SYSTEMPATH\Common.php(1254): CodeIgniter\View\View->render('admin/reviews/player', [], true)
 5 APPPATH\Controllers\Admin\Reviews.php(88): view('admin/reviews/player', [...])
 6 SYSTEMPATH\CodeIgniter.php(974): App\Controllers\Admin\Reviews->player('1')
 7 SYSTEMPATH\CodeIgniter.php(520): CodeIgniter\CodeIgniter->runController(Object(App\Controllers\Admin\Reviews))
 8 SYSTEMPATH\CodeIgniter.php(363): CodeIgniter\CodeIgniter->handleRequest(null, Object(Config\Cache), false)
 9 SYSTEMPATH\Boot.php(417): CodeIgniter\CodeIgniter->run()
10 SYSTEMPATH\Boot.php(68): CodeIgniter\Boot::runCodeIgniter(Object(CodeIgniter\CodeIgniter))
11 FCPATH\index.php(59): CodeIgniter\Boot::bootWeb(Object(Config\Paths))
WARNING - 2026-08-02 13:10:04 --> [DEPRECATED] Implicit conversion from float 5.55174 to int loses precision in APPPATH\Views\admin\reviews\player.php on line 317.
 1 APPPATH\Views\admin\reviews\player.php(317): gmdate('i:s', 5.55174)
 2 SYSTEMPATH\View\View.php(240): include('C:\\xampp\\htdocs\\eso8manager_v0.0.1\\app\\Views\\admin\\reviews\\player.php')
 3 SYSTEMPATH\View\View.php(243): CodeIgniter\View\View->CodeIgniter\View\{closure}()
 4 SYSTEMPATH\Common.php(1254): CodeIgniter\View\View->render('admin/reviews/player', [], true)
 5 APPPATH\Controllers\Admin\Reviews.php(88): view('admin/reviews/player', [...])
 6 SYSTEMPATH\CodeIgniter.php(974): App\Controllers\Admin\Reviews->player('1')
 7 SYSTEMPATH\CodeIgniter.php(520): CodeIgniter\CodeIgniter->runController(Object(App\Controllers\Admin\Reviews))
 8 SYSTEMPATH\CodeIgniter.php(363): CodeIgniter\CodeIgniter->handleRequest(null, Object(Config\Cache), false)
 9 SYSTEMPATH\Boot.php(417): CodeIgniter\CodeIgniter->run()
10 SYSTEMPATH\Boot.php(68): CodeIgniter\Boot::runCodeIgniter(Object(CodeIgniter\CodeIgniter))
11 FCPATH\index.php(59): CodeIgniter\Boot::bootWeb(Object(Config\Paths))
DEBUG - 2026-08-02 13:10:04 --> Session: Class initialized using 'CodeIgniter\Session\Handlers\FileHandler' driver.
DEBUG - 2026-08-02 13:10:08 --> Session: Class initialized using 'CodeIgniter\Session\Handlers\FileHandler' driver.
DEBUG - 2026-08-02 13:10:17 --> Session: Class initialized using 'CodeIgniter\Session\Handlers\FileHandler' driver.
DEBUG - 2026-08-02 13:14:02 --> Session: Class initialized using 'CodeIgniter\Session\Handlers\FileHandler' driver.
WARNING - 2026-08-02 13:14:02 --> [DEPRECATED] Implicit conversion from float 1.56394 to int loses precision in APPPATH\Views\admin\reviews\player.php on line 317.
 1 APPPATH\Views\admin\reviews\player.php(317): gmdate('i:s', 1.56394)
 2 SYSTEMPATH\View\View.php(240): include('C:\\xampp\\htdocs\\eso8manager_v0.0.1\\app\\Views\\admin\\reviews\\player.php')
 3 SYSTEMPATH\View\View.php(243): CodeIgniter\View\View->CodeIgniter\View\{closure}()
 4 SYSTEMPATH\Common.php(1254): CodeIgniter\View\View->render('admin/reviews/player', [], true)
 5 APPPATH\Controllers\Admin\Reviews.php(88): view('admin/reviews/player', [...])
 6 SYSTEMPATH\CodeIgniter.php(974): App\Controllers\Admin\Reviews->player('1')
 7 SYSTEMPATH\CodeIgniter.php(520): CodeIgniter\CodeIgniter->runController(Object(App\Controllers\Admin\Reviews))
 8 SYSTEMPATH\CodeIgniter.php(363): CodeIgniter\CodeIgniter->handleRequest(null, Object(Config\Cache), false)
 9 SYSTEMPATH\Boot.php(417): CodeIgniter\CodeIgniter->run()
10 SYSTEMPATH\Boot.php(68): CodeIgniter\Boot::runCodeIgniter(Object(CodeIgniter\CodeIgniter))
11 FCPATH\index.php(59): CodeIgniter\Boot::bootWeb(Object(Config\Paths))
WARNING - 2026-08-02 13:14:02 --> [DEPRECATED] Implicit conversion from float 2.902601 to int loses precision in APPPATH\Views\admin\reviews\player.php on line 317.
 1 APPPATH\Views\admin\reviews\player.php(317): gmdate('i:s', 2.902601)
 2 SYSTEMPATH\View\View.php(240): include('C:\\xampp\\htdocs\\eso8manager_v0.0.1\\app\\Views\\admin\\reviews\\player.php')
 3 SYSTEMPATH\View\View.php(243): CodeIgniter\View\View->CodeIgniter\View\{closure}()
 4 SYSTEMPATH\Common.php(1254): CodeIgniter\View\View->render('admin/reviews/player', [], true)
 5 APPPATH\Controllers\Admin\Reviews.php(88): view('admin/reviews/player', [...])
 6 SYSTEMPATH\CodeIgniter.php(974): App\Controllers\Admin\Reviews->player('1')
 7 SYSTEMPATH\CodeIgniter.php(520): CodeIgniter\CodeIgniter->runController(Object(App\Controllers\Admin\Reviews))
 8 SYSTEMPATH\CodeIgniter.php(363): CodeIgniter\CodeIgniter->handleRequest(null, Object(Config\Cache), false)
 9 SYSTEMPATH\Boot.php(417): CodeIgniter\CodeIgniter->run()
10 SYSTEMPATH\Boot.php(68): CodeIgniter\Boot::runCodeIgniter(Object(CodeIgniter\CodeIgniter))
11 FCPATH\index.php(59): CodeIgniter\Boot::bootWeb(Object(Config\Paths))
WARNING - 2026-08-02 13:14:02 --> [DEPRECATED] Implicit conversion from float 5.55174 to int loses precision in APPPATH\Views\admin\reviews\player.php on line 317.
 1 APPPATH\Views\admin\reviews\player.php(317): gmdate('i:s', 5.55174)
 2 SYSTEMPATH\View\View.php(240): include('C:\\xampp\\htdocs\\eso8manager_v0.0.1\\app\\Views\\admin\\reviews\\player.php')
 3 SYSTEMPATH\View\View.php(243): CodeIgniter\View\View->CodeIgniter\View\{closure}()
 4 SYSTEMPATH\Common.php(1254): CodeIgniter\View\View->render('admin/reviews/player', [], true)
 5 APPPATH\Controllers\Admin\Reviews.php(88): view('admin/reviews/player', [...])
 6 SYSTEMPATH\CodeIgniter.php(974): App\Controllers\Admin\Reviews->player('1')
 7 SYSTEMPATH\CodeIgniter.php(520): CodeIgniter\CodeIgniter->runController(Object(App\Controllers\Admin\Reviews))
 8 SYSTEMPATH\CodeIgniter.php(363): CodeIgniter\CodeIgniter->handleRequest(null, Object(Config\Cache), false)
 9 SYSTEMPATH\Boot.php(417): CodeIgniter\CodeIgniter->run()
10 SYSTEMPATH\Boot.php(68): CodeIgniter\Boot::runCodeIgniter(Object(CodeIgniter\CodeIgniter))
11 FCPATH\index.php(59): CodeIgniter\Boot::bootWeb(Object(Config\Paths))
DEBUG - 2026-08-02 13:14:02 --> Session: Class initialized using 'CodeIgniter\Session\Handlers\FileHandler' driver.
DEBUG - 2026-08-02 13:14:07 --> Session: Class initialized using 'CodeIgniter\Session\Handlers\FileHandler' driver.
DEBUG - 2026-08-02 13:14:07 --> Session: Class initialized using 'CodeIgniter\Session\Handlers\FileHandler' driver.
DEBUG - 2026-08-02 13:14:07 --> Session: Class initialized using 'CodeIgniter\Session\Handlers\FileHandler' driver.
DEBUG - 2026-08-02 13:14:07 --> Session: Class initialized using 'CodeIgniter\Session\Handlers\FileHandler' driver.
DEBUG - 2026-08-02 13:14:08 --> Session: Class initialized using 'CodeIgniter\Session\Handlers\FileHandler' driver.
DEBUG - 2026-08-02 13:14:08 --> Session: Class initialized using 'CodeIgniter\Session\Handlers\FileHandler' driver.
DEBUG - 2026-08-02 13:14:09 --> Session: Class initialized using 'CodeIgniter\Session\Handlers\FileHandler' driver.
DEBUG - 2026-08-02 13:14:14 --> Session: Class initialized using 'CodeIgniter\Session\Handlers\FileHandler' driver.
DEBUG - 2026-08-02 13:14:15 --> Session: Class initialized using 'CodeIgniter\Session\Handlers\FileHandler' driver.
DEBUG - 2026-08-02 13:14:16 --> Session: Class initialized using 'CodeIgniter\Session\Handlers\FileHandler' driver.
DEBUG - 2026-08-02 13:14:41 --> Session: Class initialized using 'CodeIgniter\Session\Handlers\FileHandler' driver.
WARNING - 2026-08-02 13:14:41 --> [DEPRECATED] Implicit conversion from float 1.56394 to int loses precision in APPPATH\Views\admin\reviews\player.php on line 317.
 1 APPPATH\Views\admin\reviews\player.php(317): gmdate('i:s', 1.56394)
 2 SYSTEMPATH\View\View.php(240): include('C:\\xampp\\htdocs\\eso8manager_v0.0.1\\app\\Views\\admin\\reviews\\player.php')
 3 SYSTEMPATH\View\View.php(243): CodeIgniter\View\View->CodeIgniter\View\{closure}()
 4 SYSTEMPATH\Common.php(1254): CodeIgniter\View\View->render('admin/reviews/player', [], true)
 5 APPPATH\Controllers\Admin\Reviews.php(88): view('admin/reviews/player', [...])
 6 SYSTEMPATH\CodeIgniter.php(974): App\Controllers\Admin\Reviews->player('1')
 7 SYSTEMPATH\CodeIgniter.php(520): CodeIgniter\CodeIgniter->runController(Object(App\Controllers\Admin\Reviews))
 8 SYSTEMPATH\CodeIgniter.php(363): CodeIgniter\CodeIgniter->handleRequest(null, Object(Config\Cache), false)
 9 SYSTEMPATH\Boot.php(417): CodeIgniter\CodeIgniter->run()
10 SYSTEMPATH\Boot.php(68): CodeIgniter\Boot::runCodeIgniter(Object(CodeIgniter\CodeIgniter))
11 FCPATH\index.php(59): CodeIgniter\Boot::bootWeb(Object(Config\Paths))
WARNING - 2026-08-02 13:14:41 --> [DEPRECATED] Implicit conversion from float 2.902601 to int loses precision in APPPATH\Views\admin\reviews\player.php on line 317.
 1 APPPATH\Views\admin\reviews\player.php(317): gmdate('i:s', 2.902601)
 2 SYSTEMPATH\View\View.php(240): include('C:\\xampp\\htdocs\\eso8manager_v0.0.1\\app\\Views\\admin\\reviews\\player.php')
 3 SYSTEMPATH\View\View.php(243): CodeIgniter\View\View->CodeIgniter\View\{closure}()
 4 SYSTEMPATH\Common.php(1254): CodeIgniter\View\View->render('admin/reviews/player', [], true)
 5 APPPATH\Controllers\Admin\Reviews.php(88): view('admin/reviews/player', [...])
 6 SYSTEMPATH\CodeIgniter.php(974): App\Controllers\Admin\Reviews->player('1')
 7 SYSTEMPATH\CodeIgniter.php(520): CodeIgniter\CodeIgniter->runController(Object(App\Controllers\Admin\Reviews))
 8 SYSTEMPATH\CodeIgniter.php(363): CodeIgniter\CodeIgniter->handleRequest(null, Object(Config\Cache), false)
 9 SYSTEMPATH\Boot.php(417): CodeIgniter\CodeIgniter->run()
10 SYSTEMPATH\Boot.php(68): CodeIgniter\Boot::runCodeIgniter(Object(CodeIgniter\CodeIgniter))
11 FCPATH\index.php(59): CodeIgniter\Boot::bootWeb(Object(Config\Paths))
WARNING - 2026-08-02 13:14:41 --> [DEPRECATED] Implicit conversion from float 5.55174 to int loses precision in APPPATH\Views\admin\reviews\player.php on line 317.
 1 APPPATH\Views\admin\reviews\player.php(317): gmdate('i:s', 5.55174)
 2 SYSTEMPATH\View\View.php(240): include('C:\\xampp\\htdocs\\eso8manager_v0.0.1\\app\\Views\\admin\\reviews\\player.php')
 3 SYSTEMPATH\View\View.php(243): CodeIgniter\View\View->CodeIgniter\View\{closure}()
 4 SYSTEMPATH\Common.php(1254): CodeIgniter\View\View->render('admin/reviews/player', [], true)
 5 APPPATH\Controllers\Admin\Reviews.php(88): view('admin/reviews/player', [...])
 6 SYSTEMPATH\CodeIgniter.php(974): App\Controllers\Admin\Reviews->player('1')
 7 SYSTEMPATH\CodeIgniter.php(520): CodeIgniter\CodeIgniter->runController(Object(App\Controllers\Admin\Reviews))
 8 SYSTEMPATH\CodeIgniter.php(363): CodeIgniter\CodeIgniter->handleRequest(null, Object(Config\Cache), false)
 9 SYSTEMPATH\Boot.php(417): CodeIgniter\CodeIgniter->run()
10 SYSTEMPATH\Boot.php(68): CodeIgniter\Boot::runCodeIgniter(Object(CodeIgniter\CodeIgniter))
11 FCPATH\index.php(59): CodeIgniter\Boot::bootWeb(Object(Config\Paths))
DEBUG - 2026-08-02 13:14:41 --> Session: Class initialized using 'CodeIgniter\Session\Handlers\FileHandler' driver.
DEBUG - 2026-08-02 13:14:43 --> Session: Class initialized using 'CodeIgniter\Session\Handlers\FileHandler' driver.
DEBUG - 2026-08-02 13:14:52 --> Session: Class initialized using 'CodeIgniter\Session\Handlers\FileHandler' driver.
DEBUG - 2026-08-02 13:14:54 --> Session: Class initialized using 'CodeIgniter\Session\Handlers\FileHandler' driver.
DEBUG - 2026-08-02 13:14:59 --> Session: Class initialized using 'CodeIgniter\Session\Handlers\FileHandler' driver.
DEBUG - 2026-08-02 13:15:01 --> Session: Class initialized using 'CodeIgniter\Session\Handlers\FileHandler' driver.
DEBUG - 2026-08-02 13:15:02 --> Session: Class initialized using 'CodeIgniter\Session\Handlers\FileHandler' driver.
DEBUG - 2026-08-02 13:16:42 --> Session: Class initialized using 'CodeIgniter\Session\Handlers\FileHandler' driver.
DEBUG - 2026-08-02 13:18:29 --> Session: Class initialized using 'CodeIgniter\Session\Handlers\FileHandler' driver.
DEBUG - 2026-08-02 13:18:30 --> Session: Class initialized using 'CodeIgniter\Session\Handlers\FileHandler' driver.
DEBUG - 2026-08-02 13:18:39 --> Session: Class initialized using 'CodeIgniter\Session\Handlers\FileHandler' driver.
DEBUG - 2026-08-02 13:18:40 --> Session: Class initialized using 'CodeIgniter\Session\Handlers\FileHandler' driver.
DEBUG - 2026-08-02 13:18:47 --> Session: Class initialized using 'CodeIgniter\Session\Handlers\FileHandler' driver.
DEBUG - 2026-08-02 13:19:06 --> Session: Class initialized using 'CodeIgniter\Session\Handlers\FileHandler' driver.
DEBUG - 2026-08-02 13:19:10 --> Session: Class initialized using 'CodeIgniter\Session\Handlers\FileHandler' driver.
DEBUG - 2026-08-02 13:28:38 --> Session: Class initialized using 'CodeIgniter\Session\Handlers\FileHandler' driver.
DEBUG - 2026-08-02 13:28:41 --> Session: Class initialized using 'CodeIgniter\Session\Handlers\FileHandler' driver.
WARNING - 2026-08-02 13:28:41 --> [DEPRECATED] Implicit conversion from float 1.56394 to int loses precision in APPPATH\Views\admin\reviews\player.php on line 317.
 1 APPPATH\Views\admin\reviews\player.php(317): gmdate('i:s', 1.56394)
 2 SYSTEMPATH\View\View.php(240): include('C:\\xampp\\htdocs\\eso8manager_v0.0.1\\app\\Views\\admin\\reviews\\player.php')
 3 SYSTEMPATH\View\View.php(243): CodeIgniter\View\View->CodeIgniter\View\{closure}()
 4 SYSTEMPATH\Common.php(1254): CodeIgniter\View\View->render('admin/reviews/player', [], true)
 5 APPPATH\Controllers\Admin\Reviews.php(88): view('admin/reviews/player', [...])
 6 SYSTEMPATH\CodeIgniter.php(974): App\Controllers\Admin\Reviews->player('1')
 7 SYSTEMPATH\CodeIgniter.php(520): CodeIgniter\CodeIgniter->runController(Object(App\Controllers\Admin\Reviews))
 8 SYSTEMPATH\CodeIgniter.php(363): CodeIgniter\CodeIgniter->handleRequest(null, Object(Config\Cache), false)
 9 SYSTEMPATH\Boot.php(417): CodeIgniter\CodeIgniter->run()
10 SYSTEMPATH\Boot.php(68): CodeIgniter\Boot::runCodeIgniter(Object(CodeIgniter\CodeIgniter))
11 FCPATH\index.php(59): CodeIgniter\Boot::bootWeb(Object(Config\Paths))
WARNING - 2026-08-02 13:28:41 --> [DEPRECATED] Implicit conversion from float 2.902601 to int loses precision in APPPATH\Views\admin\reviews\player.php on line 317.
 1 APPPATH\Views\admin\reviews\player.php(317): gmdate('i:s', 2.902601)
 2 SYSTEMPATH\View\View.php(240): include('C:\\xampp\\htdocs\\eso8manager_v0.0.1\\app\\Views\\admin\\reviews\\player.php')
 3 SYSTEMPATH\View\View.php(243): CodeIgniter\View\View->CodeIgniter\View\{closure}()
 4 SYSTEMPATH\Common.php(1254): CodeIgniter\View\View->render('admin/reviews/player', [], true)
 5 APPPATH\Controllers\Admin\Reviews.php(88): view('admin/reviews/player', [...])
 6 SYSTEMPATH\CodeIgniter.php(974): App\Controllers\Admin\Reviews->player('1')
 7 SYSTEMPATH\CodeIgniter.php(520): CodeIgniter\CodeIgniter->runController(Object(App\Controllers\Admin\Reviews))
 8 SYSTEMPATH\CodeIgniter.php(363): CodeIgniter\CodeIgniter->handleRequest(null, Object(Config\Cache), false)
 9 SYSTEMPATH\Boot.php(417): CodeIgniter\CodeIgniter->run()
10 SYSTEMPATH\Boot.php(68): CodeIgniter\Boot::runCodeIgniter(Object(CodeIgniter\CodeIgniter))
11 FCPATH\index.php(59): CodeIgniter\Boot::bootWeb(Object(Config\Paths))
WARNING - 2026-08-02 13:28:41 --> [DEPRECATED] Implicit conversion from float 5.55174 to int loses precision in APPPATH\Views\admin\reviews\player.php on line 317.
 1 APPPATH\Views\admin\reviews\player.php(317): gmdate('i:s', 5.55174)
 2 SYSTEMPATH\View\View.php(240): include('C:\\xampp\\htdocs\\eso8manager_v0.0.1\\app\\Views\\admin\\reviews\\player.php')
 3 SYSTEMPATH\View\View.php(243): CodeIgniter\View\View->CodeIgniter\View\{closure}()
 4 SYSTEMPATH\Common.php(1254): CodeIgniter\View\View->render('admin/reviews/player', [], true)
 5 APPPATH\Controllers\Admin\Reviews.php(88): view('admin/reviews/player', [...])
 6 SYSTEMPATH\CodeIgniter.php(974): App\Controllers\Admin\Reviews->player('1')
 7 SYSTEMPATH\CodeIgniter.php(520): CodeIgniter\CodeIgniter->runController(Object(App\Controllers\Admin\Reviews))
 8 SYSTEMPATH\CodeIgniter.php(363): CodeIgniter\CodeIgniter->handleRequest(null, Object(Config\Cache), false)
 9 SYSTEMPATH\Boot.php(417): CodeIgniter\CodeIgniter->run()
10 SYSTEMPATH\Boot.php(68): CodeIgniter\Boot::runCodeIgniter(Object(CodeIgniter\CodeIgniter))
11 FCPATH\index.php(59): CodeIgniter\Boot::bootWeb(Object(Config\Paths))
DEBUG - 2026-08-02 13:28:42 --> Session: Class initialized using 'CodeIgniter\Session\Handlers\FileHandler' driver.
DEBUG - 2026-08-02 13:28:46 --> Session: Class initialized using 'CodeIgniter\Session\Handlers\FileHandler' driver.
DEBUG - 2026-08-02 13:28:53 --> Session: Class initialized using 'CodeIgniter\Session\Handlers\FileHandler' driver.
INFO - 2026-08-02 13:30:16 --> CSRF token verified.
DEBUG - 2026-08-02 13:30:16 --> Session: Class initialized using 'CodeIgniter\Session\Handlers\FileHandler' driver.
DEBUG - 2026-08-02 13:30:16 --> Session: Class initialized using 'CodeIgniter\Session\Handlers\FileHandler' driver.
WARNING - 2026-08-02 13:30:16 --> [DEPRECATED] Implicit conversion from float 1.56394 to int loses precision in APPPATH\Views\admin\reviews\player.php on line 317.
 1 APPPATH\Views\admin\reviews\player.php(317): gmdate('i:s', 1.56394)
 2 SYSTEMPATH\View\View.php(240): include('C:\\xampp\\htdocs\\eso8manager_v0.0.1\\app\\Views\\admin\\reviews\\player.php')
 3 SYSTEMPATH\View\View.php(243): CodeIgniter\View\View->CodeIgniter\View\{closure}()
 4 SYSTEMPATH\Common.php(1254): CodeIgniter\View\View->render('admin/reviews/player', [], true)
 5 APPPATH\Controllers\Admin\Reviews.php(88): view('admin/reviews/player', [...])
 6 SYSTEMPATH\CodeIgniter.php(974): App\Controllers\Admin\Reviews->player('1')
 7 SYSTEMPATH\CodeIgniter.php(520): CodeIgniter\CodeIgniter->runController(Object(App\Controllers\Admin\Reviews))
 8 SYSTEMPATH\CodeIgniter.php(363): CodeIgniter\CodeIgniter->handleRequest(null, Object(Config\Cache), false)
 9 SYSTEMPATH\Boot.php(417): CodeIgniter\CodeIgniter->run()
10 SYSTEMPATH\Boot.php(68): CodeIgniter\Boot::runCodeIgniter(Object(CodeIgniter\CodeIgniter))
11 FCPATH\index.php(59): CodeIgniter\Boot::bootWeb(Object(Config\Paths))
WARNING - 2026-08-02 13:30:16 --> [DEPRECATED] Implicit conversion from float 2.902601 to int loses precision in APPPATH\Views\admin\reviews\player.php on line 317.
 1 APPPATH\Views\admin\reviews\player.php(317): gmdate('i:s', 2.902601)
 2 SYSTEMPATH\View\View.php(240): include('C:\\xampp\\htdocs\\eso8manager_v0.0.1\\app\\Views\\admin\\reviews\\player.php')
 3 SYSTEMPATH\View\View.php(243): CodeIgniter\View\View->CodeIgniter\View\{closure}()
 4 SYSTEMPATH\Common.php(1254): CodeIgniter\View\View->render('admin/reviews/player', [], true)
 5 APPPATH\Controllers\Admin\Reviews.php(88): view('admin/reviews/player', [...])
 6 SYSTEMPATH\CodeIgniter.php(974): App\Controllers\Admin\Reviews->player('1')
 7 SYSTEMPATH\CodeIgniter.php(520): CodeIgniter\CodeIgniter->runController(Object(App\Controllers\Admin\Reviews))
 8 SYSTEMPATH\CodeIgniter.php(363): CodeIgniter\CodeIgniter->handleRequest(null, Object(Config\Cache), false)
 9 SYSTEMPATH\Boot.php(417): CodeIgniter\CodeIgniter->run()
10 SYSTEMPATH\Boot.php(68): CodeIgniter\Boot::runCodeIgniter(Object(CodeIgniter\CodeIgniter))
11 FCPATH\index.php(59): CodeIgniter\Boot::bootWeb(Object(Config\Paths))
WARNING - 2026-08-02 13:30:16 --> [DEPRECATED] Implicit conversion from float 2.902601 to int loses precision in APPPATH\Views\admin\reviews\player.php on line 317.
 1 APPPATH\Views\admin\reviews\player.php(317): gmdate('i:s', 2.902601)
 2 SYSTEMPATH\View\View.php(240): include('C:\\xampp\\htdocs\\eso8manager_v0.0.1\\app\\Views\\admin\\reviews\\player.php')
 3 SYSTEMPATH\View\View.php(243): CodeIgniter\View\View->CodeIgniter\View\{closure}()
 4 SYSTEMPATH\Common.php(1254): CodeIgniter\View\View->render('admin/reviews/player', [], true)
 5 APPPATH\Controllers\Admin\Reviews.php(88): view('admin/reviews/player', [...])
 6 SYSTEMPATH\CodeIgniter.php(974): App\Controllers\Admin\Reviews->player('1')
 7 SYSTEMPATH\CodeIgniter.php(520): CodeIgniter\CodeIgniter->runController(Object(App\Controllers\Admin\Reviews))
 8 SYSTEMPATH\CodeIgniter.php(363): CodeIgniter\CodeIgniter->handleRequest(null, Object(Config\Cache), false)
 9 SYSTEMPATH\Boot.php(417): CodeIgniter\CodeIgniter->run()
10 SYSTEMPATH\Boot.php(68): CodeIgniter\Boot::runCodeIgniter(Object(CodeIgniter\CodeIgniter))
11 FCPATH\index.php(59): CodeIgniter\Boot::bootWeb(Object(Config\Paths))
WARNING - 2026-08-02 13:30:16 --> [DEPRECATED] Implicit conversion from float 5.55174 to int loses precision in APPPATH\Views\admin\reviews\player.php on line 317.
 1 APPPATH\Views\admin\reviews\player.php(317): gmdate('i:s', 5.55174)
 2 SYSTEMPATH\View\View.php(240): include('C:\\xampp\\htdocs\\eso8manager_v0.0.1\\app\\Views\\admin\\reviews\\player.php')
 3 SYSTEMPATH\View\View.php(243): CodeIgniter\View\View->CodeIgniter\View\{closure}()
 4 SYSTEMPATH\Common.php(1254): CodeIgniter\View\View->render('admin/reviews/player', [], true)
 5 APPPATH\Controllers\Admin\Reviews.php(88): view('admin/reviews/player', [...])
 6 SYSTEMPATH\CodeIgniter.php(974): App\Controllers\Admin\Reviews->player('1')
 7 SYSTEMPATH\CodeIgniter.php(520): CodeIgniter\CodeIgniter->runController(Object(App\Controllers\Admin\Reviews))
 8 SYSTEMPATH\CodeIgniter.php(363): CodeIgniter\CodeIgniter->handleRequest(null, Object(Config\Cache), false)
 9 SYSTEMPATH\Boot.php(417): CodeIgniter\CodeIgniter->run()
10 SYSTEMPATH\Boot.php(68): CodeIgniter\Boot::runCodeIgniter(Object(CodeIgniter\CodeIgniter))
11 FCPATH\index.php(59): CodeIgniter\Boot::bootWeb(Object(Config\Paths))
DEBUG - 2026-08-02 13:30:16 --> Session: Class initialized using 'CodeIgniter\Session\Handlers\FileHandler' driver.
DEBUG - 2026-08-02 13:30:20 --> Session: Class initialized using 'CodeIgniter\Session\Handlers\FileHandler' driver.
DEBUG - 2026-08-02 13:30:51 --> Session: Class initialized using 'CodeIgniter\Session\Handlers\FileHandler' driver.
DEBUG - 2026-08-02 13:30:52 --> Session: Class initialized using 'CodeIgniter\Session\Handlers\FileHandler' driver.
DEBUG - 2026-08-02 13:39:46 --> Session: Class initialized using 'CodeIgniter\Session\Handlers\FileHandler' driver.
DEBUG - 2026-08-02 13:39:48 --> Session: Class initialized using 'CodeIgniter\Session\Handlers\FileHandler' driver.
DEBUG - 2026-08-02 13:39:49 --> Session: Class initialized using 'CodeIgniter\Session\Handlers\FileHandler' driver.
DEBUG - 2026-08-02 13:39:51 --> Session: Class initialized using 'CodeIgniter\Session\Handlers\FileHandler' driver.
DEBUG - 2026-08-02 13:39:51 --> Session: Class initialized using 'CodeIgniter\Session\Handlers\FileHandler' driver.
DEBUG - 2026-08-02 13:39:52 --> Session: Class initialized using 'CodeIgniter\Session\Handlers\FileHandler' driver.
DEBUG - 2026-08-02 13:39:55 --> Session: Class initialized using 'CodeIgniter\Session\Handlers\FileHandler' driver.
DEBUG - 2026-08-02 13:39:56 --> Session: Class initialized using 'CodeIgniter\Session\Handlers\FileHandler' driver.
DEBUG - 2026-08-02 13:41:44 --> Session: Class initialized using 'CodeIgniter\Session\Handlers\FileHandler' driver.
DEBUG - 2026-08-02 13:41:46 --> Session: Class initialized using 'CodeIgniter\Session\Handlers\FileHandler' driver.
DEBUG - 2026-08-02 13:46:09 --> Session: Class initialized using 'CodeIgniter\Session\Handlers\FileHandler' driver.
WARNING - 2026-08-02 13:46:09 --> [DEPRECATED] Implicit conversion from float 1.56394 to int loses precision in APPPATH\Views\admin\reviews\player.php on line 335.
 1 APPPATH\Views\admin\reviews\player.php(335): gmdate('i:s', 1.56394)
 2 SYSTEMPATH\View\View.php(240): include('C:\\xampp\\htdocs\\eso8manager_v0.0.1\\app\\Views\\admin\\reviews\\player.php')
 3 SYSTEMPATH\View\View.php(243): CodeIgniter\View\View->CodeIgniter\View\{closure}()
 4 SYSTEMPATH\Common.php(1254): CodeIgniter\View\View->render('admin/reviews/player', [], true)
 5 APPPATH\Controllers\Admin\Reviews.php(88): view('admin/reviews/player', [...])
 6 SYSTEMPATH\CodeIgniter.php(974): App\Controllers\Admin\Reviews->player('1')
 7 SYSTEMPATH\CodeIgniter.php(520): CodeIgniter\CodeIgniter->runController(Object(App\Controllers\Admin\Reviews))
 8 SYSTEMPATH\CodeIgniter.php(363): CodeIgniter\CodeIgniter->handleRequest(null, Object(Config\Cache), false)
 9 SYSTEMPATH\Boot.php(417): CodeIgniter\CodeIgniter->run()
10 SYSTEMPATH\Boot.php(68): CodeIgniter\Boot::runCodeIgniter(Object(CodeIgniter\CodeIgniter))
11 FCPATH\index.php(59): CodeIgniter\Boot::bootWeb(Object(Config\Paths))
WARNING - 2026-08-02 13:46:09 --> [DEPRECATED] Implicit conversion from float 2.902601 to int loses precision in APPPATH\Views\admin\reviews\player.php on line 335.
 1 APPPATH\Views\admin\reviews\player.php(335): gmdate('i:s', 2.902601)
 2 SYSTEMPATH\View\View.php(240): include('C:\\xampp\\htdocs\\eso8manager_v0.0.1\\app\\Views\\admin\\reviews\\player.php')
 3 SYSTEMPATH\View\View.php(243): CodeIgniter\View\View->CodeIgniter\View\{closure}()
 4 SYSTEMPATH\Common.php(1254): CodeIgniter\View\View->render('admin/reviews/player', [], true)
 5 APPPATH\Controllers\Admin\Reviews.php(88): view('admin/reviews/player', [...])
 6 SYSTEMPATH\CodeIgniter.php(974): App\Controllers\Admin\Reviews->player('1')
 7 SYSTEMPATH\CodeIgniter.php(520): CodeIgniter\CodeIgniter->runController(Object(App\Controllers\Admin\Reviews))
 8 SYSTEMPATH\CodeIgniter.php(363): CodeIgniter\CodeIgniter->handleRequest(null, Object(Config\Cache), false)
 9 SYSTEMPATH\Boot.php(417): CodeIgniter\CodeIgniter->run()
10 SYSTEMPATH\Boot.php(68): CodeIgniter\Boot::runCodeIgniter(Object(CodeIgniter\CodeIgniter))
11 FCPATH\index.php(59): CodeIgniter\Boot::bootWeb(Object(Config\Paths))
WARNING - 2026-08-02 13:46:09 --> [DEPRECATED] Implicit conversion from float 2.902601 to int loses precision in APPPATH\Views\admin\reviews\player.php on line 335.
 1 APPPATH\Views\admin\reviews\player.php(335): gmdate('i:s', 2.902601)
 2 SYSTEMPATH\View\View.php(240): include('C:\\xampp\\htdocs\\eso8manager_v0.0.1\\app\\Views\\admin\\reviews\\player.php')
 3 SYSTEMPATH\View\View.php(243): CodeIgniter\View\View->CodeIgniter\View\{closure}()
 4 SYSTEMPATH\Common.php(1254): CodeIgniter\View\View->render('admin/reviews/player', [], true)
 5 APPPATH\Controllers\Admin\Reviews.php(88): view('admin/reviews/player', [...])
 6 SYSTEMPATH\CodeIgniter.php(974): App\Controllers\Admin\Reviews->player('1')
 7 SYSTEMPATH\CodeIgniter.php(520): CodeIgniter\CodeIgniter->runController(Object(App\Controllers\Admin\Reviews))
 8 SYSTEMPATH\CodeIgniter.php(363): CodeIgniter\CodeIgniter->handleRequest(null, Object(Config\Cache), false)
 9 SYSTEMPATH\Boot.php(417): CodeIgniter\CodeIgniter->run()
10 SYSTEMPATH\Boot.php(68): CodeIgniter\Boot::runCodeIgniter(Object(CodeIgniter\CodeIgniter))
11 FCPATH\index.php(59): CodeIgniter\Boot::bootWeb(Object(Config\Paths))
WARNING - 2026-08-02 13:46:09 --> [DEPRECATED] Implicit conversion from float 5.55174 to int loses precision in APPPATH\Views\admin\reviews\player.php on line 335.
 1 APPPATH\Views\admin\reviews\player.php(335): gmdate('i:s', 5.55174)
 2 SYSTEMPATH\View\View.php(240): include('C:\\xampp\\htdocs\\eso8manager_v0.0.1\\app\\Views\\admin\\reviews\\player.php')
 3 SYSTEMPATH\View\View.php(243): CodeIgniter\View\View->CodeIgniter\View\{closure}()
 4 SYSTEMPATH\Common.php(1254): CodeIgniter\View\View->render('admin/reviews/player', [], true)
 5 APPPATH\Controllers\Admin\Reviews.php(88): view('admin/reviews/player', [...])
 6 SYSTEMPATH\CodeIgniter.php(974): App\Controllers\Admin\Reviews->player('1')
 7 SYSTEMPATH\CodeIgniter.php(520): CodeIgniter\CodeIgniter->runController(Object(App\Controllers\Admin\Reviews))
 8 SYSTEMPATH\CodeIgniter.php(363): CodeIgniter\CodeIgniter->handleRequest(null, Object(Config\Cache), false)
 9 SYSTEMPATH\Boot.php(417): CodeIgniter\CodeIgniter->run()
10 SYSTEMPATH\Boot.php(68): CodeIgniter\Boot::runCodeIgniter(Object(CodeIgniter\CodeIgniter))
11 FCPATH\index.php(59): CodeIgniter\Boot::bootWeb(Object(Config\Paths))
DEBUG - 2026-08-02 13:46:09 --> Session: Class initialized using 'CodeIgniter\Session\Handlers\FileHandler' driver.
DEBUG - 2026-08-02 13:46:14 --> Session: Class initialized using 'CodeIgniter\Session\Handlers\FileHandler' driver.
DEBUG - 2026-08-02 13:46:36 --> Session: Class initialized using 'CodeIgniter\Session\Handlers\FileHandler' driver.
DEBUG - 2026-08-02 13:50:43 --> Session: Class initialized using 'CodeIgniter\Session\Handlers\FileHandler' driver.
WARNING - 2026-08-02 13:50:43 --> [DEPRECATED] Implicit conversion from float 1.56394 to int loses precision in APPPATH\Views\admin\reviews\player.php on line 335.
 1 APPPATH\Views\admin\reviews\player.php(335): gmdate('i:s', 1.56394)
 2 SYSTEMPATH\View\View.php(240): include('C:\\xampp\\htdocs\\eso8manager_v0.0.1\\app\\Views\\admin\\reviews\\player.php')
 3 SYSTEMPATH\View\View.php(243): CodeIgniter\View\View->CodeIgniter\View\{closure}()
 4 SYSTEMPATH\Common.php(1254): CodeIgniter\View\View->render('admin/reviews/player', [], true)
 5 APPPATH\Controllers\Admin\Reviews.php(88): view('admin/reviews/player', [...])
 6 SYSTEMPATH\CodeIgniter.php(974): App\Controllers\Admin\Reviews->player('1')
 7 SYSTEMPATH\CodeIgniter.php(520): CodeIgniter\CodeIgniter->runController(Object(App\Controllers\Admin\Reviews))
 8 SYSTEMPATH\CodeIgniter.php(363): CodeIgniter\CodeIgniter->handleRequest(null, Object(Config\Cache), false)
 9 SYSTEMPATH\Boot.php(417): CodeIgniter\CodeIgniter->run()
10 SYSTEMPATH\Boot.php(68): CodeIgniter\Boot::runCodeIgniter(Object(CodeIgniter\CodeIgniter))
11 FCPATH\index.php(59): CodeIgniter\Boot::bootWeb(Object(Config\Paths))
WARNING - 2026-08-02 13:50:43 --> [DEPRECATED] Implicit conversion from float 2.902601 to int loses precision in APPPATH\Views\admin\reviews\player.php on line 335.
 1 APPPATH\Views\admin\reviews\player.php(335): gmdate('i:s', 2.902601)
 2 SYSTEMPATH\View\View.php(240): include('C:\\xampp\\htdocs\\eso8manager_v0.0.1\\app\\Views\\admin\\reviews\\player.php')
 3 SYSTEMPATH\View\View.php(243): CodeIgniter\View\View->CodeIgniter\View\{closure}()
 4 SYSTEMPATH\Common.php(1254): CodeIgniter\View\View->render('admin/reviews/player', [], true)
 5 APPPATH\Controllers\Admin\Reviews.php(88): view('admin/reviews/player', [...])
 6 SYSTEMPATH\CodeIgniter.php(974): App\Controllers\Admin\Reviews->player('1')
 7 SYSTEMPATH\CodeIgniter.php(520): CodeIgniter\CodeIgniter->runController(Object(App\Controllers\Admin\Reviews))
 8 SYSTEMPATH\CodeIgniter.php(363): CodeIgniter\CodeIgniter->handleRequest(null, Object(Config\Cache), false)
 9 SYSTEMPATH\Boot.php(417): CodeIgniter\CodeIgniter->run()
10 SYSTEMPATH\Boot.php(68): CodeIgniter\Boot::runCodeIgniter(Object(CodeIgniter\CodeIgniter))
11 FCPATH\index.php(59): CodeIgniter\Boot::bootWeb(Object(Config\Paths))
WARNING - 2026-08-02 13:50:43 --> [DEPRECATED] Implicit conversion from float 2.902601 to int loses precision in APPPATH\Views\admin\reviews\player.php on line 335.
 1 APPPATH\Views\admin\reviews\player.php(335): gmdate('i:s', 2.902601)
 2 SYSTEMPATH\View\View.php(240): include('C:\\xampp\\htdocs\\eso8manager_v0.0.1\\app\\Views\\admin\\reviews\\player.php')
 3 SYSTEMPATH\View\View.php(243): CodeIgniter\View\View->CodeIgniter\View\{closure}()
 4 SYSTEMPATH\Common.php(1254): CodeIgniter\View\View->render('admin/reviews/player', [], true)
 5 APPPATH\Controllers\Admin\Reviews.php(88): view('admin/reviews/player', [...])
 6 SYSTEMPATH\CodeIgniter.php(974): App\Controllers\Admin\Reviews->player('1')
 7 SYSTEMPATH\CodeIgniter.php(520): CodeIgniter\CodeIgniter->runController(Object(App\Controllers\Admin\Reviews))
 8 SYSTEMPATH\CodeIgniter.php(363): CodeIgniter\CodeIgniter->handleRequest(null, Object(Config\Cache), false)
 9 SYSTEMPATH\Boot.php(417): CodeIgniter\CodeIgniter->run()
10 SYSTEMPATH\Boot.php(68): CodeIgniter\Boot::runCodeIgniter(Object(CodeIgniter\CodeIgniter))
11 FCPATH\index.php(59): CodeIgniter\Boot::bootWeb(Object(Config\Paths))
WARNING - 2026-08-02 13:50:43 --> [DEPRECATED] Implicit conversion from float 5.55174 to int loses precision in APPPATH\Views\admin\reviews\player.php on line 335.
 1 APPPATH\Views\admin\reviews\player.php(335): gmdate('i:s', 5.55174)
 2 SYSTEMPATH\View\View.php(240): include('C:\\xampp\\htdocs\\eso8manager_v0.0.1\\app\\Views\\admin\\reviews\\player.php')
 3 SYSTEMPATH\View\View.php(243): CodeIgniter\View\View->CodeIgniter\View\{closure}()
 4 SYSTEMPATH\Common.php(1254): CodeIgniter\View\View->render('admin/reviews/player', [], true)
 5 APPPATH\Controllers\Admin\Reviews.php(88): view('admin/reviews/player', [...])
 6 SYSTEMPATH\CodeIgniter.php(974): App\Controllers\Admin\Reviews->player('1')
 7 SYSTEMPATH\CodeIgniter.php(520): CodeIgniter\CodeIgniter->runController(Object(App\Controllers\Admin\Reviews))
 8 SYSTEMPATH\CodeIgniter.php(363): CodeIgniter\CodeIgniter->handleRequest(null, Object(Config\Cache), false)
 9 SYSTEMPATH\Boot.php(417): CodeIgniter\CodeIgniter->run()
10 SYSTEMPATH\Boot.php(68): CodeIgniter\Boot::runCodeIgniter(Object(CodeIgniter\CodeIgniter))
11 FCPATH\index.php(59): CodeIgniter\Boot::bootWeb(Object(Config\Paths))
DEBUG - 2026-08-02 13:50:44 --> Session: Class initialized using 'CodeIgniter\Session\Handlers\FileHandler' driver.
DEBUG - 2026-08-02 13:50:48 --> Session: Class initialized using 'CodeIgniter\Session\Handlers\FileHandler' driver.
DEBUG - 2026-08-02 13:50:58 --> Session: Class initialized using 'CodeIgniter\Session\Handlers\FileHandler' driver.
DEBUG - 2026-08-02 13:51:12 --> Session: Class initialized using 'CodeIgniter\Session\Handlers\FileHandler' driver.
DEBUG - 2026-08-02 13:54:51 --> Session: Class initialized using 'CodeIgniter\Session\Handlers\FileHandler' driver.
DEBUG - 2026-08-02 13:59:53 --> Session: Class initialized using 'CodeIgniter\Session\Handlers\FileHandler' driver.
CRITICAL - 2026-08-02 13:59:53 --> ParseError: syntax error, unexpected token "!==", expecting "->" or "?->" or "{" or "["
[Method: GET, Route: admin/reviews/player/1]
in APPPATH\Views\admin\reviews\player.php on line 346.
 1 SYSTEMPATH\View\View.php(243): CodeIgniter\View\View->CodeIgniter\View\{closure}()
 2 SYSTEMPATH\Common.php(1254): CodeIgniter\View\View->render('admin/reviews/player', [], true)
 3 APPPATH\Controllers\Admin\Reviews.php(88): view('admin/reviews/player', [...])
 4 SYSTEMPATH\CodeIgniter.php(974): App\Controllers\Admin\Reviews->player('1')
 5 SYSTEMPATH\CodeIgniter.php(520): CodeIgniter\CodeIgniter->runController(Object(App\Controllers\Admin\Reviews))
 6 SYSTEMPATH\CodeIgniter.php(363): CodeIgniter\CodeIgniter->handleRequest(null, Object(Config\Cache), false)
 7 SYSTEMPATH\Boot.php(417): CodeIgniter\CodeIgniter->run()
 8 SYSTEMPATH\Boot.php(68): CodeIgniter\Boot::runCodeIgniter(Object(CodeIgniter\CodeIgniter))
 9 FCPATH\index.php(59): CodeIgniter\Boot::bootWeb(Object(Config\Paths))
DEBUG - 2026-08-02 14:00:59 --> Session: Class initialized using 'CodeIgniter\Session\Handlers\FileHandler' driver.
WARNING - 2026-08-02 14:00:59 --> [DEPRECATED] Implicit conversion from float 1.56394 to int loses precision in APPPATH\Views\admin\reviews\player.php on line 339.
 1 APPPATH\Views\admin\reviews\player.php(339): gmdate('i:s', 1.56394)
 2 APPPATH\Views\admin\reviews\player.php(378): renderCommentBox(Object(stdClass))
 3 SYSTEMPATH\View\View.php(240): include('C:\\xampp\\htdocs\\eso8manager_v0.0.1\\app\\Views\\admin\\reviews\\player.php')
 4 SYSTEMPATH\View\View.php(243): CodeIgniter\View\View->CodeIgniter\View\{closure}()
 5 SYSTEMPATH\Common.php(1254): CodeIgniter\View\View->render('admin/reviews/player', [], true)
 6 APPPATH\Controllers\Admin\Reviews.php(88): view('admin/reviews/player', [...])
 7 SYSTEMPATH\CodeIgniter.php(974): App\Controllers\Admin\Reviews->player('1')
 8 SYSTEMPATH\CodeIgniter.php(520): CodeIgniter\CodeIgniter->runController(Object(App\Controllers\Admin\Reviews))
 9 SYSTEMPATH\CodeIgniter.php(363): CodeIgniter\CodeIgniter->handleRequest(null, Object(Config\Cache), false)
10 SYSTEMPATH\Boot.php(417): CodeIgniter\CodeIgniter->run()
11 SYSTEMPATH\Boot.php(68): CodeIgniter\Boot::runCodeIgniter(Object(CodeIgniter\CodeIgniter))
12 FCPATH\index.php(59): CodeIgniter\Boot::bootWeb(Object(Config\Paths))
WARNING - 2026-08-02 14:00:59 --> [DEPRECATED] Implicit conversion from float 2.902601 to int loses precision in APPPATH\Views\admin\reviews\player.php on line 339.
 1 APPPATH\Views\admin\reviews\player.php(339): gmdate('i:s', 2.902601)
 2 APPPATH\Views\admin\reviews\player.php(378): renderCommentBox(Object(stdClass))
 3 SYSTEMPATH\View\View.php(240): include('C:\\xampp\\htdocs\\eso8manager_v0.0.1\\app\\Views\\admin\\reviews\\player.php')
 4 SYSTEMPATH\View\View.php(243): CodeIgniter\View\View->CodeIgniter\View\{closure}()
 5 SYSTEMPATH\Common.php(1254): CodeIgniter\View\View->render('admin/reviews/player', [], true)
 6 APPPATH\Controllers\Admin\Reviews.php(88): view('admin/reviews/player', [...])
 7 SYSTEMPATH\CodeIgniter.php(974): App\Controllers\Admin\Reviews->player('1')
 8 SYSTEMPATH\CodeIgniter.php(520): CodeIgniter\CodeIgniter->runController(Object(App\Controllers\Admin\Reviews))
 9 SYSTEMPATH\CodeIgniter.php(363): CodeIgniter\CodeIgniter->handleRequest(null, Object(Config\Cache), false)
10 SYSTEMPATH\Boot.php(417): CodeIgniter\CodeIgniter->run()
11 SYSTEMPATH\Boot.php(68): CodeIgniter\Boot::runCodeIgniter(Object(CodeIgniter\CodeIgniter))
12 FCPATH\index.php(59): CodeIgniter\Boot::bootWeb(Object(Config\Paths))
WARNING - 2026-08-02 14:00:59 --> [DEPRECATED] Implicit conversion from float 2.902601 to int loses precision in APPPATH\Views\admin\reviews\player.php on line 339.
 1 APPPATH\Views\admin\reviews\player.php(339): gmdate('i:s', 2.902601)
 2 APPPATH\Views\admin\reviews\player.php(378): renderCommentBox(Object(stdClass))
 3 SYSTEMPATH\View\View.php(240): include('C:\\xampp\\htdocs\\eso8manager_v0.0.1\\app\\Views\\admin\\reviews\\player.php')
 4 SYSTEMPATH\View\View.php(243): CodeIgniter\View\View->CodeIgniter\View\{closure}()
 5 SYSTEMPATH\Common.php(1254): CodeIgniter\View\View->render('admin/reviews/player', [], true)
 6 APPPATH\Controllers\Admin\Reviews.php(88): view('admin/reviews/player', [...])
 7 SYSTEMPATH\CodeIgniter.php(974): App\Controllers\Admin\Reviews->player('1')
 8 SYSTEMPATH\CodeIgniter.php(520): CodeIgniter\CodeIgniter->runController(Object(App\Controllers\Admin\Reviews))
 9 SYSTEMPATH\CodeIgniter.php(363): CodeIgniter\CodeIgniter->handleRequest(null, Object(Config\Cache), false)
10 SYSTEMPATH\Boot.php(417): CodeIgniter\CodeIgniter->run()
11 SYSTEMPATH\Boot.php(68): CodeIgniter\Boot::runCodeIgniter(Object(CodeIgniter\CodeIgniter))
12 FCPATH\index.php(59): CodeIgniter\Boot::bootWeb(Object(Config\Paths))
WARNING - 2026-08-02 14:00:59 --> [DEPRECATED] Implicit conversion from float 5.55174 to int loses precision in APPPATH\Views\admin\reviews\player.php on line 339.
 1 APPPATH\Views\admin\reviews\player.php(339): gmdate('i:s', 5.55174)
 2 APPPATH\Views\admin\reviews\player.php(378): renderCommentBox(Object(stdClass))
 3 SYSTEMPATH\View\View.php(240): include('C:\\xampp\\htdocs\\eso8manager_v0.0.1\\app\\Views\\admin\\reviews\\player.php')
 4 SYSTEMPATH\View\View.php(243): CodeIgniter\View\View->CodeIgniter\View\{closure}()
 5 SYSTEMPATH\Common.php(1254): CodeIgniter\View\View->render('admin/reviews/player', [], true)
 6 APPPATH\Controllers\Admin\Reviews.php(88): view('admin/reviews/player', [...])
 7 SYSTEMPATH\CodeIgniter.php(974): App\Controllers\Admin\Reviews->player('1')
 8 SYSTEMPATH\CodeIgniter.php(520): CodeIgniter\CodeIgniter->runController(Object(App\Controllers\Admin\Reviews))
 9 SYSTEMPATH\CodeIgniter.php(363): CodeIgniter\CodeIgniter->handleRequest(null, Object(Config\Cache), false)
10 SYSTEMPATH\Boot.php(417): CodeIgniter\CodeIgniter->run()
11 SYSTEMPATH\Boot.php(68): CodeIgniter\Boot::runCodeIgniter(Object(CodeIgniter\CodeIgniter))
12 FCPATH\index.php(59): CodeIgniter\Boot::bootWeb(Object(Config\Paths))
DEBUG - 2026-08-02 14:01:00 --> Session: Class initialized using 'CodeIgniter\Session\Handlers\FileHandler' driver.
DEBUG - 2026-08-02 14:01:06 --> Session: Class initialized using 'CodeIgniter\Session\Handlers\FileHandler' driver.
DEBUG - 2026-08-02 14:03:14 --> Session: Class initialized using 'CodeIgniter\Session\Handlers\FileHandler' driver.
WARNING - 2026-08-02 14:03:14 --> [DEPRECATED] Implicit conversion from float 1.56394 to int loses precision in APPPATH\Views\admin\reviews\player.php on line 339.
 1 APPPATH\Views\admin\reviews\player.php(339): gmdate('i:s', 1.56394)
 2 APPPATH\Views\admin\reviews\player.php(378): renderCommentBox(Object(stdClass))
 3 SYSTEMPATH\View\View.php(240): include('C:\\xampp\\htdocs\\eso8manager_v0.0.1\\app\\Views\\admin\\reviews\\player.php')
 4 SYSTEMPATH\View\View.php(243): CodeIgniter\View\View->CodeIgniter\View\{closure}()
 5 SYSTEMPATH\Common.php(1254): CodeIgniter\View\View->render('admin/reviews/player', [], true)
 6 APPPATH\Controllers\Admin\Reviews.php(88): view('admin/reviews/player', [...])
 7 SYSTEMPATH\CodeIgniter.php(974): App\Controllers\Admin\Reviews->player('1')
 8 SYSTEMPATH\CodeIgniter.php(520): CodeIgniter\CodeIgniter->runController(Object(App\Controllers\Admin\Reviews))
 9 SYSTEMPATH\CodeIgniter.php(363): CodeIgniter\CodeIgniter->handleRequest(null, Object(Config\Cache), false)
10 SYSTEMPATH\Boot.php(417): CodeIgniter\CodeIgniter->run()
11 SYSTEMPATH\Boot.php(68): CodeIgniter\Boot::runCodeIgniter(Object(CodeIgniter\CodeIgniter))
12 FCPATH\index.php(59): CodeIgniter\Boot::bootWeb(Object(Config\Paths))
WARNING - 2026-08-02 14:03:15 --> [DEPRECATED] Implicit conversion from float 2.902601 to int loses precision in APPPATH\Views\admin\reviews\player.php on line 339.
 1 APPPATH\Views\admin\reviews\player.php(339): gmdate('i:s', 2.902601)
 2 APPPATH\Views\admin\reviews\player.php(378): renderCommentBox(Object(stdClass))
 3 SYSTEMPATH\View\View.php(240): include('C:\\xampp\\htdocs\\eso8manager_v0.0.1\\app\\Views\\admin\\reviews\\player.php')
 4 SYSTEMPATH\View\View.php(243): CodeIgniter\View\View->CodeIgniter\View\{closure}()
 5 SYSTEMPATH\Common.php(1254): CodeIgniter\View\View->render('admin/reviews/player', [], true)
 6 APPPATH\Controllers\Admin\Reviews.php(88): view('admin/reviews/player', [...])
 7 SYSTEMPATH\CodeIgniter.php(974): App\Controllers\Admin\Reviews->player('1')
 8 SYSTEMPATH\CodeIgniter.php(520): CodeIgniter\CodeIgniter->runController(Object(App\Controllers\Admin\Reviews))
 9 SYSTEMPATH\CodeIgniter.php(363): CodeIgniter\CodeIgniter->handleRequest(null, Object(Config\Cache), false)
10 SYSTEMPATH\Boot.php(417): CodeIgniter\CodeIgniter->run()
11 SYSTEMPATH\Boot.php(68): CodeIgniter\Boot::runCodeIgniter(Object(CodeIgniter\CodeIgniter))
12 FCPATH\index.php(59): CodeIgniter\Boot::bootWeb(Object(Config\Paths))
WARNING - 2026-08-02 14:03:15 --> [DEPRECATED] Implicit conversion from float 2.902601 to int loses precision in APPPATH\Views\admin\reviews\player.php on line 339.
 1 APPPATH\Views\admin\reviews\player.php(339): gmdate('i:s', 2.902601)
 2 APPPATH\Views\admin\reviews\player.php(378): renderCommentBox(Object(stdClass))
 3 SYSTEMPATH\View\View.php(240): include('C:\\xampp\\htdocs\\eso8manager_v0.0.1\\app\\Views\\admin\\reviews\\player.php')
 4 SYSTEMPATH\View\View.php(243): CodeIgniter\View\View->CodeIgniter\View\{closure}()
 5 SYSTEMPATH\Common.php(1254): CodeIgniter\View\View->render('admin/reviews/player', [], true)
 6 APPPATH\Controllers\Admin\Reviews.php(88): view('admin/reviews/player', [...])
 7 SYSTEMPATH\CodeIgniter.php(974): App\Controllers\Admin\Reviews->player('1')
 8 SYSTEMPATH\CodeIgniter.php(520): CodeIgniter\CodeIgniter->runController(Object(App\Controllers\Admin\Reviews))
 9 SYSTEMPATH\CodeIgniter.php(363): CodeIgniter\CodeIgniter->handleRequest(null, Object(Config\Cache), false)
10 SYSTEMPATH\Boot.php(417): CodeIgniter\CodeIgniter->run()
11 SYSTEMPATH\Boot.php(68): CodeIgniter\Boot::runCodeIgniter(Object(CodeIgniter\CodeIgniter))
12 FCPATH\index.php(59): CodeIgniter\Boot::bootWeb(Object(Config\Paths))
WARNING - 2026-08-02 14:03:15 --> [DEPRECATED] Implicit conversion from float 5.55174 to int loses precision in APPPATH\Views\admin\reviews\player.php on line 339.
 1 APPPATH\Views\admin\reviews\player.php(339): gmdate('i:s', 5.55174)
 2 APPPATH\Views\admin\reviews\player.php(378): renderCommentBox(Object(stdClass))
 3 SYSTEMPATH\View\View.php(240): include('C:\\xampp\\htdocs\\eso8manager_v0.0.1\\app\\Views\\admin\\reviews\\player.php')
 4 SYSTEMPATH\View\View.php(243): CodeIgniter\View\View->CodeIgniter\View\{closure}()
 5 SYSTEMPATH\Common.php(1254): CodeIgniter\View\View->render('admin/reviews/player', [], true)
 6 APPPATH\Controllers\Admin\Reviews.php(88): view('admin/reviews/player', [...])
 7 SYSTEMPATH\CodeIgniter.php(974): App\Controllers\Admin\Reviews->player('1')
 8 SYSTEMPATH\CodeIgniter.php(520): CodeIgniter\CodeIgniter->runController(Object(App\Controllers\Admin\Reviews))
 9 SYSTEMPATH\CodeIgniter.php(363): CodeIgniter\CodeIgniter->handleRequest(null, Object(Config\Cache), false)
10 SYSTEMPATH\Boot.php(417): CodeIgniter\CodeIgniter->run()
11 SYSTEMPATH\Boot.php(68): CodeIgniter\Boot::runCodeIgniter(Object(CodeIgniter\CodeIgniter))
12 FCPATH\index.php(59): CodeIgniter\Boot::bootWeb(Object(Config\Paths))
DEBUG - 2026-08-02 14:03:15 --> Session: Class initialized using 'CodeIgniter\Session\Handlers\FileHandler' driver.
DEBUG - 2026-08-02 14:03:45 --> Session: Class initialized using 'CodeIgniter\Session\Handlers\FileHandler' driver.
DEBUG - 2026-08-02 14:03:45 --> Session: Class initialized using 'CodeIgniter\Session\Handlers\FileHandler' driver.
DEBUG - 2026-08-02 14:03:45 --> Session: Class initialized using 'CodeIgniter\Session\Handlers\FileHandler' driver.
DEBUG - 2026-08-02 14:03:45 --> Session: Class initialized using 'CodeIgniter\Session\Handlers\FileHandler' driver.
DEBUG - 2026-08-02 14:03:45 --> Session: Class initialized using 'CodeIgniter\Session\Handlers\FileHandler' driver.
DEBUG - 2026-08-02 14:03:45 --> Session: Class initialized using 'CodeIgniter\Session\Handlers\FileHandler' driver.
DEBUG - 2026-08-02 14:03:45 --> Session: Class initialized using 'CodeIgniter\Session\Handlers\FileHandler' driver.
DEBUG - 2026-08-02 14:03:45 --> Session: Class initialized using 'CodeIgniter\Session\Handlers\FileHandler' driver.
DEBUG - 2026-08-02 14:03:58 --> Session: Class initialized using 'CodeIgniter\Session\Handlers\FileHandler' driver.
WARNING - 2026-08-02 14:03:58 --> [DEPRECATED] Implicit conversion from float 1.56394 to int loses precision in APPPATH\Views\admin\reviews\player.php on line 339.
 1 APPPATH\Views\admin\reviews\player.php(339): gmdate('i:s', 1.56394)
 2 APPPATH\Views\admin\reviews\player.php(378): renderCommentBox(Object(stdClass))
 3 SYSTEMPATH\View\View.php(240): include('C:\\xampp\\htdocs\\eso8manager_v0.0.1\\app\\Views\\admin\\reviews\\player.php')
 4 SYSTEMPATH\View\View.php(243): CodeIgniter\View\View->CodeIgniter\View\{closure}()
 5 SYSTEMPATH\Common.php(1254): CodeIgniter\View\View->render('admin/reviews/player', [], true)
 6 APPPATH\Controllers\Admin\Reviews.php(88): view('admin/reviews/player', [...])
 7 SYSTEMPATH\CodeIgniter.php(974): App\Controllers\Admin\Reviews->player('1')
 8 SYSTEMPATH\CodeIgniter.php(520): CodeIgniter\CodeIgniter->runController(Object(App\Controllers\Admin\Reviews))
 9 SYSTEMPATH\CodeIgniter.php(363): CodeIgniter\CodeIgniter->handleRequest(null, Object(Config\Cache), false)
10 SYSTEMPATH\Boot.php(417): CodeIgniter\CodeIgniter->run()
11 SYSTEMPATH\Boot.php(68): CodeIgniter\Boot::runCodeIgniter(Object(CodeIgniter\CodeIgniter))
12 FCPATH\index.php(59): CodeIgniter\Boot::bootWeb(Object(Config\Paths))
WARNING - 2026-08-02 14:03:58 --> [DEPRECATED] Implicit conversion from float 2.902601 to int loses precision in APPPATH\Views\admin\reviews\player.php on line 339.
 1 APPPATH\Views\admin\reviews\player.php(339): gmdate('i:s', 2.902601)
 2 APPPATH\Views\admin\reviews\player.php(378): renderCommentBox(Object(stdClass))
 3 SYSTEMPATH\View\View.php(240): include('C:\\xampp\\htdocs\\eso8manager_v0.0.1\\app\\Views\\admin\\reviews\\player.php')
 4 SYSTEMPATH\View\View.php(243): CodeIgniter\View\View->CodeIgniter\View\{closure}()
 5 SYSTEMPATH\Common.php(1254): CodeIgniter\View\View->render('admin/reviews/player', [], true)
 6 APPPATH\Controllers\Admin\Reviews.php(88): view('admin/reviews/player', [...])
 7 SYSTEMPATH\CodeIgniter.php(974): App\Controllers\Admin\Reviews->player('1')
 8 SYSTEMPATH\CodeIgniter.php(520): CodeIgniter\CodeIgniter->runController(Object(App\Controllers\Admin\Reviews))
 9 SYSTEMPATH\CodeIgniter.php(363): CodeIgniter\CodeIgniter->handleRequest(null, Object(Config\Cache), false)
10 SYSTEMPATH\Boot.php(417): CodeIgniter\CodeIgniter->run()
11 SYSTEMPATH\Boot.php(68): CodeIgniter\Boot::runCodeIgniter(Object(CodeIgniter\CodeIgniter))
12 FCPATH\index.php(59): CodeIgniter\Boot::bootWeb(Object(Config\Paths))
WARNING - 2026-08-02 14:03:58 --> [DEPRECATED] Implicit conversion from float 2.902601 to int loses precision in APPPATH\Views\admin\reviews\player.php on line 339.
 1 APPPATH\Views\admin\reviews\player.php(339): gmdate('i:s', 2.902601)
 2 APPPATH\Views\admin\reviews\player.php(378): renderCommentBox(Object(stdClass))
 3 SYSTEMPATH\View\View.php(240): include('C:\\xampp\\htdocs\\eso8manager_v0.0.1\\app\\Views\\admin\\reviews\\player.php')
 4 SYSTEMPATH\View\View.php(243): CodeIgniter\View\View->CodeIgniter\View\{closure}()
 5 SYSTEMPATH\Common.php(1254): CodeIgniter\View\View->render('admin/reviews/player', [], true)
 6 APPPATH\Controllers\Admin\Reviews.php(88): view('admin/reviews/player', [...])
 7 SYSTEMPATH\CodeIgniter.php(974): App\Controllers\Admin\Reviews->player('1')
 8 SYSTEMPATH\CodeIgniter.php(520): CodeIgniter\CodeIgniter->runController(Object(App\Controllers\Admin\Reviews))
 9 SYSTEMPATH\CodeIgniter.php(363): CodeIgniter\CodeIgniter->handleRequest(null, Object(Config\Cache), false)
10 SYSTEMPATH\Boot.php(417): CodeIgniter\CodeIgniter->run()
11 SYSTEMPATH\Boot.php(68): CodeIgniter\Boot::runCodeIgniter(Object(CodeIgniter\CodeIgniter))
12 FCPATH\index.php(59): CodeIgniter\Boot::bootWeb(Object(Config\Paths))
WARNING - 2026-08-02 14:03:58 --> [DEPRECATED] Implicit conversion from float 5.55174 to int loses precision in APPPATH\Views\admin\reviews\player.php on line 339.
 1 APPPATH\Views\admin\reviews\player.php(339): gmdate('i:s', 5.55174)
 2 APPPATH\Views\admin\reviews\player.php(378): renderCommentBox(Object(stdClass))
 3 SYSTEMPATH\View\View.php(240): include('C:\\xampp\\htdocs\\eso8manager_v0.0.1\\app\\Views\\admin\\reviews\\player.php')
 4 SYSTEMPATH\View\View.php(243): CodeIgniter\View\View->CodeIgniter\View\{closure}()
 5 SYSTEMPATH\Common.php(1254): CodeIgniter\View\View->render('admin/reviews/player', [], true)
 6 APPPATH\Controllers\Admin\Reviews.php(88): view('admin/reviews/player', [...])
 7 SYSTEMPATH\CodeIgniter.php(974): App\Controllers\Admin\Reviews->player('1')
 8 SYSTEMPATH\CodeIgniter.php(520): CodeIgniter\CodeIgniter->runController(Object(App\Controllers\Admin\Reviews))
 9 SYSTEMPATH\CodeIgniter.php(363): CodeIgniter\CodeIgniter->handleRequest(null, Object(Config\Cache), false)
10 SYSTEMPATH\Boot.php(417): CodeIgniter\CodeIgniter->run()
11 SYSTEMPATH\Boot.php(68): CodeIgniter\Boot::runCodeIgniter(Object(CodeIgniter\CodeIgniter))
12 FCPATH\index.php(59): CodeIgniter\Boot::bootWeb(Object(Config\Paths))
DEBUG - 2026-08-02 14:03:58 --> Session: Class initialized using 'CodeIgniter\Session\Handlers\FileHandler' driver.
DEBUG - 2026-08-02 14:03:59 --> Session: Class initialized using 'CodeIgniter\Session\Handlers\FileHandler' driver.
DEBUG - 2026-08-02 14:04:10 --> Session: Class initialized using 'CodeIgniter\Session\Handlers\FileHandler' driver.
DEBUG - 2026-08-02 14:04:10 --> Session: Class initialized using 'CodeIgniter\Session\Handlers\FileHandler' driver.
DEBUG - 2026-08-02 14:04:10 --> Session: Class initialized using 'CodeIgniter\Session\Handlers\FileHandler' driver.
DEBUG - 2026-08-02 14:04:10 --> Session: Class initialized using 'CodeIgniter\Session\Handlers\FileHandler' driver.
DEBUG - 2026-08-02 14:04:10 --> Session: Class initialized using 'CodeIgniter\Session\Handlers\FileHandler' driver.
DEBUG - 2026-08-02 14:04:10 --> Session: Class initialized using 'CodeIgniter\Session\Handlers\FileHandler' driver.
DEBUG - 2026-08-02 14:04:11 --> Session: Class initialized using 'CodeIgniter\Session\Handlers\FileHandler' driver.
DEBUG - 2026-08-02 14:04:50 --> Session: Class initialized using 'CodeIgniter\Session\Handlers\FileHandler' driver.
WARNING - 2026-08-02 14:04:51 --> [DEPRECATED] Implicit conversion from float 1.56394 to int loses precision in APPPATH\Views\admin\reviews\player.php on line 339.
 1 APPPATH\Views\admin\reviews\player.php(339): gmdate('i:s', 1.56394)
 2 APPPATH\Views\admin\reviews\player.php(378): renderCommentBox(Object(stdClass))
 3 SYSTEMPATH\View\View.php(240): include('C:\\xampp\\htdocs\\eso8manager_v0.0.1\\app\\Views\\admin\\reviews\\player.php')
 4 SYSTEMPATH\View\View.php(243): CodeIgniter\View\View->CodeIgniter\View\{closure}()
 5 SYSTEMPATH\Common.php(1254): CodeIgniter\View\View->render('admin/reviews/player', [], true)
 6 APPPATH\Controllers\Admin\Reviews.php(88): view('admin/reviews/player', [...])
 7 SYSTEMPATH\CodeIgniter.php(974): App\Controllers\Admin\Reviews->player('1')
 8 SYSTEMPATH\CodeIgniter.php(520): CodeIgniter\CodeIgniter->runController(Object(App\Controllers\Admin\Reviews))
 9 SYSTEMPATH\CodeIgniter.php(363): CodeIgniter\CodeIgniter->handleRequest(null, Object(Config\Cache), false)
10 SYSTEMPATH\Boot.php(417): CodeIgniter\CodeIgniter->run()
11 SYSTEMPATH\Boot.php(68): CodeIgniter\Boot::runCodeIgniter(Object(CodeIgniter\CodeIgniter))
12 FCPATH\index.php(59): CodeIgniter\Boot::bootWeb(Object(Config\Paths))
WARNING - 2026-08-02 14:04:51 --> [DEPRECATED] Implicit conversion from float 2.902601 to int loses precision in APPPATH\Views\admin\reviews\player.php on line 339.
 1 APPPATH\Views\admin\reviews\player.php(339): gmdate('i:s', 2.902601)
 2 APPPATH\Views\admin\reviews\player.php(378): renderCommentBox(Object(stdClass))
 3 SYSTEMPATH\View\View.php(240): include('C:\\xampp\\htdocs\\eso8manager_v0.0.1\\app\\Views\\admin\\reviews\\player.php')
 4 SYSTEMPATH\View\View.php(243): CodeIgniter\View\View->CodeIgniter\View\{closure}()
 5 SYSTEMPATH\Common.php(1254): CodeIgniter\View\View->render('admin/reviews/player', [], true)
 6 APPPATH\Controllers\Admin\Reviews.php(88): view('admin/reviews/player', [...])
 7 SYSTEMPATH\CodeIgniter.php(974): App\Controllers\Admin\Reviews->player('1')
 8 SYSTEMPATH\CodeIgniter.php(520): CodeIgniter\CodeIgniter->runController(Object(App\Controllers\Admin\Reviews))
 9 SYSTEMPATH\CodeIgniter.php(363): CodeIgniter\CodeIgniter->handleRequest(null, Object(Config\Cache), false)
10 SYSTEMPATH\Boot.php(417): CodeIgniter\CodeIgniter->run()
11 SYSTEMPATH\Boot.php(68): CodeIgniter\Boot::runCodeIgniter(Object(CodeIgniter\CodeIgniter))
12 FCPATH\index.php(59): CodeIgniter\Boot::bootWeb(Object(Config\Paths))
WARNING - 2026-08-02 14:04:51 --> [DEPRECATED] Implicit conversion from float 2.902601 to int loses precision in APPPATH\Views\admin\reviews\player.php on line 339.
 1 APPPATH\Views\admin\reviews\player.php(339): gmdate('i:s', 2.902601)
 2 APPPATH\Views\admin\reviews\player.php(378): renderCommentBox(Object(stdClass))
 3 SYSTEMPATH\View\View.php(240): include('C:\\xampp\\htdocs\\eso8manager_v0.0.1\\app\\Views\\admin\\reviews\\player.php')
 4 SYSTEMPATH\View\View.php(243): CodeIgniter\View\View->CodeIgniter\View\{closure}()
 5 SYSTEMPATH\Common.php(1254): CodeIgniter\View\View->render('admin/reviews/player', [], true)
 6 APPPATH\Controllers\Admin\Reviews.php(88): view('admin/reviews/player', [...])
 7 SYSTEMPATH\CodeIgniter.php(974): App\Controllers\Admin\Reviews->player('1')
 8 SYSTEMPATH\CodeIgniter.php(520): CodeIgniter\CodeIgniter->runController(Object(App\Controllers\Admin\Reviews))
 9 SYSTEMPATH\CodeIgniter.php(363): CodeIgniter\CodeIgniter->handleRequest(null, Object(Config\Cache), false)
10 SYSTEMPATH\Boot.php(417): CodeIgniter\CodeIgniter->run()
11 SYSTEMPATH\Boot.php(68): CodeIgniter\Boot::runCodeIgniter(Object(CodeIgniter\CodeIgniter))
12 FCPATH\index.php(59): CodeIgniter\Boot::bootWeb(Object(Config\Paths))
WARNING - 2026-08-02 14:04:51 --> [DEPRECATED] Implicit conversion from float 5.55174 to int loses precision in APPPATH\Views\admin\reviews\player.php on line 339.
 1 APPPATH\Views\admin\reviews\player.php(339): gmdate('i:s', 5.55174)
 2 APPPATH\Views\admin\reviews\player.php(378): renderCommentBox(Object(stdClass))
 3 SYSTEMPATH\View\View.php(240): include('C:\\xampp\\htdocs\\eso8manager_v0.0.1\\app\\Views\\admin\\reviews\\player.php')
 4 SYSTEMPATH\View\View.php(243): CodeIgniter\View\View->CodeIgniter\View\{closure}()
 5 SYSTEMPATH\Common.php(1254): CodeIgniter\View\View->render('admin/reviews/player', [], true)
 6 APPPATH\Controllers\Admin\Reviews.php(88): view('admin/reviews/player', [...])
 7 SYSTEMPATH\CodeIgniter.php(974): App\Controllers\Admin\Reviews->player('1')
 8 SYSTEMPATH\CodeIgniter.php(520): CodeIgniter\CodeIgniter->runController(Object(App\Controllers\Admin\Reviews))
 9 SYSTEMPATH\CodeIgniter.php(363): CodeIgniter\CodeIgniter->handleRequest(null, Object(Config\Cache), false)
10 SYSTEMPATH\Boot.php(417): CodeIgniter\CodeIgniter->run()
11 SYSTEMPATH\Boot.php(68): CodeIgniter\Boot::runCodeIgniter(Object(CodeIgniter\CodeIgniter))
12 FCPATH\index.php(59): CodeIgniter\Boot::bootWeb(Object(Config\Paths))
DEBUG - 2026-08-02 14:04:51 --> Session: Class initialized using 'CodeIgniter\Session\Handlers\FileHandler' driver.
DEBUG - 2026-08-02 14:07:17 --> Session: Class initialized using 'CodeIgniter\Session\Handlers\FileHandler' driver.
DEBUG - 2026-08-02 14:07:32 --> Session: Class initialized using 'CodeIgniter\Session\Handlers\FileHandler' driver.
DEBUG - 2026-08-02 14:07:32 --> Session: Class initialized using 'CodeIgniter\Session\Handlers\FileHandler' driver.
DEBUG - 2026-08-02 14:07:33 --> Session: Class initialized using 'CodeIgniter\Session\Handlers\FileHandler' driver.
DEBUG - 2026-08-02 14:07:36 --> Session: Class initialized using 'CodeIgniter\Session\Handlers\FileHandler' driver.
DEBUG - 2026-08-02 14:07:37 --> Session: Class initialized using 'CodeIgniter\Session\Handlers\FileHandler' driver.
DEBUG - 2026-08-02 14:08:30 --> Session: Class initialized using 'CodeIgniter\Session\Handlers\FileHandler' driver.
DEBUG - 2026-08-02 14:08:30 --> Session: Class initialized using 'CodeIgniter\Session\Handlers\FileHandler' driver.
DEBUG - 2026-08-02 14:08:32 --> Session: Class initialized using 'CodeIgniter\Session\Handlers\FileHandler' driver.
DEBUG - 2026-08-02 14:08:34 --> Session: Class initialized using 'CodeIgniter\Session\Handlers\FileHandler' driver.
DEBUG - 2026-08-02 14:08:50 --> Session: Class initialized using 'CodeIgniter\Session\Handlers\FileHandler' driver.
DEBUG - 2026-08-02 14:09:09 --> Session: Class initialized using 'CodeIgniter\Session\Handlers\FileHandler' driver.
WARNING - 2026-08-02 14:09:09 --> [DEPRECATED] Implicit conversion from float 1.56394 to int loses precision in APPPATH\Views\admin\reviews\player.php on line 339.
 1 APPPATH\Views\admin\reviews\player.php(339): gmdate('i:s', 1.56394)
 2 APPPATH\Views\admin\reviews\player.php(378): renderCommentBox(Object(stdClass))
 3 SYSTEMPATH\View\View.php(240): include('C:\\xampp\\htdocs\\eso8manager_v0.0.1\\app\\Views\\admin\\reviews\\player.php')
 4 SYSTEMPATH\View\View.php(243): CodeIgniter\View\View->CodeIgniter\View\{closure}()
 5 SYSTEMPATH\Common.php(1254): CodeIgniter\View\View->render('admin/reviews/player', [], true)
 6 APPPATH\Controllers\Admin\Reviews.php(88): view('admin/reviews/player', [...])
 7 SYSTEMPATH\CodeIgniter.php(974): App\Controllers\Admin\Reviews->player('1')
 8 SYSTEMPATH\CodeIgniter.php(520): CodeIgniter\CodeIgniter->runController(Object(App\Controllers\Admin\Reviews))
 9 SYSTEMPATH\CodeIgniter.php(363): CodeIgniter\CodeIgniter->handleRequest(null, Object(Config\Cache), false)
10 SYSTEMPATH\Boot.php(417): CodeIgniter\CodeIgniter->run()
11 SYSTEMPATH\Boot.php(68): CodeIgniter\Boot::runCodeIgniter(Object(CodeIgniter\CodeIgniter))
12 FCPATH\index.php(59): CodeIgniter\Boot::bootWeb(Object(Config\Paths))
WARNING - 2026-08-02 14:09:09 --> [DEPRECATED] Implicit conversion from float 2.902601 to int loses precision in APPPATH\Views\admin\reviews\player.php on line 339.
 1 APPPATH\Views\admin\reviews\player.php(339): gmdate('i:s', 2.902601)
 2 APPPATH\Views\admin\reviews\player.php(378): renderCommentBox(Object(stdClass))
 3 SYSTEMPATH\View\View.php(240): include('C:\\xampp\\htdocs\\eso8manager_v0.0.1\\app\\Views\\admin\\reviews\\player.php')
 4 SYSTEMPATH\View\View.php(243): CodeIgniter\View\View->CodeIgniter\View\{closure}()
 5 SYSTEMPATH\Common.php(1254): CodeIgniter\View\View->render('admin/reviews/player', [], true)
 6 APPPATH\Controllers\Admin\Reviews.php(88): view('admin/reviews/player', [...])
 7 SYSTEMPATH\CodeIgniter.php(974): App\Controllers\Admin\Reviews->player('1')
 8 SYSTEMPATH\CodeIgniter.php(520): CodeIgniter\CodeIgniter->runController(Object(App\Controllers\Admin\Reviews))
 9 SYSTEMPATH\CodeIgniter.php(363): CodeIgniter\CodeIgniter->handleRequest(null, Object(Config\Cache), false)
10 SYSTEMPATH\Boot.php(417): CodeIgniter\CodeIgniter->run()
11 SYSTEMPATH\Boot.php(68): CodeIgniter\Boot::runCodeIgniter(Object(CodeIgniter\CodeIgniter))
12 FCPATH\index.php(59): CodeIgniter\Boot::bootWeb(Object(Config\Paths))
WARNING - 2026-08-02 14:09:09 --> [DEPRECATED] Implicit conversion from float 2.902601 to int loses precision in APPPATH\Views\admin\reviews\player.php on line 339.
 1 APPPATH\Views\admin\reviews\player.php(339): gmdate('i:s', 2.902601)
 2 APPPATH\Views\admin\reviews\player.php(378): renderCommentBox(Object(stdClass))
 3 SYSTEMPATH\View\View.php(240): include('C:\\xampp\\htdocs\\eso8manager_v0.0.1\\app\\Views\\admin\\reviews\\player.php')
 4 SYSTEMPATH\View\View.php(243): CodeIgniter\View\View->CodeIgniter\View\{closure}()
 5 SYSTEMPATH\Common.php(1254): CodeIgniter\View\View->render('admin/reviews/player', [], true)
 6 APPPATH\Controllers\Admin\Reviews.php(88): view('admin/reviews/player', [...])
 7 SYSTEMPATH\CodeIgniter.php(974): App\Controllers\Admin\Reviews->player('1')
 8 SYSTEMPATH\CodeIgniter.php(520): CodeIgniter\CodeIgniter->runController(Object(App\Controllers\Admin\Reviews))
 9 SYSTEMPATH\CodeIgniter.php(363): CodeIgniter\CodeIgniter->handleRequest(null, Object(Config\Cache), false)
10 SYSTEMPATH\Boot.php(417): CodeIgniter\CodeIgniter->run()
11 SYSTEMPATH\Boot.php(68): CodeIgniter\Boot::runCodeIgniter(Object(CodeIgniter\CodeIgniter))
12 FCPATH\index.php(59): CodeIgniter\Boot::bootWeb(Object(Config\Paths))
WARNING - 2026-08-02 14:09:09 --> [DEPRECATED] Implicit conversion from float 5.55174 to int loses precision in APPPATH\Views\admin\reviews\player.php on line 339.
 1 APPPATH\Views\admin\reviews\player.php(339): gmdate('i:s', 5.55174)
 2 APPPATH\Views\admin\reviews\player.php(378): renderCommentBox(Object(stdClass))
 3 SYSTEMPATH\View\View.php(240): include('C:\\xampp\\htdocs\\eso8manager_v0.0.1\\app\\Views\\admin\\reviews\\player.php')
 4 SYSTEMPATH\View\View.php(243): CodeIgniter\View\View->CodeIgniter\View\{closure}()
 5 SYSTEMPATH\Common.php(1254): CodeIgniter\View\View->render('admin/reviews/player', [], true)
 6 APPPATH\Controllers\Admin\Reviews.php(88): view('admin/reviews/player', [...])
 7 SYSTEMPATH\CodeIgniter.php(974): App\Controllers\Admin\Reviews->player('1')
 8 SYSTEMPATH\CodeIgniter.php(520): CodeIgniter\CodeIgniter->runController(Object(App\Controllers\Admin\Reviews))
 9 SYSTEMPATH\CodeIgniter.php(363): CodeIgniter\CodeIgniter->handleRequest(null, Object(Config\Cache), false)
10 SYSTEMPATH\Boot.php(417): CodeIgniter\CodeIgniter->run()
11 SYSTEMPATH\Boot.php(68): CodeIgniter\Boot::runCodeIgniter(Object(CodeIgniter\CodeIgniter))
12 FCPATH\index.php(59): CodeIgniter\Boot::bootWeb(Object(Config\Paths))
DEBUG - 2026-08-02 14:09:09 --> Session: Class initialized using 'CodeIgniter\Session\Handlers\FileHandler' driver.
DEBUG - 2026-08-02 14:09:11 --> Session: Class initialized using 'CodeIgniter\Session\Handlers\FileHandler' driver.
DEBUG - 2026-08-02 14:12:59 --> Session: Class initialized using 'CodeIgniter\Session\Handlers\FileHandler' driver.
DEBUG - 2026-08-02 14:13:00 --> Session: Class initialized using 'CodeIgniter\Session\Handlers\FileHandler' driver.
DEBUG - 2026-08-02 14:13:02 --> Session: Class initialized using 'CodeIgniter\Session\Handlers\FileHandler' driver.
DEBUG - 2026-08-02 14:13:04 --> Session: Class initialized using 'CodeIgniter\Session\Handlers\FileHandler' driver.
DEBUG - 2026-08-02 14:13:06 --> Session: Class initialized using 'CodeIgniter\Session\Handlers\FileHandler' driver.
DEBUG - 2026-08-02 14:13:08 --> Session: Class initialized using 'CodeIgniter\Session\Handlers\FileHandler' driver.
DEBUG - 2026-08-02 14:13:16 --> Session: Class initialized using 'CodeIgniter\Session\Handlers\FileHandler' driver.
DEBUG - 2026-08-02 14:14:08 --> Session: Class initialized using 'CodeIgniter\Session\Handlers\FileHandler' driver.
WARNING - 2026-08-02 14:14:08 --> [DEPRECATED] Implicit conversion from float 1.56394 to int loses precision in APPPATH\Views\admin\reviews\player.php on line 339.
 1 APPPATH\Views\admin\reviews\player.php(339): gmdate('i:s', 1.56394)
 2 APPPATH\Views\admin\reviews\player.php(380): renderCommentBox(Object(stdClass))
 3 SYSTEMPATH\View\View.php(240): include('C:\\xampp\\htdocs\\eso8manager_v0.0.1\\app\\Views\\admin\\reviews\\player.php')
 4 SYSTEMPATH\View\View.php(243): CodeIgniter\View\View->CodeIgniter\View\{closure}()
 5 SYSTEMPATH\Common.php(1254): CodeIgniter\View\View->render('admin/reviews/player', [], true)
 6 APPPATH\Controllers\Admin\Reviews.php(88): view('admin/reviews/player', [...])
 7 SYSTEMPATH\CodeIgniter.php(974): App\Controllers\Admin\Reviews->player('1')
 8 SYSTEMPATH\CodeIgniter.php(520): CodeIgniter\CodeIgniter->runController(Object(App\Controllers\Admin\Reviews))
 9 SYSTEMPATH\CodeIgniter.php(363): CodeIgniter\CodeIgniter->handleRequest(null, Object(Config\Cache), false)
10 SYSTEMPATH\Boot.php(417): CodeIgniter\CodeIgniter->run()
11 SYSTEMPATH\Boot.php(68): CodeIgniter\Boot::runCodeIgniter(Object(CodeIgniter\CodeIgniter))
12 FCPATH\index.php(59): CodeIgniter\Boot::bootWeb(Object(Config\Paths))
WARNING - 2026-08-02 14:14:08 --> [DEPRECATED] Implicit conversion from float 2.902601 to int loses precision in APPPATH\Views\admin\reviews\player.php on line 339.
 1 APPPATH\Views\admin\reviews\player.php(339): gmdate('i:s', 2.902601)
 2 APPPATH\Views\admin\reviews\player.php(380): renderCommentBox(Object(stdClass))
 3 SYSTEMPATH\View\View.php(240): include('C:\\xampp\\htdocs\\eso8manager_v0.0.1\\app\\Views\\admin\\reviews\\player.php')
 4 SYSTEMPATH\View\View.php(243): CodeIgniter\View\View->CodeIgniter\View\{closure}()
 5 SYSTEMPATH\Common.php(1254): CodeIgniter\View\View->render('admin/reviews/player', [], true)
 6 APPPATH\Controllers\Admin\Reviews.php(88): view('admin/reviews/player', [...])
 7 SYSTEMPATH\CodeIgniter.php(974): App\Controllers\Admin\Reviews->player('1')
 8 SYSTEMPATH\CodeIgniter.php(520): CodeIgniter\CodeIgniter->runController(Object(App\Controllers\Admin\Reviews))
 9 SYSTEMPATH\CodeIgniter.php(363): CodeIgniter\CodeIgniter->handleRequest(null, Object(Config\Cache), false)
10 SYSTEMPATH\Boot.php(417): CodeIgniter\CodeIgniter->run()
11 SYSTEMPATH\Boot.php(68): CodeIgniter\Boot::runCodeIgniter(Object(CodeIgniter\CodeIgniter))
12 FCPATH\index.php(59): CodeIgniter\Boot::bootWeb(Object(Config\Paths))
WARNING - 2026-08-02 14:14:08 --> [DEPRECATED] Implicit conversion from float 2.902601 to int loses precision in APPPATH\Views\admin\reviews\player.php on line 339.
 1 APPPATH\Views\admin\reviews\player.php(339): gmdate('i:s', 2.902601)
 2 APPPATH\Views\admin\reviews\player.php(380): renderCommentBox(Object(stdClass))
 3 SYSTEMPATH\View\View.php(240): include('C:\\xampp\\htdocs\\eso8manager_v0.0.1\\app\\Views\\admin\\reviews\\player.php')
 4 SYSTEMPATH\View\View.php(243): CodeIgniter\View\View->CodeIgniter\View\{closure}()
 5 SYSTEMPATH\Common.php(1254): CodeIgniter\View\View->render('admin/reviews/player', [], true)
 6 APPPATH\Controllers\Admin\Reviews.php(88): view('admin/reviews/player', [...])
 7 SYSTEMPATH\CodeIgniter.php(974): App\Controllers\Admin\Reviews->player('1')
 8 SYSTEMPATH\CodeIgniter.php(520): CodeIgniter\CodeIgniter->runController(Object(App\Controllers\Admin\Reviews))
 9 SYSTEMPATH\CodeIgniter.php(363): CodeIgniter\CodeIgniter->handleRequest(null, Object(Config\Cache), false)
10 SYSTEMPATH\Boot.php(417): CodeIgniter\CodeIgniter->run()
11 SYSTEMPATH\Boot.php(68): CodeIgniter\Boot::runCodeIgniter(Object(CodeIgniter\CodeIgniter))
12 FCPATH\index.php(59): CodeIgniter\Boot::bootWeb(Object(Config\Paths))
WARNING - 2026-08-02 14:14:08 --> [DEPRECATED] Implicit conversion from float 5.55174 to int loses precision in APPPATH\Views\admin\reviews\player.php on line 339.
 1 APPPATH\Views\admin\reviews\player.php(339): gmdate('i:s', 5.55174)
 2 APPPATH\Views\admin\reviews\player.php(380): renderCommentBox(Object(stdClass))
 3 SYSTEMPATH\View\View.php(240): include('C:\\xampp\\htdocs\\eso8manager_v0.0.1\\app\\Views\\admin\\reviews\\player.php')
 4 SYSTEMPATH\View\View.php(243): CodeIgniter\View\View->CodeIgniter\View\{closure}()
 5 SYSTEMPATH\Common.php(1254): CodeIgniter\View\View->render('admin/reviews/player', [], true)
 6 APPPATH\Controllers\Admin\Reviews.php(88): view('admin/reviews/player', [...])
 7 SYSTEMPATH\CodeIgniter.php(974): App\Controllers\Admin\Reviews->player('1')
 8 SYSTEMPATH\CodeIgniter.php(520): CodeIgniter\CodeIgniter->runController(Object(App\Controllers\Admin\Reviews))
 9 SYSTEMPATH\CodeIgniter.php(363): CodeIgniter\CodeIgniter->handleRequest(null, Object(Config\Cache), false)
10 SYSTEMPATH\Boot.php(417): CodeIgniter\CodeIgniter->run()
11 SYSTEMPATH\Boot.php(68): CodeIgniter\Boot::runCodeIgniter(Object(CodeIgniter\CodeIgniter))
12 FCPATH\index.php(59): CodeIgniter\Boot::bootWeb(Object(Config\Paths))
DEBUG - 2026-08-02 14:14:09 --> Session: Class initialized using 'CodeIgniter\Session\Handlers\FileHandler' driver.
DEBUG - 2026-08-02 14:15:33 --> Session: Class initialized using 'CodeIgniter\Session\Handlers\FileHandler' driver.
WARNING - 2026-08-02 14:15:33 --> [DEPRECATED] Implicit conversion from float 1.56394 to int loses precision in APPPATH\Views\admin\reviews\player.php on line 339.
 1 APPPATH\Views\admin\reviews\player.php(339): gmdate('i:s', 1.56394)
 2 APPPATH\Views\admin\reviews\player.php(380): renderCommentBox(Object(stdClass))
 3 SYSTEMPATH\View\View.php(240): include('C:\\xampp\\htdocs\\eso8manager_v0.0.1\\app\\Views\\admin\\reviews\\player.php')
 4 SYSTEMPATH\View\View.php(243): CodeIgniter\View\View->CodeIgniter\View\{closure}()
 5 SYSTEMPATH\Common.php(1254): CodeIgniter\View\View->render('admin/reviews/player', [], true)
 6 APPPATH\Controllers\Admin\Reviews.php(88): view('admin/reviews/player', [...])
 7 SYSTEMPATH\CodeIgniter.php(974): App\Controllers\Admin\Reviews->player('1')
 8 SYSTEMPATH\CodeIgniter.php(520): CodeIgniter\CodeIgniter->runController(Object(App\Controllers\Admin\Reviews))
 9 SYSTEMPATH\CodeIgniter.php(363): CodeIgniter\CodeIgniter->handleRequest(null, Object(Config\Cache), false)
10 SYSTEMPATH\Boot.php(417): CodeIgniter\CodeIgniter->run()
11 SYSTEMPATH\Boot.php(68): CodeIgniter\Boot::runCodeIgniter(Object(CodeIgniter\CodeIgniter))
12 FCPATH\index.php(59): CodeIgniter\Boot::bootWeb(Object(Config\Paths))
WARNING - 2026-08-02 14:15:33 --> [DEPRECATED] Implicit conversion from float 2.902601 to int loses precision in APPPATH\Views\admin\reviews\player.php on line 339.
 1 APPPATH\Views\admin\reviews\player.php(339): gmdate('i:s', 2.902601)
 2 APPPATH\Views\admin\reviews\player.php(380): renderCommentBox(Object(stdClass))
 3 SYSTEMPATH\View\View.php(240): include('C:\\xampp\\htdocs\\eso8manager_v0.0.1\\app\\Views\\admin\\reviews\\player.php')
 4 SYSTEMPATH\View\View.php(243): CodeIgniter\View\View->CodeIgniter\View\{closure}()
 5 SYSTEMPATH\Common.php(1254): CodeIgniter\View\View->render('admin/reviews/player', [], true)
 6 APPPATH\Controllers\Admin\Reviews.php(88): view('admin/reviews/player', [...])
 7 SYSTEMPATH\CodeIgniter.php(974): App\Controllers\Admin\Reviews->player('1')
 8 SYSTEMPATH\CodeIgniter.php(520): CodeIgniter\CodeIgniter->runController(Object(App\Controllers\Admin\Reviews))
 9 SYSTEMPATH\CodeIgniter.php(363): CodeIgniter\CodeIgniter->handleRequest(null, Object(Config\Cache), false)
10 SYSTEMPATH\Boot.php(417): CodeIgniter\CodeIgniter->run()
11 SYSTEMPATH\Boot.php(68): CodeIgniter\Boot::runCodeIgniter(Object(CodeIgniter\CodeIgniter))
12 FCPATH\index.php(59): CodeIgniter\Boot::bootWeb(Object(Config\Paths))
WARNING - 2026-08-02 14:15:33 --> [DEPRECATED] Implicit conversion from float 2.902601 to int loses precision in APPPATH\Views\admin\reviews\player.php on line 339.
 1 APPPATH\Views\admin\reviews\player.php(339): gmdate('i:s', 2.902601)
 2 APPPATH\Views\admin\reviews\player.php(380): renderCommentBox(Object(stdClass))
 3 SYSTEMPATH\View\View.php(240): include('C:\\xampp\\htdocs\\eso8manager_v0.0.1\\app\\Views\\admin\\reviews\\player.php')
 4 SYSTEMPATH\View\View.php(243): CodeIgniter\View\View->CodeIgniter\View\{closure}()
 5 SYSTEMPATH\Common.php(1254): CodeIgniter\View\View->render('admin/reviews/player', [], true)
 6 APPPATH\Controllers\Admin\Reviews.php(88): view('admin/reviews/player', [...])
 7 SYSTEMPATH\CodeIgniter.php(974): App\Controllers\Admin\Reviews->player('1')
 8 SYSTEMPATH\CodeIgniter.php(520): CodeIgniter\CodeIgniter->runController(Object(App\Controllers\Admin\Reviews))
 9 SYSTEMPATH\CodeIgniter.php(363): CodeIgniter\CodeIgniter->handleRequest(null, Object(Config\Cache), false)
10 SYSTEMPATH\Boot.php(417): CodeIgniter\CodeIgniter->run()
11 SYSTEMPATH\Boot.php(68): CodeIgniter\Boot::runCodeIgniter(Object(CodeIgniter\CodeIgniter))
12 FCPATH\index.php(59): CodeIgniter\Boot::bootWeb(Object(Config\Paths))
WARNING - 2026-08-02 14:15:33 --> [DEPRECATED] Implicit conversion from float 5.55174 to int loses precision in APPPATH\Views\admin\reviews\player.php on line 339.
 1 APPPATH\Views\admin\reviews\player.php(339): gmdate('i:s', 5.55174)
 2 APPPATH\Views\admin\reviews\player.php(380): renderCommentBox(Object(stdClass))
 3 SYSTEMPATH\View\View.php(240): include('C:\\xampp\\htdocs\\eso8manager_v0.0.1\\app\\Views\\admin\\reviews\\player.php')
 4 SYSTEMPATH\View\View.php(243): CodeIgniter\View\View->CodeIgniter\View\{closure}()
 5 SYSTEMPATH\Common.php(1254): CodeIgniter\View\View->render('admin/reviews/player', [], true)
 6 APPPATH\Controllers\Admin\Reviews.php(88): view('admin/reviews/player', [...])
 7 SYSTEMPATH\CodeIgniter.php(974): App\Controllers\Admin\Reviews->player('1')
 8 SYSTEMPATH\CodeIgniter.php(520): CodeIgniter\CodeIgniter->runController(Object(App\Controllers\Admin\Reviews))
 9 SYSTEMPATH\CodeIgniter.php(363): CodeIgniter\CodeIgniter->handleRequest(null, Object(Config\Cache), false)
10 SYSTEMPATH\Boot.php(417): CodeIgniter\CodeIgniter->run()
11 SYSTEMPATH\Boot.php(68): CodeIgniter\Boot::runCodeIgniter(Object(CodeIgniter\CodeIgniter))
12 FCPATH\index.php(59): CodeIgniter\Boot::bootWeb(Object(Config\Paths))
DEBUG - 2026-08-02 14:15:34 --> Session: Class initialized using 'CodeIgniter\Session\Handlers\FileHandler' driver.
DEBUG - 2026-08-02 14:15:46 --> Session: Class initialized using 'CodeIgniter\Session\Handlers\FileHandler' driver.
WARNING - 2026-08-02 14:15:46 --> [DEPRECATED] Implicit conversion from float 1.56394 to int loses precision in APPPATH\Views\admin\reviews\player.php on line 339.
 1 APPPATH\Views\admin\reviews\player.php(339): gmdate('i:s', 1.56394)
 2 APPPATH\Views\admin\reviews\player.php(380): renderCommentBox(Object(stdClass))
 3 SYSTEMPATH\View\View.php(240): include('C:\\xampp\\htdocs\\eso8manager_v0.0.1\\app\\Views\\admin\\reviews\\player.php')
 4 SYSTEMPATH\View\View.php(243): CodeIgniter\View\View->CodeIgniter\View\{closure}()
 5 SYSTEMPATH\Common.php(1254): CodeIgniter\View\View->render('admin/reviews/player', [], true)
 6 APPPATH\Controllers\Admin\Reviews.php(88): view('admin/reviews/player', [...])
 7 SYSTEMPATH\CodeIgniter.php(974): App\Controllers\Admin\Reviews->player('1')
 8 SYSTEMPATH\CodeIgniter.php(520): CodeIgniter\CodeIgniter->runController(Object(App\Controllers\Admin\Reviews))
 9 SYSTEMPATH\CodeIgniter.php(363): CodeIgniter\CodeIgniter->handleRequest(null, Object(Config\Cache), false)
10 SYSTEMPATH\Boot.php(417): CodeIgniter\CodeIgniter->run()
11 SYSTEMPATH\Boot.php(68): CodeIgniter\Boot::runCodeIgniter(Object(CodeIgniter\CodeIgniter))
12 FCPATH\index.php(59): CodeIgniter\Boot::bootWeb(Object(Config\Paths))
WARNING - 2026-08-02 14:15:46 --> [DEPRECATED] Implicit conversion from float 2.902601 to int loses precision in APPPATH\Views\admin\reviews\player.php on line 339.
 1 APPPATH\Views\admin\reviews\player.php(339): gmdate('i:s', 2.902601)
 2 APPPATH\Views\admin\reviews\player.php(380): renderCommentBox(Object(stdClass))
 3 SYSTEMPATH\View\View.php(240): include('C:\\xampp\\htdocs\\eso8manager_v0.0.1\\app\\Views\\admin\\reviews\\player.php')
 4 SYSTEMPATH\View\View.php(243): CodeIgniter\View\View->CodeIgniter\View\{closure}()
 5 SYSTEMPATH\Common.php(1254): CodeIgniter\View\View->render('admin/reviews/player', [], true)
 6 APPPATH\Controllers\Admin\Reviews.php(88): view('admin/reviews/player', [...])
 7 SYSTEMPATH\CodeIgniter.php(974): App\Controllers\Admin\Reviews->player('1')
 8 SYSTEMPATH\CodeIgniter.php(520): CodeIgniter\CodeIgniter->runController(Object(App\Controllers\Admin\Reviews))
 9 SYSTEMPATH\CodeIgniter.php(363): CodeIgniter\CodeIgniter->handleRequest(null, Object(Config\Cache), false)
10 SYSTEMPATH\Boot.php(417): CodeIgniter\CodeIgniter->run()
11 SYSTEMPATH\Boot.php(68): CodeIgniter\Boot::runCodeIgniter(Object(CodeIgniter\CodeIgniter))
12 FCPATH\index.php(59): CodeIgniter\Boot::bootWeb(Object(Config\Paths))
WARNING - 2026-08-02 14:15:46 --> [DEPRECATED] Implicit conversion from float 2.902601 to int loses precision in APPPATH\Views\admin\reviews\player.php on line 339.
 1 APPPATH\Views\admin\reviews\player.php(339): gmdate('i:s', 2.902601)
 2 APPPATH\Views\admin\reviews\player.php(380): renderCommentBox(Object(stdClass))
 3 SYSTEMPATH\View\View.php(240): include('C:\\xampp\\htdocs\\eso8manager_v0.0.1\\app\\Views\\admin\\reviews\\player.php')
 4 SYSTEMPATH\View\View.php(243): CodeIgniter\View\View->CodeIgniter\View\{closure}()
 5 SYSTEMPATH\Common.php(1254): CodeIgniter\View\View->render('admin/reviews/player', [], true)
 6 APPPATH\Controllers\Admin\Reviews.php(88): view('admin/reviews/player', [...])
 7 SYSTEMPATH\CodeIgniter.php(974): App\Controllers\Admin\Reviews->player('1')
 8 SYSTEMPATH\CodeIgniter.php(520): CodeIgniter\CodeIgniter->runController(Object(App\Controllers\Admin\Reviews))
 9 SYSTEMPATH\CodeIgniter.php(363): CodeIgniter\CodeIgniter->handleRequest(null, Object(Config\Cache), false)
10 SYSTEMPATH\Boot.php(417): CodeIgniter\CodeIgniter->run()
11 SYSTEMPATH\Boot.php(68): CodeIgniter\Boot::runCodeIgniter(Object(CodeIgniter\CodeIgniter))
12 FCPATH\index.php(59): CodeIgniter\Boot::bootWeb(Object(Config\Paths))
WARNING - 2026-08-02 14:15:46 --> [DEPRECATED] Implicit conversion from float 5.55174 to int loses precision in APPPATH\Views\admin\reviews\player.php on line 339.
 1 APPPATH\Views\admin\reviews\player.php(339): gmdate('i:s', 5.55174)
 2 APPPATH\Views\admin\reviews\player.php(380): renderCommentBox(Object(stdClass))
 3 SYSTEMPATH\View\View.php(240): include('C:\\xampp\\htdocs\\eso8manager_v0.0.1\\app\\Views\\admin\\reviews\\player.php')
 4 SYSTEMPATH\View\View.php(243): CodeIgniter\View\View->CodeIgniter\View\{closure}()
 5 SYSTEMPATH\Common.php(1254): CodeIgniter\View\View->render('admin/reviews/player', [], true)
 6 APPPATH\Controllers\Admin\Reviews.php(88): view('admin/reviews/player', [...])
 7 SYSTEMPATH\CodeIgniter.php(974): App\Controllers\Admin\Reviews->player('1')
 8 SYSTEMPATH\CodeIgniter.php(520): CodeIgniter\CodeIgniter->runController(Object(App\Controllers\Admin\Reviews))
 9 SYSTEMPATH\CodeIgniter.php(363): CodeIgniter\CodeIgniter->handleRequest(null, Object(Config\Cache), false)
10 SYSTEMPATH\Boot.php(417): CodeIgniter\CodeIgniter->run()
11 SYSTEMPATH\Boot.php(68): CodeIgniter\Boot::runCodeIgniter(Object(CodeIgniter\CodeIgniter))
12 FCPATH\index.php(59): CodeIgniter\Boot::bootWeb(Object(Config\Paths))
DEBUG - 2026-08-02 14:15:46 --> Session: Class initialized using 'CodeIgniter\Session\Handlers\FileHandler' driver.
INFO - 2026-08-02 14:15:58 --> CSRF token verified.
DEBUG - 2026-08-02 14:15:58 --> Session: Class initialized using 'CodeIgniter\Session\Handlers\FileHandler' driver.
DEBUG - 2026-08-02 14:15:58 --> Session: Class initialized using 'CodeIgniter\Session\Handlers\FileHandler' driver.
WARNING - 2026-08-02 14:15:58 --> [DEPRECATED] Implicit conversion from float 1.56394 to int loses precision in APPPATH\Views\admin\reviews\player.php on line 339.
 1 APPPATH\Views\admin\reviews\player.php(339): gmdate('i:s', 1.56394)
 2 APPPATH\Views\admin\reviews\player.php(380): renderCommentBox(Object(stdClass))
 3 SYSTEMPATH\View\View.php(240): include('C:\\xampp\\htdocs\\eso8manager_v0.0.1\\app\\Views\\admin\\reviews\\player.php')
 4 SYSTEMPATH\View\View.php(243): CodeIgniter\View\View->CodeIgniter\View\{closure}()
 5 SYSTEMPATH\Common.php(1254): CodeIgniter\View\View->render('admin/reviews/player', [], true)
 6 APPPATH\Controllers\Admin\Reviews.php(88): view('admin/reviews/player', [...])
 7 SYSTEMPATH\CodeIgniter.php(974): App\Controllers\Admin\Reviews->player('1')
 8 SYSTEMPATH\CodeIgniter.php(520): CodeIgniter\CodeIgniter->runController(Object(App\Controllers\Admin\Reviews))
 9 SYSTEMPATH\CodeIgniter.php(363): CodeIgniter\CodeIgniter->handleRequest(null, Object(Config\Cache), false)
10 SYSTEMPATH\Boot.php(417): CodeIgniter\CodeIgniter->run()
11 SYSTEMPATH\Boot.php(68): CodeIgniter\Boot::runCodeIgniter(Object(CodeIgniter\CodeIgniter))
12 FCPATH\index.php(59): CodeIgniter\Boot::bootWeb(Object(Config\Paths))
WARNING - 2026-08-02 14:15:58 --> [DEPRECATED] Implicit conversion from float 2.902601 to int loses precision in APPPATH\Views\admin\reviews\player.php on line 339.
 1 APPPATH\Views\admin\reviews\player.php(339): gmdate('i:s', 2.902601)
 2 APPPATH\Views\admin\reviews\player.php(380): renderCommentBox(Object(stdClass))
 3 SYSTEMPATH\View\View.php(240): include('C:\\xampp\\htdocs\\eso8manager_v0.0.1\\app\\Views\\admin\\reviews\\player.php')
 4 SYSTEMPATH\View\View.php(243): CodeIgniter\View\View->CodeIgniter\View\{closure}()
 5 SYSTEMPATH\Common.php(1254): CodeIgniter\View\View->render('admin/reviews/player', [], true)
 6 APPPATH\Controllers\Admin\Reviews.php(88): view('admin/reviews/player', [...])
 7 SYSTEMPATH\CodeIgniter.php(974): App\Controllers\Admin\Reviews->player('1')
 8 SYSTEMPATH\CodeIgniter.php(520): CodeIgniter\CodeIgniter->runController(Object(App\Controllers\Admin\Reviews))
 9 SYSTEMPATH\CodeIgniter.php(363): CodeIgniter\CodeIgniter->handleRequest(null, Object(Config\Cache), false)
10 SYSTEMPATH\Boot.php(417): CodeIgniter\CodeIgniter->run()
11 SYSTEMPATH\Boot.php(68): CodeIgniter\Boot::runCodeIgniter(Object(CodeIgniter\CodeIgniter))
12 FCPATH\index.php(59): CodeIgniter\Boot::bootWeb(Object(Config\Paths))
WARNING - 2026-08-02 14:15:58 --> [DEPRECATED] Implicit conversion from float 2.902601 to int loses precision in APPPATH\Views\admin\reviews\player.php on line 339.
 1 APPPATH\Views\admin\reviews\player.php(339): gmdate('i:s', 2.902601)
 2 APPPATH\Views\admin\reviews\player.php(385): renderCommentBox(Object(stdClass), true)
 3 SYSTEMPATH\View\View.php(240): include('C:\\xampp\\htdocs\\eso8manager_v0.0.1\\app\\Views\\admin\\reviews\\player.php')
 4 SYSTEMPATH\View\View.php(243): CodeIgniter\View\View->CodeIgniter\View\{closure}()
 5 SYSTEMPATH\Common.php(1254): CodeIgniter\View\View->render('admin/reviews/player', [], true)
 6 APPPATH\Controllers\Admin\Reviews.php(88): view('admin/reviews/player', [...])
 7 SYSTEMPATH\CodeIgniter.php(974): App\Controllers\Admin\Reviews->player('1')
 8 SYSTEMPATH\CodeIgniter.php(520): CodeIgniter\CodeIgniter->runController(Object(App\Controllers\Admin\Reviews))
 9 SYSTEMPATH\CodeIgniter.php(363): CodeIgniter\CodeIgniter->handleRequest(null, Object(Config\Cache), false)
10 SYSTEMPATH\Boot.php(417): CodeIgniter\CodeIgniter->run()
11 SYSTEMPATH\Boot.php(68): CodeIgniter\Boot::runCodeIgniter(Object(CodeIgniter\CodeIgniter))
12 FCPATH\index.php(59): CodeIgniter\Boot::bootWeb(Object(Config\Paths))
WARNING - 2026-08-02 14:15:58 --> [DEPRECATED] Implicit conversion from float 5.55174 to int loses precision in APPPATH\Views\admin\reviews\player.php on line 339.
 1 APPPATH\Views\admin\reviews\player.php(339): gmdate('i:s', 5.55174)
 2 APPPATH\Views\admin\reviews\player.php(380): renderCommentBox(Object(stdClass))
 3 SYSTEMPATH\View\View.php(240): include('C:\\xampp\\htdocs\\eso8manager_v0.0.1\\app\\Views\\admin\\reviews\\player.php')
 4 SYSTEMPATH\View\View.php(243): CodeIgniter\View\View->CodeIgniter\View\{closure}()
 5 SYSTEMPATH\Common.php(1254): CodeIgniter\View\View->render('admin/reviews/player', [], true)
 6 APPPATH\Controllers\Admin\Reviews.php(88): view('admin/reviews/player', [...])
 7 SYSTEMPATH\CodeIgniter.php(974): App\Controllers\Admin\Reviews->player('1')
 8 SYSTEMPATH\CodeIgniter.php(520): CodeIgniter\CodeIgniter->runController(Object(App\Controllers\Admin\Reviews))
 9 SYSTEMPATH\CodeIgniter.php(363): CodeIgniter\CodeIgniter->handleRequest(null, Object(Config\Cache), false)
10 SYSTEMPATH\Boot.php(417): CodeIgniter\CodeIgniter->run()
11 SYSTEMPATH\Boot.php(68): CodeIgniter\Boot::runCodeIgniter(Object(CodeIgniter\CodeIgniter))
12 FCPATH\index.php(59): CodeIgniter\Boot::bootWeb(Object(Config\Paths))
DEBUG - 2026-08-02 14:15:58 --> Session: Class initialized using 'CodeIgniter\Session\Handlers\FileHandler' driver.
DEBUG - 2026-08-02 14:16:14 --> Session: Class initialized using 'CodeIgniter\Session\Handlers\FileHandler' driver.
WARNING - 2026-08-02 14:16:14 --> [DEPRECATED] Implicit conversion from float 1.56394 to int loses precision in APPPATH\Views\admin\reviews\player.php on line 339.
 1 APPPATH\Views\admin\reviews\player.php(339): gmdate('i:s', 1.56394)
 2 APPPATH\Views\admin\reviews\player.php(380): renderCommentBox(Object(stdClass))
 3 SYSTEMPATH\View\View.php(240): include('C:\\xampp\\htdocs\\eso8manager_v0.0.1\\app\\Views\\admin\\reviews\\player.php')
 4 SYSTEMPATH\View\View.php(243): CodeIgniter\View\View->CodeIgniter\View\{closure}()
 5 SYSTEMPATH\Common.php(1254): CodeIgniter\View\View->render('admin/reviews/player', [], true)
 6 APPPATH\Controllers\Admin\Reviews.php(88): view('admin/reviews/player', [...])
 7 SYSTEMPATH\CodeIgniter.php(974): App\Controllers\Admin\Reviews->player('1')
 8 SYSTEMPATH\CodeIgniter.php(520): CodeIgniter\CodeIgniter->runController(Object(App\Controllers\Admin\Reviews))
 9 SYSTEMPATH\CodeIgniter.php(363): CodeIgniter\CodeIgniter->handleRequest(null, Object(Config\Cache), false)
10 SYSTEMPATH\Boot.php(417): CodeIgniter\CodeIgniter->run()
11 SYSTEMPATH\Boot.php(68): CodeIgniter\Boot::runCodeIgniter(Object(CodeIgniter\CodeIgniter))
12 FCPATH\index.php(59): CodeIgniter\Boot::bootWeb(Object(Config\Paths))
WARNING - 2026-08-02 14:16:14 --> [DEPRECATED] Implicit conversion from float 2.902601 to int loses precision in APPPATH\Views\admin\reviews\player.php on line 339.
 1 APPPATH\Views\admin\reviews\player.php(339): gmdate('i:s', 2.902601)
 2 APPPATH\Views\admin\reviews\player.php(380): renderCommentBox(Object(stdClass))
 3 SYSTEMPATH\View\View.php(240): include('C:\\xampp\\htdocs\\eso8manager_v0.0.1\\app\\Views\\admin\\reviews\\player.php')
 4 SYSTEMPATH\View\View.php(243): CodeIgniter\View\View->CodeIgniter\View\{closure}()
 5 SYSTEMPATH\Common.php(1254): CodeIgniter\View\View->render('admin/reviews/player', [], true)
 6 APPPATH\Controllers\Admin\Reviews.php(88): view('admin/reviews/player', [...])
 7 SYSTEMPATH\CodeIgniter.php(974): App\Controllers\Admin\Reviews->player('1')
 8 SYSTEMPATH\CodeIgniter.php(520): CodeIgniter\CodeIgniter->runController(Object(App\Controllers\Admin\Reviews))
 9 SYSTEMPATH\CodeIgniter.php(363): CodeIgniter\CodeIgniter->handleRequest(null, Object(Config\Cache), false)
10 SYSTEMPATH\Boot.php(417): CodeIgniter\CodeIgniter->run()
11 SYSTEMPATH\Boot.php(68): CodeIgniter\Boot::runCodeIgniter(Object(CodeIgniter\CodeIgniter))
12 FCPATH\index.php(59): CodeIgniter\Boot::bootWeb(Object(Config\Paths))
WARNING - 2026-08-02 14:16:14 --> [DEPRECATED] Implicit conversion from float 2.902601 to int loses precision in APPPATH\Views\admin\reviews\player.php on line 339.
 1 APPPATH\Views\admin\reviews\player.php(339): gmdate('i:s', 2.902601)
 2 APPPATH\Views\admin\reviews\player.php(385): renderCommentBox(Object(stdClass), true)
 3 SYSTEMPATH\View\View.php(240): include('C:\\xampp\\htdocs\\eso8manager_v0.0.1\\app\\Views\\admin\\reviews\\player.php')
 4 SYSTEMPATH\View\View.php(243): CodeIgniter\View\View->CodeIgniter\View\{closure}()
 5 SYSTEMPATH\Common.php(1254): CodeIgniter\View\View->render('admin/reviews/player', [], true)
 6 APPPATH\Controllers\Admin\Reviews.php(88): view('admin/reviews/player', [...])
 7 SYSTEMPATH\CodeIgniter.php(974): App\Controllers\Admin\Reviews->player('1')
 8 SYSTEMPATH\CodeIgniter.php(520): CodeIgniter\CodeIgniter->runController(Object(App\Controllers\Admin\Reviews))
 9 SYSTEMPATH\CodeIgniter.php(363): CodeIgniter\CodeIgniter->handleRequest(null, Object(Config\Cache), false)
10 SYSTEMPATH\Boot.php(417): CodeIgniter\CodeIgniter->run()
11 SYSTEMPATH\Boot.php(68): CodeIgniter\Boot::runCodeIgniter(Object(CodeIgniter\CodeIgniter))
12 FCPATH\index.php(59): CodeIgniter\Boot::bootWeb(Object(Config\Paths))
WARNING - 2026-08-02 14:16:14 --> [DEPRECATED] Implicit conversion from float 5.55174 to int loses precision in APPPATH\Views\admin\reviews\player.php on line 339.
 1 APPPATH\Views\admin\reviews\player.php(339): gmdate('i:s', 5.55174)
 2 APPPATH\Views\admin\reviews\player.php(380): renderCommentBox(Object(stdClass))
 3 SYSTEMPATH\View\View.php(240): include('C:\\xampp\\htdocs\\eso8manager_v0.0.1\\app\\Views\\admin\\reviews\\player.php')
 4 SYSTEMPATH\View\View.php(243): CodeIgniter\View\View->CodeIgniter\View\{closure}()
 5 SYSTEMPATH\Common.php(1254): CodeIgniter\View\View->render('admin/reviews/player', [], true)
 6 APPPATH\Controllers\Admin\Reviews.php(88): view('admin/reviews/player', [...])
 7 SYSTEMPATH\CodeIgniter.php(974): App\Controllers\Admin\Reviews->player('1')
 8 SYSTEMPATH\CodeIgniter.php(520): CodeIgniter\CodeIgniter->runController(Object(App\Controllers\Admin\Reviews))
 9 SYSTEMPATH\CodeIgniter.php(363): CodeIgniter\CodeIgniter->handleRequest(null, Object(Config\Cache), false)
10 SYSTEMPATH\Boot.php(417): CodeIgniter\CodeIgniter->run()
11 SYSTEMPATH\Boot.php(68): CodeIgniter\Boot::runCodeIgniter(Object(CodeIgniter\CodeIgniter))
12 FCPATH\index.php(59): CodeIgniter\Boot::bootWeb(Object(Config\Paths))
DEBUG - 2026-08-02 14:16:14 --> Session: Class initialized using 'CodeIgniter\Session\Handlers\FileHandler' driver.
DEBUG - 2026-08-02 14:16:16 --> Session: Class initialized using 'CodeIgniter\Session\Handlers\FileHandler' driver.
DEBUG - 2026-08-02 14:16:26 --> Session: Class initialized using 'CodeIgniter\Session\Handlers\FileHandler' driver.
DEBUG - 2026-08-02 14:16:41 --> Session: Class initialized using 'CodeIgniter\Session\Handlers\FileHandler' driver.
INFO - 2026-08-02 14:17:20 --> CSRF token verified.
DEBUG - 2026-08-02 14:17:20 --> Session: Class initialized using 'CodeIgniter\Session\Handlers\FileHandler' driver.
DEBUG - 2026-08-02 14:17:20 --> Session: Class initialized using 'CodeIgniter\Session\Handlers\FileHandler' driver.
WARNING - 2026-08-02 14:17:20 --> [DEPRECATED] Implicit conversion from float 1.56394 to int loses precision in APPPATH\Views\admin\reviews\player.php on line 339.
 1 APPPATH\Views\admin\reviews\player.php(339): gmdate('i:s', 1.56394)
 2 APPPATH\Views\admin\reviews\player.php(380): renderCommentBox(Object(stdClass))
 3 SYSTEMPATH\View\View.php(240): include('C:\\xampp\\htdocs\\eso8manager_v0.0.1\\app\\Views\\admin\\reviews\\player.php')
 4 SYSTEMPATH\View\View.php(243): CodeIgniter\View\View->CodeIgniter\View\{closure}()
 5 SYSTEMPATH\Common.php(1254): CodeIgniter\View\View->render('admin/reviews/player', [], true)
 6 APPPATH\Controllers\Admin\Reviews.php(88): view('admin/reviews/player', [...])
 7 SYSTEMPATH\CodeIgniter.php(974): App\Controllers\Admin\Reviews->player('1')
 8 SYSTEMPATH\CodeIgniter.php(520): CodeIgniter\CodeIgniter->runController(Object(App\Controllers\Admin\Reviews))
 9 SYSTEMPATH\CodeIgniter.php(363): CodeIgniter\CodeIgniter->handleRequest(null, Object(Config\Cache), false)
10 SYSTEMPATH\Boot.php(417): CodeIgniter\CodeIgniter->run()
11 SYSTEMPATH\Boot.php(68): CodeIgniter\Boot::runCodeIgniter(Object(CodeIgniter\CodeIgniter))
12 FCPATH\index.php(59): CodeIgniter\Boot::bootWeb(Object(Config\Paths))
WARNING - 2026-08-02 14:17:20 --> [DEPRECATED] Implicit conversion from float 2.902601 to int loses precision in APPPATH\Views\admin\reviews\player.php on line 339.
 1 APPPATH\Views\admin\reviews\player.php(339): gmdate('i:s', 2.902601)
 2 APPPATH\Views\admin\reviews\player.php(380): renderCommentBox(Object(stdClass))
 3 SYSTEMPATH\View\View.php(240): include('C:\\xampp\\htdocs\\eso8manager_v0.0.1\\app\\Views\\admin\\reviews\\player.php')
 4 SYSTEMPATH\View\View.php(243): CodeIgniter\View\View->CodeIgniter\View\{closure}()
 5 SYSTEMPATH\Common.php(1254): CodeIgniter\View\View->render('admin/reviews/player', [], true)
 6 APPPATH\Controllers\Admin\Reviews.php(88): view('admin/reviews/player', [...])
 7 SYSTEMPATH\CodeIgniter.php(974): App\Controllers\Admin\Reviews->player('1')
 8 SYSTEMPATH\CodeIgniter.php(520): CodeIgniter\CodeIgniter->runController(Object(App\Controllers\Admin\Reviews))
 9 SYSTEMPATH\CodeIgniter.php(363): CodeIgniter\CodeIgniter->handleRequest(null, Object(Config\Cache), false)
10 SYSTEMPATH\Boot.php(417): CodeIgniter\CodeIgniter->run()
11 SYSTEMPATH\Boot.php(68): CodeIgniter\Boot::runCodeIgniter(Object(CodeIgniter\CodeIgniter))
12 FCPATH\index.php(59): CodeIgniter\Boot::bootWeb(Object(Config\Paths))
WARNING - 2026-08-02 14:17:20 --> [DEPRECATED] Implicit conversion from float 2.902601 to int loses precision in APPPATH\Views\admin\reviews\player.php on line 339.
 1 APPPATH\Views\admin\reviews\player.php(339): gmdate('i:s', 2.902601)
 2 APPPATH\Views\admin\reviews\player.php(385): renderCommentBox(Object(stdClass), true)
 3 SYSTEMPATH\View\View.php(240): include('C:\\xampp\\htdocs\\eso8manager_v0.0.1\\app\\Views\\admin\\reviews\\player.php')
 4 SYSTEMPATH\View\View.php(243): CodeIgniter\View\View->CodeIgniter\View\{closure}()
 5 SYSTEMPATH\Common.php(1254): CodeIgniter\View\View->render('admin/reviews/player', [], true)
 6 APPPATH\Controllers\Admin\Reviews.php(88): view('admin/reviews/player', [...])
 7 SYSTEMPATH\CodeIgniter.php(974): App\Controllers\Admin\Reviews->player('1')
 8 SYSTEMPATH\CodeIgniter.php(520): CodeIgniter\CodeIgniter->runController(Object(App\Controllers\Admin\Reviews))
 9 SYSTEMPATH\CodeIgniter.php(363): CodeIgniter\CodeIgniter->handleRequest(null, Object(Config\Cache), false)
10 SYSTEMPATH\Boot.php(417): CodeIgniter\CodeIgniter->run()
11 SYSTEMPATH\Boot.php(68): CodeIgniter\Boot::runCodeIgniter(Object(CodeIgniter\CodeIgniter))
12 FCPATH\index.php(59): CodeIgniter\Boot::bootWeb(Object(Config\Paths))
WARNING - 2026-08-02 14:17:20 --> [DEPRECATED] Implicit conversion from float 5.55174 to int loses precision in APPPATH\Views\admin\reviews\player.php on line 339.
 1 APPPATH\Views\admin\reviews\player.php(339): gmdate('i:s', 5.55174)
 2 APPPATH\Views\admin\reviews\player.php(380): renderCommentBox(Object(stdClass))
 3 SYSTEMPATH\View\View.php(240): include('C:\\xampp\\htdocs\\eso8manager_v0.0.1\\app\\Views\\admin\\reviews\\player.php')
 4 SYSTEMPATH\View\View.php(243): CodeIgniter\View\View->CodeIgniter\View\{closure}()
 5 SYSTEMPATH\Common.php(1254): CodeIgniter\View\View->render('admin/reviews/player', [], true)
 6 APPPATH\Controllers\Admin\Reviews.php(88): view('admin/reviews/player', [...])
 7 SYSTEMPATH\CodeIgniter.php(974): App\Controllers\Admin\Reviews->player('1')
 8 SYSTEMPATH\CodeIgniter.php(520): CodeIgniter\CodeIgniter->runController(Object(App\Controllers\Admin\Reviews))
 9 SYSTEMPATH\CodeIgniter.php(363): CodeIgniter\CodeIgniter->handleRequest(null, Object(Config\Cache), false)
10 SYSTEMPATH\Boot.php(417): CodeIgniter\CodeIgniter->run()
11 SYSTEMPATH\Boot.php(68): CodeIgniter\Boot::runCodeIgniter(Object(CodeIgniter\CodeIgniter))
12 FCPATH\index.php(59): CodeIgniter\Boot::bootWeb(Object(Config\Paths))
DEBUG - 2026-08-02 14:17:20 --> Session: Class initialized using 'CodeIgniter\Session\Handlers\FileHandler' driver.
DEBUG - 2026-08-02 14:17:23 --> Session: Class initialized using 'CodeIgniter\Session\Handlers\FileHandler' driver.
DEBUG - 2026-08-02 14:17:23 --> Session: Class initialized using 'CodeIgniter\Session\Handlers\FileHandler' driver.
DEBUG - 2026-08-02 14:17:23 --> Session: Class initialized using 'CodeIgniter\Session\Handlers\FileHandler' driver.
DEBUG - 2026-08-02 14:17:34 --> Session: Class initialized using 'CodeIgniter\Session\Handlers\FileHandler' driver.
DEBUG - 2026-08-02 14:17:34 --> Session: Class initialized using 'CodeIgniter\Session\Handlers\FileHandler' driver.
DEBUG - 2026-08-02 14:17:34 --> Session: Class initialized using 'CodeIgniter\Session\Handlers\FileHandler' driver.
DEBUG - 2026-08-02 14:17:35 --> Session: Class initialized using 'CodeIgniter\Session\Handlers\FileHandler' driver.
DEBUG - 2026-08-02 14:17:36 --> Session: Class initialized using 'CodeIgniter\Session\Handlers\FileHandler' driver.
DEBUG - 2026-08-02 14:17:38 --> Session: Class initialized using 'CodeIgniter\Session\Handlers\FileHandler' driver.
DEBUG - 2026-08-02 14:17:43 --> Session: Class initialized using 'CodeIgniter\Session\Handlers\FileHandler' driver.
DEBUG - 2026-08-02 14:17:48 --> Session: Class initialized using 'CodeIgniter\Session\Handlers\FileHandler' driver.
DEBUG - 2026-08-02 14:17:51 --> Session: Class initialized using 'CodeIgniter\Session\Handlers\FileHandler' driver.
DEBUG - 2026-08-02 14:17:51 --> Session: Class initialized using 'CodeIgniter\Session\Handlers\FileHandler' driver.
INFO - 2026-08-02 14:18:26 --> CSRF token verified.
DEBUG - 2026-08-02 14:18:26 --> Session: Class initialized using 'CodeIgniter\Session\Handlers\FileHandler' driver.
DEBUG - 2026-08-02 14:18:26 --> Session: Class initialized using 'CodeIgniter\Session\Handlers\FileHandler' driver.
WARNING - 2026-08-02 14:18:26 --> [DEPRECATED] Implicit conversion from float 1.56394 to int loses precision in APPPATH\Views\admin\reviews\player.php on line 339.
 1 APPPATH\Views\admin\reviews\player.php(339): gmdate('i:s', 1.56394)
 2 APPPATH\Views\admin\reviews\player.php(380): renderCommentBox(Object(stdClass))
 3 SYSTEMPATH\View\View.php(240): include('C:\\xampp\\htdocs\\eso8manager_v0.0.1\\app\\Views\\admin\\reviews\\player.php')
 4 SYSTEMPATH\View\View.php(243): CodeIgniter\View\View->CodeIgniter\View\{closure}()
 5 SYSTEMPATH\Common.php(1254): CodeIgniter\View\View->render('admin/reviews/player', [], true)
 6 APPPATH\Controllers\Admin\Reviews.php(88): view('admin/reviews/player', [...])
 7 SYSTEMPATH\CodeIgniter.php(974): App\Controllers\Admin\Reviews->player('1')
 8 SYSTEMPATH\CodeIgniter.php(520): CodeIgniter\CodeIgniter->runController(Object(App\Controllers\Admin\Reviews))
 9 SYSTEMPATH\CodeIgniter.php(363): CodeIgniter\CodeIgniter->handleRequest(null, Object(Config\Cache), false)
10 SYSTEMPATH\Boot.php(417): CodeIgniter\CodeIgniter->run()
11 SYSTEMPATH\Boot.php(68): CodeIgniter\Boot::runCodeIgniter(Object(CodeIgniter\CodeIgniter))
12 FCPATH\index.php(59): CodeIgniter\Boot::bootWeb(Object(Config\Paths))
WARNING - 2026-08-02 14:18:26 --> [DEPRECATED] Implicit conversion from float 2.902601 to int loses precision in APPPATH\Views\admin\reviews\player.php on line 339.
 1 APPPATH\Views\admin\reviews\player.php(339): gmdate('i:s', 2.902601)
 2 APPPATH\Views\admin\reviews\player.php(380): renderCommentBox(Object(stdClass))
 3 SYSTEMPATH\View\View.php(240): include('C:\\xampp\\htdocs\\eso8manager_v0.0.1\\app\\Views\\admin\\reviews\\player.php')
 4 SYSTEMPATH\View\View.php(243): CodeIgniter\View\View->CodeIgniter\View\{closure}()
 5 SYSTEMPATH\Common.php(1254): CodeIgniter\View\View->render('admin/reviews/player', [], true)
 6 APPPATH\Controllers\Admin\Reviews.php(88): view('admin/reviews/player', [...])
 7 SYSTEMPATH\CodeIgniter.php(974): App\Controllers\Admin\Reviews->player('1')
 8 SYSTEMPATH\CodeIgniter.php(520): CodeIgniter\CodeIgniter->runController(Object(App\Controllers\Admin\Reviews))
 9 SYSTEMPATH\CodeIgniter.php(363): CodeIgniter\CodeIgniter->handleRequest(null, Object(Config\Cache), false)
10 SYSTEMPATH\Boot.php(417): CodeIgniter\CodeIgniter->run()
11 SYSTEMPATH\Boot.php(68): CodeIgniter\Boot::runCodeIgniter(Object(CodeIgniter\CodeIgniter))
12 FCPATH\index.php(59): CodeIgniter\Boot::bootWeb(Object(Config\Paths))
WARNING - 2026-08-02 14:18:26 --> [DEPRECATED] Implicit conversion from float 2.902601 to int loses precision in APPPATH\Views\admin\reviews\player.php on line 339.
 1 APPPATH\Views\admin\reviews\player.php(339): gmdate('i:s', 2.902601)
 2 APPPATH\Views\admin\reviews\player.php(385): renderCommentBox(Object(stdClass), true)
 3 SYSTEMPATH\View\View.php(240): include('C:\\xampp\\htdocs\\eso8manager_v0.0.1\\app\\Views\\admin\\reviews\\player.php')
 4 SYSTEMPATH\View\View.php(243): CodeIgniter\View\View->CodeIgniter\View\{closure}()
 5 SYSTEMPATH\Common.php(1254): CodeIgniter\View\View->render('admin/reviews/player', [], true)
 6 APPPATH\Controllers\Admin\Reviews.php(88): view('admin/reviews/player', [...])
 7 SYSTEMPATH\CodeIgniter.php(974): App\Controllers\Admin\Reviews->player('1')
 8 SYSTEMPATH\CodeIgniter.php(520): CodeIgniter\CodeIgniter->runController(Object(App\Controllers\Admin\Reviews))
 9 SYSTEMPATH\CodeIgniter.php(363): CodeIgniter\CodeIgniter->handleRequest(null, Object(Config\Cache), false)
10 SYSTEMPATH\Boot.php(417): CodeIgniter\CodeIgniter->run()
11 SYSTEMPATH\Boot.php(68): CodeIgniter\Boot::runCodeIgniter(Object(CodeIgniter\CodeIgniter))
12 FCPATH\index.php(59): CodeIgniter\Boot::bootWeb(Object(Config\Paths))
WARNING - 2026-08-02 14:18:26 --> [DEPRECATED] Implicit conversion from float 5.55174 to int loses precision in APPPATH\Views\admin\reviews\player.php on line 339.
 1 APPPATH\Views\admin\reviews\player.php(339): gmdate('i:s', 5.55174)
 2 APPPATH\Views\admin\reviews\player.php(380): renderCommentBox(Object(stdClass))
 3 SYSTEMPATH\View\View.php(240): include('C:\\xampp\\htdocs\\eso8manager_v0.0.1\\app\\Views\\admin\\reviews\\player.php')
 4 SYSTEMPATH\View\View.php(243): CodeIgniter\View\View->CodeIgniter\View\{closure}()
 5 SYSTEMPATH\Common.php(1254): CodeIgniter\View\View->render('admin/reviews/player', [], true)
 6 APPPATH\Controllers\Admin\Reviews.php(88): view('admin/reviews/player', [...])
 7 SYSTEMPATH\CodeIgniter.php(974): App\Controllers\Admin\Reviews->player('1')
 8 SYSTEMPATH\CodeIgniter.php(520): CodeIgniter\CodeIgniter->runController(Object(App\Controllers\Admin\Reviews))
 9 SYSTEMPATH\CodeIgniter.php(363): CodeIgniter\CodeIgniter->handleRequest(null, Object(Config\Cache), false)
10 SYSTEMPATH\Boot.php(417): CodeIgniter\CodeIgniter->run()
11 SYSTEMPATH\Boot.php(68): CodeIgniter\Boot::runCodeIgniter(Object(CodeIgniter\CodeIgniter))
12 FCPATH\index.php(59): CodeIgniter\Boot::bootWeb(Object(Config\Paths))
DEBUG - 2026-08-02 14:18:27 --> Session: Class initialized using 'CodeIgniter\Session\Handlers\FileHandler' driver.
DEBUG - 2026-08-02 14:18:29 --> Session: Class initialized using 'CodeIgniter\Session\Handlers\FileHandler' driver.
DEBUG - 2026-08-02 14:18:35 --> Session: Class initialized using 'CodeIgniter\Session\Handlers\FileHandler' driver.
WARNING - 2026-08-02 14:18:35 --> [DEPRECATED] Implicit conversion from float 1.56394 to int loses precision in APPPATH\Views\admin\reviews\player.php on line 339.
 1 APPPATH\Views\admin\reviews\player.php(339): gmdate('i:s', 1.56394)
 2 APPPATH\Views\admin\reviews\player.php(380): renderCommentBox(Object(stdClass))
 3 SYSTEMPATH\View\View.php(240): include('C:\\xampp\\htdocs\\eso8manager_v0.0.1\\app\\Views\\admin\\reviews\\player.php')
 4 SYSTEMPATH\View\View.php(243): CodeIgniter\View\View->CodeIgniter\View\{closure}()
 5 SYSTEMPATH\Common.php(1254): CodeIgniter\View\View->render('admin/reviews/player', [], true)
 6 APPPATH\Controllers\Admin\Reviews.php(88): view('admin/reviews/player', [...])
 7 SYSTEMPATH\CodeIgniter.php(974): App\Controllers\Admin\Reviews->player('1')
 8 SYSTEMPATH\CodeIgniter.php(520): CodeIgniter\CodeIgniter->runController(Object(App\Controllers\Admin\Reviews))
 9 SYSTEMPATH\CodeIgniter.php(363): CodeIgniter\CodeIgniter->handleRequest(null, Object(Config\Cache), false)
10 SYSTEMPATH\Boot.php(417): CodeIgniter\CodeIgniter->run()
11 SYSTEMPATH\Boot.php(68): CodeIgniter\Boot::runCodeIgniter(Object(CodeIgniter\CodeIgniter))
12 FCPATH\index.php(59): CodeIgniter\Boot::bootWeb(Object(Config\Paths))
WARNING - 2026-08-02 14:18:35 --> [DEPRECATED] Implicit conversion from float 2.902601 to int loses precision in APPPATH\Views\admin\reviews\player.php on line 339.
 1 APPPATH\Views\admin\reviews\player.php(339): gmdate('i:s', 2.902601)
 2 APPPATH\Views\admin\reviews\player.php(380): renderCommentBox(Object(stdClass))
 3 SYSTEMPATH\View\View.php(240): include('C:\\xampp\\htdocs\\eso8manager_v0.0.1\\app\\Views\\admin\\reviews\\player.php')
 4 SYSTEMPATH\View\View.php(243): CodeIgniter\View\View->CodeIgniter\View\{closure}()
 5 SYSTEMPATH\Common.php(1254): CodeIgniter\View\View->render('admin/reviews/player', [], true)
 6 APPPATH\Controllers\Admin\Reviews.php(88): view('admin/reviews/player', [...])
 7 SYSTEMPATH\CodeIgniter.php(974): App\Controllers\Admin\Reviews->player('1')
 8 SYSTEMPATH\CodeIgniter.php(520): CodeIgniter\CodeIgniter->runController(Object(App\Controllers\Admin\Reviews))
 9 SYSTEMPATH\CodeIgniter.php(363): CodeIgniter\CodeIgniter->handleRequest(null, Object(Config\Cache), false)
10 SYSTEMPATH\Boot.php(417): CodeIgniter\CodeIgniter->run()
11 SYSTEMPATH\Boot.php(68): CodeIgniter\Boot::runCodeIgniter(Object(CodeIgniter\CodeIgniter))
12 FCPATH\index.php(59): CodeIgniter\Boot::bootWeb(Object(Config\Paths))
WARNING - 2026-08-02 14:18:35 --> [DEPRECATED] Implicit conversion from float 2.902601 to int loses precision in APPPATH\Views\admin\reviews\player.php on line 339.
 1 APPPATH\Views\admin\reviews\player.php(339): gmdate('i:s', 2.902601)
 2 APPPATH\Views\admin\reviews\player.php(385): renderCommentBox(Object(stdClass), true)
 3 SYSTEMPATH\View\View.php(240): include('C:\\xampp\\htdocs\\eso8manager_v0.0.1\\app\\Views\\admin\\reviews\\player.php')
 4 SYSTEMPATH\View\View.php(243): CodeIgniter\View\View->CodeIgniter\View\{closure}()
 5 SYSTEMPATH\Common.php(1254): CodeIgniter\View\View->render('admin/reviews/player', [], true)
 6 APPPATH\Controllers\Admin\Reviews.php(88): view('admin/reviews/player', [...])
 7 SYSTEMPATH\CodeIgniter.php(974): App\Controllers\Admin\Reviews->player('1')
 8 SYSTEMPATH\CodeIgniter.php(520): CodeIgniter\CodeIgniter->runController(Object(App\Controllers\Admin\Reviews))
 9 SYSTEMPATH\CodeIgniter.php(363): CodeIgniter\CodeIgniter->handleRequest(null, Object(Config\Cache), false)
10 SYSTEMPATH\Boot.php(417): CodeIgniter\CodeIgniter->run()
11 SYSTEMPATH\Boot.php(68): CodeIgniter\Boot::runCodeIgniter(Object(CodeIgniter\CodeIgniter))
12 FCPATH\index.php(59): CodeIgniter\Boot::bootWeb(Object(Config\Paths))
WARNING - 2026-08-02 14:18:35 --> [DEPRECATED] Implicit conversion from float 5.55174 to int loses precision in APPPATH\Views\admin\reviews\player.php on line 339.
 1 APPPATH\Views\admin\reviews\player.php(339): gmdate('i:s', 5.55174)
 2 APPPATH\Views\admin\reviews\player.php(380): renderCommentBox(Object(stdClass))
 3 SYSTEMPATH\View\View.php(240): include('C:\\xampp\\htdocs\\eso8manager_v0.0.1\\app\\Views\\admin\\reviews\\player.php')
 4 SYSTEMPATH\View\View.php(243): CodeIgniter\View\View->CodeIgniter\View\{closure}()
 5 SYSTEMPATH\Common.php(1254): CodeIgniter\View\View->render('admin/reviews/player', [], true)
 6 APPPATH\Controllers\Admin\Reviews.php(88): view('admin/reviews/player', [...])
 7 SYSTEMPATH\CodeIgniter.php(974): App\Controllers\Admin\Reviews->player('1')
 8 SYSTEMPATH\CodeIgniter.php(520): CodeIgniter\CodeIgniter->runController(Object(App\Controllers\Admin\Reviews))
 9 SYSTEMPATH\CodeIgniter.php(363): CodeIgniter\CodeIgniter->handleRequest(null, Object(Config\Cache), false)
10 SYSTEMPATH\Boot.php(417): CodeIgniter\CodeIgniter->run()
11 SYSTEMPATH\Boot.php(68): CodeIgniter\Boot::runCodeIgniter(Object(CodeIgniter\CodeIgniter))
12 FCPATH\index.php(59): CodeIgniter\Boot::bootWeb(Object(Config\Paths))
DEBUG - 2026-08-02 14:18:35 --> Session: Class initialized using 'CodeIgniter\Session\Handlers\FileHandler' driver.
DEBUG - 2026-08-02 14:22:21 --> Session: Class initialized using 'CodeIgniter\Session\Handlers\FileHandler' driver.
INFO - 2026-08-02 14:22:35 --> CSRF token verified.
DEBUG - 2026-08-02 14:22:35 --> Session: Class initialized using 'CodeIgniter\Session\Handlers\FileHandler' driver.
DEBUG - 2026-08-02 14:22:36 --> Session: Class initialized using 'CodeIgniter\Session\Handlers\FileHandler' driver.
INFO - 2026-08-02 14:22:49 --> CSRF token verified.
DEBUG - 2026-08-02 14:22:49 --> Session: Class initialized using 'CodeIgniter\Session\Handlers\FileHandler' driver.
DEBUG - 2026-08-02 14:22:49 --> Session: Class initialized using 'CodeIgniter\Session\Handlers\FileHandler' driver.
DEBUG - 2026-08-02 14:23:44 --> Session: Class initialized using 'CodeIgniter\Session\Handlers\FileHandler' driver.
WARNING - 2026-08-02 14:23:44 --> [DEPRECATED] Implicit conversion from float 1.56394 to int loses precision in APPPATH\Views\admin\reviews\player.php on line 348.
 1 APPPATH\Views\admin\reviews\player.php(348): gmdate('i:s', 1.56394)
 2 APPPATH\Views\admin\reviews\player.php(389): renderCommentBox(Object(stdClass))
 3 SYSTEMPATH\View\View.php(240): include('C:\\xampp\\htdocs\\eso8manager_v0.0.1\\app\\Views\\admin\\reviews\\player.php')
 4 SYSTEMPATH\View\View.php(243): CodeIgniter\View\View->CodeIgniter\View\{closure}()
 5 SYSTEMPATH\Common.php(1254): CodeIgniter\View\View->render('admin/reviews/player', [], true)
 6 APPPATH\Controllers\Admin\Reviews.php(88): view('admin/reviews/player', [...])
 7 SYSTEMPATH\CodeIgniter.php(974): App\Controllers\Admin\Reviews->player('1')
 8 SYSTEMPATH\CodeIgniter.php(520): CodeIgniter\CodeIgniter->runController(Object(App\Controllers\Admin\Reviews))
 9 SYSTEMPATH\CodeIgniter.php(363): CodeIgniter\CodeIgniter->handleRequest(null, Object(Config\Cache), false)
10 SYSTEMPATH\Boot.php(417): CodeIgniter\CodeIgniter->run()
11 SYSTEMPATH\Boot.php(68): CodeIgniter\Boot::runCodeIgniter(Object(CodeIgniter\CodeIgniter))
12 FCPATH\index.php(59): CodeIgniter\Boot::bootWeb(Object(Config\Paths))
WARNING - 2026-08-02 14:23:44 --> [DEPRECATED] Implicit conversion from float 2.902601 to int loses precision in APPPATH\Views\admin\reviews\player.php on line 348.
 1 APPPATH\Views\admin\reviews\player.php(348): gmdate('i:s', 2.902601)
 2 APPPATH\Views\admin\reviews\player.php(389): renderCommentBox(Object(stdClass))
 3 SYSTEMPATH\View\View.php(240): include('C:\\xampp\\htdocs\\eso8manager_v0.0.1\\app\\Views\\admin\\reviews\\player.php')
 4 SYSTEMPATH\View\View.php(243): CodeIgniter\View\View->CodeIgniter\View\{closure}()
 5 SYSTEMPATH\Common.php(1254): CodeIgniter\View\View->render('admin/reviews/player', [], true)
 6 APPPATH\Controllers\Admin\Reviews.php(88): view('admin/reviews/player', [...])
 7 SYSTEMPATH\CodeIgniter.php(974): App\Controllers\Admin\Reviews->player('1')
 8 SYSTEMPATH\CodeIgniter.php(520): CodeIgniter\CodeIgniter->runController(Object(App\Controllers\Admin\Reviews))
 9 SYSTEMPATH\CodeIgniter.php(363): CodeIgniter\CodeIgniter->handleRequest(null, Object(Config\Cache), false)
10 SYSTEMPATH\Boot.php(417): CodeIgniter\CodeIgniter->run()
11 SYSTEMPATH\Boot.php(68): CodeIgniter\Boot::runCodeIgniter(Object(CodeIgniter\CodeIgniter))
12 FCPATH\index.php(59): CodeIgniter\Boot::bootWeb(Object(Config\Paths))
WARNING - 2026-08-02 14:23:44 --> [DEPRECATED] Implicit conversion from float 2.902601 to int loses precision in APPPATH\Views\admin\reviews\player.php on line 348.
 1 APPPATH\Views\admin\reviews\player.php(348): gmdate('i:s', 2.902601)
 2 APPPATH\Views\admin\reviews\player.php(394): renderCommentBox(Object(stdClass), true)
 3 SYSTEMPATH\View\View.php(240): include('C:\\xampp\\htdocs\\eso8manager_v0.0.1\\app\\Views\\admin\\reviews\\player.php')
 4 SYSTEMPATH\View\View.php(243): CodeIgniter\View\View->CodeIgniter\View\{closure}()
 5 SYSTEMPATH\Common.php(1254): CodeIgniter\View\View->render('admin/reviews/player', [], true)
 6 APPPATH\Controllers\Admin\Reviews.php(88): view('admin/reviews/player', [...])
 7 SYSTEMPATH\CodeIgniter.php(974): App\Controllers\Admin\Reviews->player('1')
 8 SYSTEMPATH\CodeIgniter.php(520): CodeIgniter\CodeIgniter->runController(Object(App\Controllers\Admin\Reviews))
 9 SYSTEMPATH\CodeIgniter.php(363): CodeIgniter\CodeIgniter->handleRequest(null, Object(Config\Cache), false)
10 SYSTEMPATH\Boot.php(417): CodeIgniter\CodeIgniter->run()
11 SYSTEMPATH\Boot.php(68): CodeIgniter\Boot::runCodeIgniter(Object(CodeIgniter\CodeIgniter))
12 FCPATH\index.php(59): CodeIgniter\Boot::bootWeb(Object(Config\Paths))
WARNING - 2026-08-02 14:23:44 --> [DEPRECATED] Implicit conversion from float 5.55174 to int loses precision in APPPATH\Views\admin\reviews\player.php on line 348.
 1 APPPATH\Views\admin\reviews\player.php(348): gmdate('i:s', 5.55174)
 2 APPPATH\Views\admin\reviews\player.php(389): renderCommentBox(Object(stdClass))
 3 SYSTEMPATH\View\View.php(240): include('C:\\xampp\\htdocs\\eso8manager_v0.0.1\\app\\Views\\admin\\reviews\\player.php')
 4 SYSTEMPATH\View\View.php(243): CodeIgniter\View\View->CodeIgniter\View\{closure}()
 5 SYSTEMPATH\Common.php(1254): CodeIgniter\View\View->render('admin/reviews/player', [], true)
 6 APPPATH\Controllers\Admin\Reviews.php(88): view('admin/reviews/player', [...])
 7 SYSTEMPATH\CodeIgniter.php(974): App\Controllers\Admin\Reviews->player('1')
 8 SYSTEMPATH\CodeIgniter.php(520): CodeIgniter\CodeIgniter->runController(Object(App\Controllers\Admin\Reviews))
 9 SYSTEMPATH\CodeIgniter.php(363): CodeIgniter\CodeIgniter->handleRequest(null, Object(Config\Cache), false)
10 SYSTEMPATH\Boot.php(417): CodeIgniter\CodeIgniter->run()
11 SYSTEMPATH\Boot.php(68): CodeIgniter\Boot::runCodeIgniter(Object(CodeIgniter\CodeIgniter))
12 FCPATH\index.php(59): CodeIgniter\Boot::bootWeb(Object(Config\Paths))
DEBUG - 2026-08-02 14:23:44 --> Session: Class initialized using 'CodeIgniter\Session\Handlers\FileHandler' driver.
DEBUG - 2026-08-02 14:23:50 --> Session: Class initialized using 'CodeIgniter\Session\Handlers\FileHandler' driver.
DEBUG - 2026-08-02 14:23:55 --> Session: Class initialized using 'CodeIgniter\Session\Handlers\FileHandler' driver.
WARNING - 2026-08-02 14:23:55 --> [DEPRECATED] Implicit conversion from float 1.56394 to int loses precision in APPPATH\Views\user\tasks\submit_version.php on line 56.
 1 APPPATH\Views\user\tasks\submit_version.php(56): gmdate('i:s', 1.56394)
 2 SYSTEMPATH\View\View.php(240): include('C:\\xampp\\htdocs\\eso8manager_v0.0.1\\app\\Views\\user\\tasks\\submit_version.php')
 3 SYSTEMPATH\View\View.php(243): CodeIgniter\View\View->CodeIgniter\View\{closure}()
 4 SYSTEMPATH\Common.php(1254): CodeIgniter\View\View->render('user/tasks/submit_version', [], true)
 5 APPPATH\Controllers\User\Tasks.php(124): view('user/tasks/submit_version', [...])
 6 SYSTEMPATH\CodeIgniter.php(974): App\Controllers\User\Tasks->submitVersionForm('4')
 7 SYSTEMPATH\CodeIgniter.php(520): CodeIgniter\CodeIgniter->runController(Object(App\Controllers\User\Tasks))
 8 SYSTEMPATH\CodeIgniter.php(363): CodeIgniter\CodeIgniter->handleRequest(null, Object(Config\Cache), false)
 9 SYSTEMPATH\Boot.php(417): CodeIgniter\CodeIgniter->run()
10 SYSTEMPATH\Boot.php(68): CodeIgniter\Boot::runCodeIgniter(Object(CodeIgniter\CodeIgniter))
11 FCPATH\index.php(59): CodeIgniter\Boot::bootWeb(Object(Config\Paths))
WARNING - 2026-08-02 14:23:55 --> [DEPRECATED] Implicit conversion from float 5.55174 to int loses precision in APPPATH\Views\user\tasks\submit_version.php on line 56.
 1 APPPATH\Views\user\tasks\submit_version.php(56): gmdate('i:s', 5.55174)
 2 SYSTEMPATH\View\View.php(240): include('C:\\xampp\\htdocs\\eso8manager_v0.0.1\\app\\Views\\user\\tasks\\submit_version.php')
 3 SYSTEMPATH\View\View.php(243): CodeIgniter\View\View->CodeIgniter\View\{closure}()
 4 SYSTEMPATH\Common.php(1254): CodeIgniter\View\View->render('user/tasks/submit_version', [], true)
 5 APPPATH\Controllers\User\Tasks.php(124): view('user/tasks/submit_version', [...])
 6 SYSTEMPATH\CodeIgniter.php(974): App\Controllers\User\Tasks->submitVersionForm('4')
 7 SYSTEMPATH\CodeIgniter.php(520): CodeIgniter\CodeIgniter->runController(Object(App\Controllers\User\Tasks))
 8 SYSTEMPATH\CodeIgniter.php(363): CodeIgniter\CodeIgniter->handleRequest(null, Object(Config\Cache), false)
 9 SYSTEMPATH\Boot.php(417): CodeIgniter\CodeIgniter->run()
10 SYSTEMPATH\Boot.php(68): CodeIgniter\Boot::runCodeIgniter(Object(CodeIgniter\CodeIgniter))
11 FCPATH\index.php(59): CodeIgniter\Boot::bootWeb(Object(Config\Paths))
WARNING - 2026-08-02 14:23:55 --> [DEPRECATED] Implicit conversion from float 2.902601 to int loses precision in APPPATH\Views\user\tasks\submit_version.php on line 56.
 1 APPPATH\Views\user\tasks\submit_version.php(56): gmdate('i:s', 2.902601)
 2 SYSTEMPATH\View\View.php(240): include('C:\\xampp\\htdocs\\eso8manager_v0.0.1\\app\\Views\\user\\tasks\\submit_version.php')
 3 SYSTEMPATH\View\View.php(243): CodeIgniter\View\View->CodeIgniter\View\{closure}()
 4 SYSTEMPATH\Common.php(1254): CodeIgniter\View\View->render('user/tasks/submit_version', [], true)
 5 APPPATH\Controllers\User\Tasks.php(124): view('user/tasks/submit_version', [...])
 6 SYSTEMPATH\CodeIgniter.php(974): App\Controllers\User\Tasks->submitVersionForm('4')
 7 SYSTEMPATH\CodeIgniter.php(520): CodeIgniter\CodeIgniter->runController(Object(App\Controllers\User\Tasks))
 8 SYSTEMPATH\CodeIgniter.php(363): CodeIgniter\CodeIgniter->handleRequest(null, Object(Config\Cache), false)
 9 SYSTEMPATH\Boot.php(417): CodeIgniter\CodeIgniter->run()
10 SYSTEMPATH\Boot.php(68): CodeIgniter\Boot::runCodeIgniter(Object(CodeIgniter\CodeIgniter))
11 FCPATH\index.php(59): CodeIgniter\Boot::bootWeb(Object(Config\Paths))
WARNING - 2026-08-02 14:23:55 --> [DEPRECATED] Implicit conversion from float 2.902601 to int loses precision in APPPATH\Views\user\tasks\submit_version.php on line 56.
 1 APPPATH\Views\user\tasks\submit_version.php(56): gmdate('i:s', 2.902601)
 2 SYSTEMPATH\View\View.php(240): include('C:\\xampp\\htdocs\\eso8manager_v0.0.1\\app\\Views\\user\\tasks\\submit_version.php')
 3 SYSTEMPATH\View\View.php(243): CodeIgniter\View\View->CodeIgniter\View\{closure}()
 4 SYSTEMPATH\Common.php(1254): CodeIgniter\View\View->render('user/tasks/submit_version', [], true)
 5 APPPATH\Controllers\User\Tasks.php(124): view('user/tasks/submit_version', [...])
 6 SYSTEMPATH\CodeIgniter.php(974): App\Controllers\User\Tasks->submitVersionForm('4')
 7 SYSTEMPATH\CodeIgniter.php(520): CodeIgniter\CodeIgniter->runController(Object(App\Controllers\User\Tasks))
 8 SYSTEMPATH\CodeIgniter.php(363): CodeIgniter\CodeIgniter->handleRequest(null, Object(Config\Cache), false)
 9 SYSTEMPATH\Boot.php(417): CodeIgniter\CodeIgniter->run()
10 SYSTEMPATH\Boot.php(68): CodeIgniter\Boot::runCodeIgniter(Object(CodeIgniter\CodeIgniter))
11 FCPATH\index.php(59): CodeIgniter\Boot::bootWeb(Object(Config\Paths))
CRITICAL - 2026-08-02 14:23:55 --> CodeIgniter\View\Exceptions\ViewException: Invalid file: "layouts/user.php"
[Method: GET, Route: user/tasks/submitVersionForm/4]
in SYSTEMPATH\Exceptions\FrameworkException.php on line 39.
 1 SYSTEMPATH\View\View.php(228): CodeIgniter\Exceptions\FrameworkException::forInvalidFile('layouts/user.php')
 2 SYSTEMPATH\View\View.php(256): CodeIgniter\View\View->render('layouts/user', [], true)
 3 SYSTEMPATH\Common.php(1254): CodeIgniter\View\View->render('user/tasks/submit_version', [], true)
 4 APPPATH\Controllers\User\Tasks.php(124): view('user/tasks/submit_version', [...])
 5 SYSTEMPATH\CodeIgniter.php(974): App\Controllers\User\Tasks->submitVersionForm('4')
 6 SYSTEMPATH\CodeIgniter.php(520): CodeIgniter\CodeIgniter->runController(Object(App\Controllers\User\Tasks))
 7 SYSTEMPATH\CodeIgniter.php(363): CodeIgniter\CodeIgniter->handleRequest(null, Object(Config\Cache), false)
 8 SYSTEMPATH\Boot.php(417): CodeIgniter\CodeIgniter->run()
 9 SYSTEMPATH\Boot.php(68): CodeIgniter\Boot::runCodeIgniter(Object(CodeIgniter\CodeIgniter))
10 FCPATH\index.php(59): CodeIgniter\Boot::bootWeb(Object(Config\Paths))
DEBUG - 2026-08-02 14:25:01 --> Session: Class initialized using 'CodeIgniter\Session\Handlers\FileHandler' driver.
WARNING - 2026-08-02 14:25:01 --> [DEPRECATED] Implicit conversion from float 1.56394 to int loses precision in APPPATH\Views\user\tasks\submit_version.php on line 56.
 1 APPPATH\Views\user\tasks\submit_version.php(56): gmdate('i:s', 1.56394)
 2 SYSTEMPATH\View\View.php(240): include('C:\\xampp\\htdocs\\eso8manager_v0.0.1\\app\\Views\\user\\tasks\\submit_version.php')
 3 SYSTEMPATH\View\View.php(243): CodeIgniter\View\View->CodeIgniter\View\{closure}()
 4 SYSTEMPATH\Common.php(1254): CodeIgniter\View\View->render('user/tasks/submit_version', [], true)
 5 APPPATH\Controllers\User\Tasks.php(124): view('user/tasks/submit_version', [...])
 6 SYSTEMPATH\CodeIgniter.php(974): App\Controllers\User\Tasks->submitVersionForm('4')
 7 SYSTEMPATH\CodeIgniter.php(520): CodeIgniter\CodeIgniter->runController(Object(App\Controllers\User\Tasks))
 8 SYSTEMPATH\CodeIgniter.php(363): CodeIgniter\CodeIgniter->handleRequest(null, Object(Config\Cache), false)
 9 SYSTEMPATH\Boot.php(417): CodeIgniter\CodeIgniter->run()
10 SYSTEMPATH\Boot.php(68): CodeIgniter\Boot::runCodeIgniter(Object(CodeIgniter\CodeIgniter))
11 FCPATH\index.php(59): CodeIgniter\Boot::bootWeb(Object(Config\Paths))
WARNING - 2026-08-02 14:25:01 --> [DEPRECATED] Implicit conversion from float 5.55174 to int loses precision in APPPATH\Views\user\tasks\submit_version.php on line 56.
 1 APPPATH\Views\user\tasks\submit_version.php(56): gmdate('i:s', 5.55174)
 2 SYSTEMPATH\View\View.php(240): include('C:\\xampp\\htdocs\\eso8manager_v0.0.1\\app\\Views\\user\\tasks\\submit_version.php')
 3 SYSTEMPATH\View\View.php(243): CodeIgniter\View\View->CodeIgniter\View\{closure}()
 4 SYSTEMPATH\Common.php(1254): CodeIgniter\View\View->render('user/tasks/submit_version', [], true)
 5 APPPATH\Controllers\User\Tasks.php(124): view('user/tasks/submit_version', [...])
 6 SYSTEMPATH\CodeIgniter.php(974): App\Controllers\User\Tasks->submitVersionForm('4')
 7 SYSTEMPATH\CodeIgniter.php(520): CodeIgniter\CodeIgniter->runController(Object(App\Controllers\User\Tasks))
 8 SYSTEMPATH\CodeIgniter.php(363): CodeIgniter\CodeIgniter->handleRequest(null, Object(Config\Cache), false)
 9 SYSTEMPATH\Boot.php(417): CodeIgniter\CodeIgniter->run()
10 SYSTEMPATH\Boot.php(68): CodeIgniter\Boot::runCodeIgniter(Object(CodeIgniter\CodeIgniter))
11 FCPATH\index.php(59): CodeIgniter\Boot::bootWeb(Object(Config\Paths))
WARNING - 2026-08-02 14:25:01 --> [DEPRECATED] Implicit conversion from float 2.902601 to int loses precision in APPPATH\Views\user\tasks\submit_version.php on line 56.
 1 APPPATH\Views\user\tasks\submit_version.php(56): gmdate('i:s', 2.902601)
 2 SYSTEMPATH\View\View.php(240): include('C:\\xampp\\htdocs\\eso8manager_v0.0.1\\app\\Views\\user\\tasks\\submit_version.php')
 3 SYSTEMPATH\View\View.php(243): CodeIgniter\View\View->CodeIgniter\View\{closure}()
 4 SYSTEMPATH\Common.php(1254): CodeIgniter\View\View->render('user/tasks/submit_version', [], true)
 5 APPPATH\Controllers\User\Tasks.php(124): view('user/tasks/submit_version', [...])
 6 SYSTEMPATH\CodeIgniter.php(974): App\Controllers\User\Tasks->submitVersionForm('4')
 7 SYSTEMPATH\CodeIgniter.php(520): CodeIgniter\CodeIgniter->runController(Object(App\Controllers\User\Tasks))
 8 SYSTEMPATH\CodeIgniter.php(363): CodeIgniter\CodeIgniter->handleRequest(null, Object(Config\Cache), false)
 9 SYSTEMPATH\Boot.php(417): CodeIgniter\CodeIgniter->run()
10 SYSTEMPATH\Boot.php(68): CodeIgniter\Boot::runCodeIgniter(Object(CodeIgniter\CodeIgniter))
11 FCPATH\index.php(59): CodeIgniter\Boot::bootWeb(Object(Config\Paths))
WARNING - 2026-08-02 14:25:01 --> [DEPRECATED] Implicit conversion from float 2.902601 to int loses precision in APPPATH\Views\user\tasks\submit_version.php on line 56.
 1 APPPATH\Views\user\tasks\submit_version.php(56): gmdate('i:s', 2.902601)
 2 SYSTEMPATH\View\View.php(240): include('C:\\xampp\\htdocs\\eso8manager_v0.0.1\\app\\Views\\user\\tasks\\submit_version.php')
 3 SYSTEMPATH\View\View.php(243): CodeIgniter\View\View->CodeIgniter\View\{closure}()
 4 SYSTEMPATH\Common.php(1254): CodeIgniter\View\View->render('user/tasks/submit_version', [], true)
 5 APPPATH\Controllers\User\Tasks.php(124): view('user/tasks/submit_version', [...])
 6 SYSTEMPATH\CodeIgniter.php(974): App\Controllers\User\Tasks->submitVersionForm('4')
 7 SYSTEMPATH\CodeIgniter.php(520): CodeIgniter\CodeIgniter->runController(Object(App\Controllers\User\Tasks))
 8 SYSTEMPATH\CodeIgniter.php(363): CodeIgniter\CodeIgniter->handleRequest(null, Object(Config\Cache), false)
 9 SYSTEMPATH\Boot.php(417): CodeIgniter\CodeIgniter->run()
10 SYSTEMPATH\Boot.php(68): CodeIgniter\Boot::runCodeIgniter(Object(CodeIgniter\CodeIgniter))
11 FCPATH\index.php(59): CodeIgniter\Boot::bootWeb(Object(Config\Paths))
INFO - 2026-08-02 14:26:42 --> CSRF token verified.
DEBUG - 2026-08-02 14:26:42 --> Session: Class initialized using 'CodeIgniter\Session\Handlers\FileHandler' driver.
DEBUG - 2026-08-02 14:26:42 --> Session: Class initialized using 'CodeIgniter\Session\Handlers\FileHandler' driver.
DEBUG - 2026-08-02 14:26:47 --> Session: Class initialized using 'CodeIgniter\Session\Handlers\FileHandler' driver.
DEBUG - 2026-08-02 14:27:04 --> Session: Class initialized using 'CodeIgniter\Session\Handlers\FileHandler' driver.
DEBUG - 2026-08-02 14:27:05 --> Session: Class initialized using 'CodeIgniter\Session\Handlers\FileHandler' driver.
DEBUG - 2026-08-02 14:27:14 --> Session: Class initialized using 'CodeIgniter\Session\Handlers\FileHandler' driver.
DEBUG - 2026-08-02 14:27:56 --> Session: Class initialized using 'CodeIgniter\Session\Handlers\FileHandler' driver.
WARNING - 2026-08-02 14:27:56 --> [DEPRECATED] Implicit conversion from float 1.56394 to int loses precision in APPPATH\Views\admin\reviews\player.php on line 348.
 1 APPPATH\Views\admin\reviews\player.php(348): gmdate('i:s', 1.56394)
 2 APPPATH\Views\admin\reviews\player.php(389): renderCommentBox(Object(stdClass))
 3 SYSTEMPATH\View\View.php(240): include('C:\\xampp\\htdocs\\eso8manager_v0.0.1\\app\\Views\\admin\\reviews\\player.php')
 4 SYSTEMPATH\View\View.php(243): CodeIgniter\View\View->CodeIgniter\View\{closure}()
 5 SYSTEMPATH\Common.php(1254): CodeIgniter\View\View->render('admin/reviews/player', [], true)
 6 APPPATH\Controllers\Admin\Reviews.php(88): view('admin/reviews/player', [...])
 7 SYSTEMPATH\CodeIgniter.php(974): App\Controllers\Admin\Reviews->player('1')
 8 SYSTEMPATH\CodeIgniter.php(520): CodeIgniter\CodeIgniter->runController(Object(App\Controllers\Admin\Reviews))
 9 SYSTEMPATH\CodeIgniter.php(363): CodeIgniter\CodeIgniter->handleRequest(null, Object(Config\Cache), false)
10 SYSTEMPATH\Boot.php(417): CodeIgniter\CodeIgniter->run()
11 SYSTEMPATH\Boot.php(68): CodeIgniter\Boot::runCodeIgniter(Object(CodeIgniter\CodeIgniter))
12 FCPATH\index.php(59): CodeIgniter\Boot::bootWeb(Object(Config\Paths))
WARNING - 2026-08-02 14:27:56 --> [DEPRECATED] Implicit conversion from float 2.902601 to int loses precision in APPPATH\Views\admin\reviews\player.php on line 348.
 1 APPPATH\Views\admin\reviews\player.php(348): gmdate('i:s', 2.902601)
 2 APPPATH\Views\admin\reviews\player.php(389): renderCommentBox(Object(stdClass))
 3 SYSTEMPATH\View\View.php(240): include('C:\\xampp\\htdocs\\eso8manager_v0.0.1\\app\\Views\\admin\\reviews\\player.php')
 4 SYSTEMPATH\View\View.php(243): CodeIgniter\View\View->CodeIgniter\View\{closure}()
 5 SYSTEMPATH\Common.php(1254): CodeIgniter\View\View->render('admin/reviews/player', [], true)
 6 APPPATH\Controllers\Admin\Reviews.php(88): view('admin/reviews/player', [...])
 7 SYSTEMPATH\CodeIgniter.php(974): App\Controllers\Admin\Reviews->player('1')
 8 SYSTEMPATH\CodeIgniter.php(520): CodeIgniter\CodeIgniter->runController(Object(App\Controllers\Admin\Reviews))
 9 SYSTEMPATH\CodeIgniter.php(363): CodeIgniter\CodeIgniter->handleRequest(null, Object(Config\Cache), false)
10 SYSTEMPATH\Boot.php(417): CodeIgniter\CodeIgniter->run()
11 SYSTEMPATH\Boot.php(68): CodeIgniter\Boot::runCodeIgniter(Object(CodeIgniter\CodeIgniter))
12 FCPATH\index.php(59): CodeIgniter\Boot::bootWeb(Object(Config\Paths))
WARNING - 2026-08-02 14:27:56 --> [DEPRECATED] Implicit conversion from float 2.902601 to int loses precision in APPPATH\Views\admin\reviews\player.php on line 348.
 1 APPPATH\Views\admin\reviews\player.php(348): gmdate('i:s', 2.902601)
 2 APPPATH\Views\admin\reviews\player.php(394): renderCommentBox(Object(stdClass), true)
 3 SYSTEMPATH\View\View.php(240): include('C:\\xampp\\htdocs\\eso8manager_v0.0.1\\app\\Views\\admin\\reviews\\player.php')
 4 SYSTEMPATH\View\View.php(243): CodeIgniter\View\View->CodeIgniter\View\{closure}()
 5 SYSTEMPATH\Common.php(1254): CodeIgniter\View\View->render('admin/reviews/player', [], true)
 6 APPPATH\Controllers\Admin\Reviews.php(88): view('admin/reviews/player', [...])
 7 SYSTEMPATH\CodeIgniter.php(974): App\Controllers\Admin\Reviews->player('1')
 8 SYSTEMPATH\CodeIgniter.php(520): CodeIgniter\CodeIgniter->runController(Object(App\Controllers\Admin\Reviews))
 9 SYSTEMPATH\CodeIgniter.php(363): CodeIgniter\CodeIgniter->handleRequest(null, Object(Config\Cache), false)
10 SYSTEMPATH\Boot.php(417): CodeIgniter\CodeIgniter->run()
11 SYSTEMPATH\Boot.php(68): CodeIgniter\Boot::runCodeIgniter(Object(CodeIgniter\CodeIgniter))
12 FCPATH\index.php(59): CodeIgniter\Boot::bootWeb(Object(Config\Paths))
WARNING - 2026-08-02 14:27:56 --> [DEPRECATED] Implicit conversion from float 5.55174 to int loses precision in APPPATH\Views\admin\reviews\player.php on line 348.
 1 APPPATH\Views\admin\reviews\player.php(348): gmdate('i:s', 5.55174)
 2 APPPATH\Views\admin\reviews\player.php(389): renderCommentBox(Object(stdClass))
 3 SYSTEMPATH\View\View.php(240): include('C:\\xampp\\htdocs\\eso8manager_v0.0.1\\app\\Views\\admin\\reviews\\player.php')
 4 SYSTEMPATH\View\View.php(243): CodeIgniter\View\View->CodeIgniter\View\{closure}()
 5 SYSTEMPATH\Common.php(1254): CodeIgniter\View\View->render('admin/reviews/player', [], true)
 6 APPPATH\Controllers\Admin\Reviews.php(88): view('admin/reviews/player', [...])
 7 SYSTEMPATH\CodeIgniter.php(974): App\Controllers\Admin\Reviews->player('1')
 8 SYSTEMPATH\CodeIgniter.php(520): CodeIgniter\CodeIgniter->runController(Object(App\Controllers\Admin\Reviews))
 9 SYSTEMPATH\CodeIgniter.php(363): CodeIgniter\CodeIgniter->handleRequest(null, Object(Config\Cache), false)
10 SYSTEMPATH\Boot.php(417): CodeIgniter\CodeIgniter->run()
11 SYSTEMPATH\Boot.php(68): CodeIgniter\Boot::runCodeIgniter(Object(CodeIgniter\CodeIgniter))
12 FCPATH\index.php(59): CodeIgniter\Boot::bootWeb(Object(Config\Paths))
DEBUG - 2026-08-02 14:27:57 --> Session: Class initialized using 'CodeIgniter\Session\Handlers\FileHandler' driver.
DEBUG - 2026-08-02 14:28:01 --> Session: Class initialized using 'CodeIgniter\Session\Handlers\FileHandler' driver.
DEBUG - 2026-08-02 14:28:09 --> Session: Class initialized using 'CodeIgniter\Session\Handlers\FileHandler' driver.
DEBUG - 2026-08-02 14:28:12 --> Session: Class initialized using 'CodeIgniter\Session\Handlers\FileHandler' driver.
DEBUG - 2026-08-02 14:28:12 --> Session: Class initialized using 'CodeIgniter\Session\Handlers\FileHandler' driver.
DEBUG - 2026-08-02 14:28:18 --> Session: Class initialized using 'CodeIgniter\Session\Handlers\FileHandler' driver.
DEBUG - 2026-08-02 14:28:46 --> Session: Class initialized using 'CodeIgniter\Session\Handlers\FileHandler' driver.
DEBUG - 2026-08-02 14:28:46 --> Session: Class initialized using 'CodeIgniter\Session\Handlers\FileHandler' driver.
INFO - 2026-08-02 14:28:48 --> CSRF token verified.
DEBUG - 2026-08-02 14:28:48 --> Session: Class initialized using 'CodeIgniter\Session\Handlers\FileHandler' driver.
DEBUG - 2026-08-02 14:28:49 --> Session: Class initialized using 'CodeIgniter\Session\Handlers\FileHandler' driver.
DEBUG - 2026-08-02 14:28:50 --> Session: Class initialized using 'CodeIgniter\Session\Handlers\FileHandler' driver.
DEBUG - 2026-08-02 14:28:52 --> Session: Class initialized using 'CodeIgniter\Session\Handlers\FileHandler' driver.
DEBUG - 2026-08-02 14:28:52 --> Session: Class initialized using 'CodeIgniter\Session\Handlers\FileHandler' driver.
DEBUG - 2026-08-02 14:28:53 --> Session: Class initialized using 'CodeIgniter\Session\Handlers\FileHandler' driver.
DEBUG - 2026-08-02 14:29:01 --> Session: Class initialized using 'CodeIgniter\Session\Handlers\FileHandler' driver.
DEBUG - 2026-08-02 14:29:02 --> Session: Class initialized using 'CodeIgniter\Session\Handlers\FileHandler' driver.
INFO - 2026-08-02 14:29:04 --> CSRF token verified.
DEBUG - 2026-08-02 14:29:04 --> Session: Class initialized using 'CodeIgniter\Session\Handlers\FileHandler' driver.
DEBUG - 2026-08-02 14:29:04 --> Session: Class initialized using 'CodeIgniter\Session\Handlers\FileHandler' driver.
DEBUG - 2026-08-02 14:29:07 --> Session: Class initialized using 'CodeIgniter\Session\Handlers\FileHandler' driver.
DEBUG - 2026-08-02 14:29:08 --> Session: Class initialized using 'CodeIgniter\Session\Handlers\FileHandler' driver.
DEBUG - 2026-08-02 14:29:09 --> Session: Class initialized using 'CodeIgniter\Session\Handlers\FileHandler' driver.
DEBUG - 2026-08-02 14:31:49 --> Session: Class initialized using 'CodeIgniter\Session\Handlers\FileHandler' driver.
DEBUG - 2026-08-02 14:31:50 --> Session: Class initialized using 'CodeIgniter\Session\Handlers\FileHandler' driver.
DEBUG - 2026-08-02 14:31:53 --> Session: Class initialized using 'CodeIgniter\Session\Handlers\FileHandler' driver.
DEBUG - 2026-08-02 14:31:59 --> Session: Class initialized using 'CodeIgniter\Session\Handlers\FileHandler' driver.
INFO - 2026-08-02 14:32:28 --> CSRF token verified.
DEBUG - 2026-08-02 14:32:28 --> Session: Class initialized using 'CodeIgniter\Session\Handlers\FileHandler' driver.
DEBUG - 2026-08-02 14:32:28 --> Session: Class initialized using 'CodeIgniter\Session\Handlers\FileHandler' driver.
DEBUG - 2026-08-02 14:32:28 --> Session: Class initialized using 'CodeIgniter\Session\Handlers\FileHandler' driver.
INFO - 2026-08-02 14:32:32 --> CSRF token verified.
DEBUG - 2026-08-02 14:32:32 --> Session: Class initialized using 'CodeIgniter\Session\Handlers\FileHandler' driver.
DEBUG - 2026-08-02 14:32:33 --> Session: Class initialized using 'CodeIgniter\Session\Handlers\FileHandler' driver.
DEBUG - 2026-08-02 14:32:33 --> Session: Class initialized using 'CodeIgniter\Session\Handlers\FileHandler' driver.
DEBUG - 2026-08-02 14:32:35 --> Session: Class initialized using 'CodeIgniter\Session\Handlers\FileHandler' driver.
DEBUG - 2026-08-02 14:32:37 --> Session: Class initialized using 'CodeIgniter\Session\Handlers\FileHandler' driver.
DEBUG - 2026-08-02 14:32:39 --> Session: Class initialized using 'CodeIgniter\Session\Handlers\FileHandler' driver.
DEBUG - 2026-08-02 14:32:39 --> Session: Class initialized using 'CodeIgniter\Session\Handlers\FileHandler' driver.
DEBUG - 2026-08-02 14:32:44 --> Session: Class initialized using 'CodeIgniter\Session\Handlers\FileHandler' driver.
DEBUG - 2026-08-02 14:32:49 --> Session: Class initialized using 'CodeIgniter\Session\Handlers\FileHandler' driver.
DEBUG - 2026-08-02 14:49:02 --> Session: Class initialized using 'CodeIgniter\Session\Handlers\FileHandler' driver.
DEBUG - 2026-08-02 14:49:04 --> Session: Class initialized using 'CodeIgniter\Session\Handlers\FileHandler' driver.
DEBUG - 2026-08-02 14:49:05 --> Session: Class initialized using 'CodeIgniter\Session\Handlers\FileHandler' driver.
DEBUG - 2026-08-02 14:49:09 --> Session: Class initialized using 'CodeIgniter\Session\Handlers\FileHandler' driver.
DEBUG - 2026-08-02 14:51:20 --> Session: Class initialized using 'CodeIgniter\Session\Handlers\FileHandler' driver.
DEBUG - 2026-08-02 14:51:21 --> Session: Class initialized using 'CodeIgniter\Session\Handlers\FileHandler' driver.
DEBUG - 2026-08-02 14:51:27 --> Session: Class initialized using 'CodeIgniter\Session\Handlers\FileHandler' driver.
DEBUG - 2026-08-02 14:51:30 --> Session: Class initialized using 'CodeIgniter\Session\Handlers\FileHandler' driver.
DEBUG - 2026-08-02 14:51:33 --> Session: Class initialized using 'CodeIgniter\Session\Handlers\FileHandler' driver.
DEBUG - 2026-08-02 14:51:36 --> Session: Class initialized using 'CodeIgniter\Session\Handlers\FileHandler' driver.
DEBUG - 2026-08-02 14:51:37 --> Session: Class initialized using 'CodeIgniter\Session\Handlers\FileHandler' driver.
DEBUG - 2026-08-02 14:52:45 --> Session: Class initialized using 'CodeIgniter\Session\Handlers\FileHandler' driver.
DEBUG - 2026-08-02 14:52:46 --> Session: Class initialized using 'CodeIgniter\Session\Handlers\FileHandler' driver.
DEBUG - 2026-08-02 14:52:46 --> Session: Class initialized using 'CodeIgniter\Session\Handlers\FileHandler' driver.
DEBUG - 2026-08-02 14:52:47 --> Session: Class initialized using 'CodeIgniter\Session\Handlers\FileHandler' driver.
DEBUG - 2026-08-02 14:52:49 --> Session: Class initialized using 'CodeIgniter\Session\Handlers\FileHandler' driver.
DEBUG - 2026-08-02 14:52:50 --> Session: Class initialized using 'CodeIgniter\Session\Handlers\FileHandler' driver.
INFO - 2026-08-02 14:52:58 --> CSRF token verified.
DEBUG - 2026-08-02 14:52:58 --> Session: Class initialized using 'CodeIgniter\Session\Handlers\FileHandler' driver.
DEBUG - 2026-08-02 14:52:58 --> Session: Class initialized using 'CodeIgniter\Session\Handlers\FileHandler' driver.
DEBUG - 2026-08-02 15:04:35 --> Session: Class initialized using 'CodeIgniter\Session\Handlers\FileHandler' driver.
DEBUG - 2026-08-02 15:04:39 --> Session: Class initialized using 'CodeIgniter\Session\Handlers\FileHandler' driver.
DEBUG - 2026-08-02 15:04:40 --> Session: Class initialized using 'CodeIgniter\Session\Handlers\FileHandler' driver.
DEBUG - 2026-08-02 18:49:04 --> Session: Class initialized using 'CodeIgniter\Session\Handlers\FileHandler' driver.
DEBUG - 2026-08-02 18:49:04 --> Session: Class initialized using 'CodeIgniter\Session\Handlers\FileHandler' driver.
INFO - 2026-08-02 19:47:49 --> CSRF token verified.
DEBUG - 2026-08-02 19:47:49 --> Session: Class initialized using 'CodeIgniter\Session\Handlers\FileHandler' driver.
DEBUG - 2026-08-02 19:47:49 --> Session: Class initialized using 'CodeIgniter\Session\Handlers\FileHandler' driver.
DEBUG - 2026-08-02 19:49:04 --> Session: Class initialized using 'CodeIgniter\Session\Handlers\FileHandler' driver.
DEBUG - 2026-08-02 19:49:05 --> Session: Class initialized using 'CodeIgniter\Session\Handlers\FileHandler' driver.
DEBUG - 2026-08-02 19:49:10 --> Session: Class initialized using 'CodeIgniter\Session\Handlers\FileHandler' driver.
DEBUG - 2026-08-02 19:49:12 --> Session: Class initialized using 'CodeIgniter\Session\Handlers\FileHandler' driver.
DEBUG - 2026-08-02 19:49:13 --> Session: Class initialized using 'CodeIgniter\Session\Handlers\FileHandler' driver.
DEBUG - 2026-08-02 19:49:14 --> Session: Class initialized using 'CodeIgniter\Session\Handlers\FileHandler' driver.
ERROR - 2026-08-02 20:25:59 --> duplicate column name: estimated_hours
in SYSTEMPATH\Database\SQLite3\Connection.php on line 163.
 1 SYSTEMPATH\Database\SQLite3\Connection.php(163): SQLite3->exec('ALTER TABLE `tasks` ADD `estimated_hours` FLOAT DEFAULT 8')
 2 SYSTEMPATH\Database\BaseConnection.php(908): CodeIgniter\Database\SQLite3\Connection->execute('ALTER TABLE `tasks` ADD `estimated_hours` FLOAT DEFAULT 8')
 3 SYSTEMPATH\Database\BaseConnection.php(825): CodeIgniter\Database\BaseConnection->simpleQuery('ALTER TABLE `tasks` ADD `estimated_hours` FLOAT DEFAULT 8')
 4 SYSTEMPATH\Database\Forge.php(772): CodeIgniter\Database\BaseConnection->query('ALTER TABLE `tasks` ADD `estimated_hours` FLOAT DEFAULT 8')
 5 APPPATH\Database\Migrations\2026-08-02-202500_AddSchedulerFieldsToTasks.php(11): CodeIgniter\Database\Forge->addColumn('tasks', [...])
 6 SYSTEMPATH\Database\MigrationRunner.php(1014): App\Database\Migrations\AddSchedulerFieldsToTasks->up()
 7 SYSTEMPATH\Database\MigrationRunner.php(202): CodeIgniter\Database\MigrationRunner->migrate('up', Object(stdClass))
 8 APPPATH\Config\Routes.php(81): CodeIgniter\Database\MigrationRunner->latest()
 9 SYSTEMPATH\CodeIgniter.php(895): CodeIgniter\Router\RouteCollection->{closure}()
10 SYSTEMPATH\CodeIgniter.php(503): CodeIgniter\CodeIgniter->startController()
11 SYSTEMPATH\CodeIgniter.php(363): CodeIgniter\CodeIgniter->handleRequest(null, Object(Config\Cache), false)
12 SYSTEMPATH\Boot.php(417): CodeIgniter\CodeIgniter->run()
13 SYSTEMPATH\Boot.php(68): CodeIgniter\Boot::runCodeIgniter(Object(CodeIgniter\CodeIgniter))
14 FCPATH\index.php(59): CodeIgniter\Boot::bootWeb(Object(Config\Paths))
DEBUG - 2026-08-02 20:29:34 --> Session: Class initialized using 'CodeIgniter\Session\Handlers\FileHandler' driver.
DEBUG - 2026-08-02 20:29:35 --> Session: Class initialized using 'CodeIgniter\Session\Handlers\FileHandler' driver.
DEBUG - 2026-08-02 20:29:36 --> Session: Class initialized using 'CodeIgniter\Session\Handlers\FileHandler' driver.
DEBUG - 2026-08-02 20:29:37 --> Session: Class initialized using 'CodeIgniter\Session\Handlers\FileHandler' driver.
DEBUG - 2026-08-02 20:29:38 --> Session: Class initialized using 'CodeIgniter\Session\Handlers\FileHandler' driver.
DEBUG - 2026-08-02 20:29:42 --> Session: Class initialized using 'CodeIgniter\Session\Handlers\FileHandler' driver.
DEBUG - 2026-08-02 20:32:52 --> Session: Class initialized using 'CodeIgniter\Session\Handlers\FileHandler' driver.
DEBUG - 2026-08-02 20:32:54 --> Session: Class initialized using 'CodeIgniter\Session\Handlers\FileHandler' driver.
DEBUG - 2026-08-02 20:33:09 --> Session: Class initialized using 'CodeIgniter\Session\Handlers\FileHandler' driver.
DEBUG - 2026-08-02 20:33:11 --> Session: Class initialized using 'CodeIgniter\Session\Handlers\FileHandler' driver.
DEBUG - 2026-08-02 20:33:14 --> Session: Class initialized using 'CodeIgniter\Session\Handlers\FileHandler' driver.
DEBUG - 2026-08-02 20:33:19 --> Session: Class initialized using 'CodeIgniter\Session\Handlers\FileHandler' driver.
DEBUG - 2026-08-02 20:33:23 --> Session: Class initialized using 'CodeIgniter\Session\Handlers\FileHandler' driver.
DEBUG - 2026-08-02 20:33:42 --> Session: Class initialized using 'CodeIgniter\Session\Handlers\FileHandler' driver.
ERROR - 2026-08-02 20:33:42 --> Unable to prepare statement: 1, no such column: role
in SYSTEMPATH\Database\SQLite3\Connection.php on line 164.
 1 SYSTEMPATH\Database\SQLite3\Connection.php(164): SQLite3->query('SELECT *
FROM `users`
WHERE `role` = \'artist\'
OR `role` = \'Internal Artist\'')
 2 SYSTEMPATH\Database\BaseConnection.php(908): CodeIgniter\Database\SQLite3\Connection->execute('SELECT *
FROM `users`
WHERE `role` = \'artist\'
OR `role` = \'Internal Artist\'')
 3 SYSTEMPATH\Database\BaseConnection.php(825): CodeIgniter\Database\BaseConnection->simpleQuery('SELECT *
FROM `users`
WHERE `role` = \'artist\'
OR `role` = \'Internal Artist\'')
 4 SYSTEMPATH\Database\BaseBuilder.php(1647): CodeIgniter\Database\BaseConnection->query('SELECT *
FROM `users`
WHERE `role` = :role:
OR `role` = :role.1:', [...], false)
 5 APPPATH\Controllers\Admin\Scheduling.php(36): CodeIgniter\Database\BaseBuilder->get()
 6 SYSTEMPATH\CodeIgniter.php(974): App\Controllers\Admin\Scheduling->index()
 7 SYSTEMPATH\CodeIgniter.php(520): CodeIgniter\CodeIgniter->runController(Object(App\Controllers\Admin\Scheduling))
 8 SYSTEMPATH\CodeIgniter.php(363): CodeIgniter\CodeIgniter->handleRequest(null, Object(Config\Cache), false)
 9 SYSTEMPATH\Boot.php(417): CodeIgniter\CodeIgniter->run()
10 SYSTEMPATH\Boot.php(68): CodeIgniter\Boot::runCodeIgniter(Object(CodeIgniter\CodeIgniter))
11 FCPATH\index.php(59): CodeIgniter\Boot::bootWeb(Object(Config\Paths))
CRITICAL - 2026-08-02 20:33:42 --> CodeIgniter\Database\Exceptions\DatabaseException: Unable to prepare statement: 1, no such column: role
[Method: GET, Route: admin/scheduling]
in SYSTEMPATH\Database\BaseConnection.php on line 863.
 1 SYSTEMPATH\Database\BaseBuilder.php(1647): CodeIgniter\Database\BaseConnection->query('SELECT *
FROM `users`
WHERE `role` = :role:
OR `role` = :role.1:', [...], false)
 2 APPPATH\Controllers\Admin\Scheduling.php(36): CodeIgniter\Database\BaseBuilder->get()
 3 SYSTEMPATH\CodeIgniter.php(974): App\Controllers\Admin\Scheduling->index()
 4 SYSTEMPATH\CodeIgniter.php(520): CodeIgniter\CodeIgniter->runController(Object(App\Controllers\Admin\Scheduling))
 5 SYSTEMPATH\CodeIgniter.php(363): CodeIgniter\CodeIgniter->handleRequest(null, Object(Config\Cache), false)
 6 SYSTEMPATH\Boot.php(417): CodeIgniter\CodeIgniter->run()
 7 SYSTEMPATH\Boot.php(68): CodeIgniter\Boot::runCodeIgniter(Object(CodeIgniter\CodeIgniter))
 8 FCPATH\index.php(59): CodeIgniter\Boot::bootWeb(Object(Config\Paths))
CRITICAL - 2026-08-02 20:33:42 --> [Caused by] CodeIgniter\Database\Exceptions\DatabaseException: Unable to prepare statement: 1, no such column: role
in SYSTEMPATH\Database\SQLite3\Connection.php on line 174.
 1 SYSTEMPATH\Database\BaseConnection.php(908): CodeIgniter\Database\SQLite3\Connection->execute('SELECT *
FROM `users`
WHERE `role` = \'artist\'
OR `role` = \'Internal Artist\'')
 2 SYSTEMPATH\Database\BaseConnection.php(825): CodeIgniter\Database\BaseConnection->simpleQuery('SELECT *
FROM `users`
WHERE `role` = \'artist\'
OR `role` = \'Internal Artist\'')
 3 SYSTEMPATH\Database\BaseBuilder.php(1647): CodeIgniter\Database\BaseConnection->query('SELECT *
FROM `users`
WHERE `role` = :role:
OR `role` = :role.1:', [...], false)
 4 APPPATH\Controllers\Admin\Scheduling.php(36): CodeIgniter\Database\BaseBuilder->get()
 5 SYSTEMPATH\CodeIgniter.php(974): App\Controllers\Admin\Scheduling->index()
 6 SYSTEMPATH\CodeIgniter.php(520): CodeIgniter\CodeIgniter->runController(Object(App\Controllers\Admin\Scheduling))
 7 SYSTEMPATH\CodeIgniter.php(363): CodeIgniter\CodeIgniter->handleRequest(null, Object(Config\Cache), false)
 8 SYSTEMPATH\Boot.php(417): CodeIgniter\CodeIgniter->run()
 9 SYSTEMPATH\Boot.php(68): CodeIgniter\Boot::runCodeIgniter(Object(CodeIgniter\CodeIgniter))
10 FCPATH\index.php(59): CodeIgniter\Boot::bootWeb(Object(Config\Paths))
CRITICAL - 2026-08-02 20:33:42 --> [Caused by] Exception: Unable to prepare statement: 1, no such column: role
in SYSTEMPATH\Database\SQLite3\Connection.php on line 164.
 1 SYSTEMPATH\Database\SQLite3\Connection.php(164): SQLite3->query('SELECT *
FROM `users`
WHERE `role` = \'artist\'
OR `role` = \'Internal Artist\'')
 2 SYSTEMPATH\Database\BaseConnection.php(908): CodeIgniter\Database\SQLite3\Connection->execute('SELECT *
FROM `users`
WHERE `role` = \'artist\'
OR `role` = \'Internal Artist\'')
 3 SYSTEMPATH\Database\BaseConnection.php(825): CodeIgniter\Database\BaseConnection->simpleQuery('SELECT *
FROM `users`
WHERE `role` = \'artist\'
OR `role` = \'Internal Artist\'')
 4 SYSTEMPATH\Database\BaseBuilder.php(1647): CodeIgniter\Database\BaseConnection->query('SELECT *
FROM `users`
WHERE `role` = :role:
OR `role` = :role.1:', [...], false)
 5 APPPATH\Controllers\Admin\Scheduling.php(36): CodeIgniter\Database\BaseBuilder->get()
 6 SYSTEMPATH\CodeIgniter.php(974): App\Controllers\Admin\Scheduling->index()
 7 SYSTEMPATH\CodeIgniter.php(520): CodeIgniter\CodeIgniter->runController(Object(App\Controllers\Admin\Scheduling))
 8 SYSTEMPATH\CodeIgniter.php(363): CodeIgniter\CodeIgniter->handleRequest(null, Object(Config\Cache), false)
 9 SYSTEMPATH\Boot.php(417): CodeIgniter\CodeIgniter->run()
10 SYSTEMPATH\Boot.php(68): CodeIgniter\Boot::runCodeIgniter(Object(CodeIgniter\CodeIgniter))
11 FCPATH\index.php(59): CodeIgniter\Boot::bootWeb(Object(Config\Paths))
DEBUG - 2026-08-02 20:35:21 --> Session: Class initialized using 'CodeIgniter\Session\Handlers\FileHandler' driver.
CRITICAL - 2026-08-02 20:35:21 --> ErrorException: Undefined array key "priority_percentage"
[Method: GET, Route: admin/scheduling]
in APPPATH\Views\admin\scheduling\index.php on line 58.
 1 APPPATH\Views\admin\scheduling\index.php(58): CodeIgniter\Debug\Exceptions->errorHandler(2, 'Undefined array key "priority_percentage"', 'C:\\xampp\\htdocs\\eso8manager_v0.0.1\\app\\Views\\admin\\scheduling\\index.php', 58)
 2 SYSTEMPATH\View\View.php(240): include('C:\\xampp\\htdocs\\eso8manager_v0.0.1\\app\\Views\\admin\\scheduling\\index.php')
 3 SYSTEMPATH\View\View.php(243): CodeIgniter\View\View->CodeIgniter\View\{closure}()
 4 SYSTEMPATH\Common.php(1254): CodeIgniter\View\View->render('admin/scheduling/index', [], true)
 5 APPPATH\Controllers\Admin\Scheduling.php(47): view('admin/scheduling/index', [...])
 6 SYSTEMPATH\CodeIgniter.php(974): App\Controllers\Admin\Scheduling->index()
 7 SYSTEMPATH\CodeIgniter.php(520): CodeIgniter\CodeIgniter->runController(Object(App\Controllers\Admin\Scheduling))
 8 SYSTEMPATH\CodeIgniter.php(363): CodeIgniter\CodeIgniter->handleRequest(null, Object(Config\Cache), false)
 9 SYSTEMPATH\Boot.php(417): CodeIgniter\CodeIgniter->run()
10 SYSTEMPATH\Boot.php(68): CodeIgniter\Boot::runCodeIgniter(Object(CodeIgniter\CodeIgniter))
11 FCPATH\index.php(59): CodeIgniter\Boot::bootWeb(Object(Config\Paths))
DEBUG - 2026-08-02 20:35:22 --> Session: Class initialized using 'CodeIgniter\Session\Handlers\FileHandler' driver.
CRITICAL - 2026-08-02 20:35:22 --> ErrorException: Undefined array key "priority_percentage"
[Method: GET, Route: admin/scheduling]
in APPPATH\Views\admin\scheduling\index.php on line 58.
 1 APPPATH\Views\admin\scheduling\index.php(58): CodeIgniter\Debug\Exceptions->errorHandler(2, 'Undefined array key "priority_percentage"', 'C:\\xampp\\htdocs\\eso8manager_v0.0.1\\app\\Views\\admin\\scheduling\\index.php', 58)
 2 SYSTEMPATH\View\View.php(240): include('C:\\xampp\\htdocs\\eso8manager_v0.0.1\\app\\Views\\admin\\scheduling\\index.php')
 3 SYSTEMPATH\View\View.php(243): CodeIgniter\View\View->CodeIgniter\View\{closure}()
 4 SYSTEMPATH\Common.php(1254): CodeIgniter\View\View->render('admin/scheduling/index', [], true)
 5 APPPATH\Controllers\Admin\Scheduling.php(47): view('admin/scheduling/index', [...])
 6 SYSTEMPATH\CodeIgniter.php(974): App\Controllers\Admin\Scheduling->index()
 7 SYSTEMPATH\CodeIgniter.php(520): CodeIgniter\CodeIgniter->runController(Object(App\Controllers\Admin\Scheduling))
 8 SYSTEMPATH\CodeIgniter.php(363): CodeIgniter\CodeIgniter->handleRequest(null, Object(Config\Cache), false)
 9 SYSTEMPATH\Boot.php(417): CodeIgniter\CodeIgniter->run()
10 SYSTEMPATH\Boot.php(68): CodeIgniter\Boot::runCodeIgniter(Object(CodeIgniter\CodeIgniter))
11 FCPATH\index.php(59): CodeIgniter\Boot::bootWeb(Object(Config\Paths))
DEBUG - 2026-08-02 20:35:22 --> Session: Class initialized using 'CodeIgniter\Session\Handlers\FileHandler' driver.
CRITICAL - 2026-08-02 20:35:22 --> ErrorException: Undefined array key "priority_percentage"
[Method: GET, Route: admin/scheduling]
in APPPATH\Views\admin\scheduling\index.php on line 58.
 1 APPPATH\Views\admin\scheduling\index.php(58): CodeIgniter\Debug\Exceptions->errorHandler(2, 'Undefined array key "priority_percentage"', 'C:\\xampp\\htdocs\\eso8manager_v0.0.1\\app\\Views\\admin\\scheduling\\index.php', 58)
 2 SYSTEMPATH\View\View.php(240): include('C:\\xampp\\htdocs\\eso8manager_v0.0.1\\app\\Views\\admin\\scheduling\\index.php')
 3 SYSTEMPATH\View\View.php(243): CodeIgniter\View\View->CodeIgniter\View\{closure}()
 4 SYSTEMPATH\Common.php(1254): CodeIgniter\View\View->render('admin/scheduling/index', [], true)
 5 APPPATH\Controllers\Admin\Scheduling.php(47): view('admin/scheduling/index', [...])
 6 SYSTEMPATH\CodeIgniter.php(974): App\Controllers\Admin\Scheduling->index()
 7 SYSTEMPATH\CodeIgniter.php(520): CodeIgniter\CodeIgniter->runController(Object(App\Controllers\Admin\Scheduling))
 8 SYSTEMPATH\CodeIgniter.php(363): CodeIgniter\CodeIgniter->handleRequest(null, Object(Config\Cache), false)
 9 SYSTEMPATH\Boot.php(417): CodeIgniter\CodeIgniter->run()
10 SYSTEMPATH\Boot.php(68): CodeIgniter\Boot::runCodeIgniter(Object(CodeIgniter\CodeIgniter))
11 FCPATH\index.php(59): CodeIgniter\Boot::bootWeb(Object(Config\Paths))
DEBUG - 2026-08-02 20:35:36 --> Session: Class initialized using 'CodeIgniter\Session\Handlers\FileHandler' driver.
CRITICAL - 2026-08-02 20:35:36 --> ErrorException: Undefined array key "priority_percentage"
[Method: GET, Route: admin/scheduling]
in APPPATH\Views\admin\scheduling\index.php on line 58.
 1 APPPATH\Views\admin\scheduling\index.php(58): CodeIgniter\Debug\Exceptions->errorHandler(2, 'Undefined array key "priority_percentage"', 'C:\\xampp\\htdocs\\eso8manager_v0.0.1\\app\\Views\\admin\\scheduling\\index.php', 58)
 2 SYSTEMPATH\View\View.php(240): include('C:\\xampp\\htdocs\\eso8manager_v0.0.1\\app\\Views\\admin\\scheduling\\index.php')
 3 SYSTEMPATH\View\View.php(243): CodeIgniter\View\View->CodeIgniter\View\{closure}()
 4 SYSTEMPATH\Common.php(1254): CodeIgniter\View\View->render('admin/scheduling/index', [], true)
 5 APPPATH\Controllers\Admin\Scheduling.php(47): view('admin/scheduling/index', [...])
 6 SYSTEMPATH\CodeIgniter.php(974): App\Controllers\Admin\Scheduling->index()
 7 SYSTEMPATH\CodeIgniter.php(520): CodeIgniter\CodeIgniter->runController(Object(App\Controllers\Admin\Scheduling))
 8 SYSTEMPATH\CodeIgniter.php(363): CodeIgniter\CodeIgniter->handleRequest(null, Object(Config\Cache), false)
 9 SYSTEMPATH\Boot.php(417): CodeIgniter\CodeIgniter->run()
10 SYSTEMPATH\Boot.php(68): CodeIgniter\Boot::runCodeIgniter(Object(CodeIgniter\CodeIgniter))
11 FCPATH\index.php(59): CodeIgniter\Boot::bootWeb(Object(Config\Paths))
DEBUG - 2026-08-02 20:35:37 --> Session: Class initialized using 'CodeIgniter\Session\Handlers\FileHandler' driver.
CRITICAL - 2026-08-02 20:35:37 --> ErrorException: Undefined array key "priority_percentage"
[Method: GET, Route: admin/scheduling]
in APPPATH\Views\admin\scheduling\index.php on line 58.
 1 APPPATH\Views\admin\scheduling\index.php(58): CodeIgniter\Debug\Exceptions->errorHandler(2, 'Undefined array key "priority_percentage"', 'C:\\xampp\\htdocs\\eso8manager_v0.0.1\\app\\Views\\admin\\scheduling\\index.php', 58)
 2 SYSTEMPATH\View\View.php(240): include('C:\\xampp\\htdocs\\eso8manager_v0.0.1\\app\\Views\\admin\\scheduling\\index.php')
 3 SYSTEMPATH\View\View.php(243): CodeIgniter\View\View->CodeIgniter\View\{closure}()
 4 SYSTEMPATH\Common.php(1254): CodeIgniter\View\View->render('admin/scheduling/index', [], true)
 5 APPPATH\Controllers\Admin\Scheduling.php(47): view('admin/scheduling/index', [...])
 6 SYSTEMPATH\CodeIgniter.php(974): App\Controllers\Admin\Scheduling->index()
 7 SYSTEMPATH\CodeIgniter.php(520): CodeIgniter\CodeIgniter->runController(Object(App\Controllers\Admin\Scheduling))
 8 SYSTEMPATH\CodeIgniter.php(363): CodeIgniter\CodeIgniter->handleRequest(null, Object(Config\Cache), false)
 9 SYSTEMPATH\Boot.php(417): CodeIgniter\CodeIgniter->run()
10 SYSTEMPATH\Boot.php(68): CodeIgniter\Boot::runCodeIgniter(Object(CodeIgniter\CodeIgniter))
11 FCPATH\index.php(59): CodeIgniter\Boot::bootWeb(Object(Config\Paths))
DEBUG - 2026-08-02 20:35:37 --> Session: Class initialized using 'CodeIgniter\Session\Handlers\FileHandler' driver.
CRITICAL - 2026-08-02 20:35:37 --> ErrorException: Undefined array key "priority_percentage"
[Method: GET, Route: admin/scheduling]
in APPPATH\Views\admin\scheduling\index.php on line 58.
 1 APPPATH\Views\admin\scheduling\index.php(58): CodeIgniter\Debug\Exceptions->errorHandler(2, 'Undefined array key "priority_percentage"', 'C:\\xampp\\htdocs\\eso8manager_v0.0.1\\app\\Views\\admin\\scheduling\\index.php', 58)
 2 SYSTEMPATH\View\View.php(240): include('C:\\xampp\\htdocs\\eso8manager_v0.0.1\\app\\Views\\admin\\scheduling\\index.php')
 3 SYSTEMPATH\View\View.php(243): CodeIgniter\View\View->CodeIgniter\View\{closure}()
 4 SYSTEMPATH\Common.php(1254): CodeIgniter\View\View->render('admin/scheduling/index', [], true)
 5 APPPATH\Controllers\Admin\Scheduling.php(47): view('admin/scheduling/index', [...])
 6 SYSTEMPATH\CodeIgniter.php(974): App\Controllers\Admin\Scheduling->index()
 7 SYSTEMPATH\CodeIgniter.php(520): CodeIgniter\CodeIgniter->runController(Object(App\Controllers\Admin\Scheduling))
 8 SYSTEMPATH\CodeIgniter.php(363): CodeIgniter\CodeIgniter->handleRequest(null, Object(Config\Cache), false)
 9 SYSTEMPATH\Boot.php(417): CodeIgniter\CodeIgniter->run()
10 SYSTEMPATH\Boot.php(68): CodeIgniter\Boot::runCodeIgniter(Object(CodeIgniter\CodeIgniter))
11 FCPATH\index.php(59): CodeIgniter\Boot::bootWeb(Object(Config\Paths))
DEBUG - 2026-08-02 20:36:14 --> Session: Class initialized using 'CodeIgniter\Session\Handlers\FileHandler' driver.
CRITICAL - 2026-08-02 20:36:14 --> ErrorException: Undefined array key "is_undocked"
[Method: GET, Route: admin/scheduling]
in APPPATH\Views\admin\scheduling\index.php on line 95.
 1 APPPATH\Views\admin\scheduling\index.php(95): CodeIgniter\Debug\Exceptions->errorHandler(2, 'Undefined array key "is_undocked"', 'C:\\xampp\\htdocs\\eso8manager_v0.0.1\\app\\Views\\admin\\scheduling\\index.php', 95)
 2 SYSTEMPATH\View\View.php(240): include('C:\\xampp\\htdocs\\eso8manager_v0.0.1\\app\\Views\\admin\\scheduling\\index.php')
 3 SYSTEMPATH\View\View.php(243): CodeIgniter\View\View->CodeIgniter\View\{closure}()
 4 SYSTEMPATH\Common.php(1254): CodeIgniter\View\View->render('admin/scheduling/index', [], true)
 5 APPPATH\Controllers\Admin\Scheduling.php(47): view('admin/scheduling/index', [...])
 6 SYSTEMPATH\CodeIgniter.php(974): App\Controllers\Admin\Scheduling->index()
 7 SYSTEMPATH\CodeIgniter.php(520): CodeIgniter\CodeIgniter->runController(Object(App\Controllers\Admin\Scheduling))
 8 SYSTEMPATH\CodeIgniter.php(363): CodeIgniter\CodeIgniter->handleRequest(null, Object(Config\Cache), false)
 9 SYSTEMPATH\Boot.php(417): CodeIgniter\CodeIgniter->run()
10 SYSTEMPATH\Boot.php(68): CodeIgniter\Boot::runCodeIgniter(Object(CodeIgniter\CodeIgniter))
11 FCPATH\index.php(59): CodeIgniter\Boot::bootWeb(Object(Config\Paths))
DEBUG - 2026-08-02 20:36:14 --> Session: Class initialized using 'CodeIgniter\Session\Handlers\FileHandler' driver.
CRITICAL - 2026-08-02 20:36:14 --> ErrorException: Undefined array key "is_undocked"
[Method: GET, Route: admin/scheduling]
in APPPATH\Views\admin\scheduling\index.php on line 95.
 1 APPPATH\Views\admin\scheduling\index.php(95): CodeIgniter\Debug\Exceptions->errorHandler(2, 'Undefined array key "is_undocked"', 'C:\\xampp\\htdocs\\eso8manager_v0.0.1\\app\\Views\\admin\\scheduling\\index.php', 95)
 2 SYSTEMPATH\View\View.php(240): include('C:\\xampp\\htdocs\\eso8manager_v0.0.1\\app\\Views\\admin\\scheduling\\index.php')
 3 SYSTEMPATH\View\View.php(243): CodeIgniter\View\View->CodeIgniter\View\{closure}()
 4 SYSTEMPATH\Common.php(1254): CodeIgniter\View\View->render('admin/scheduling/index', [], true)
 5 APPPATH\Controllers\Admin\Scheduling.php(47): view('admin/scheduling/index', [...])
 6 SYSTEMPATH\CodeIgniter.php(974): App\Controllers\Admin\Scheduling->index()
 7 SYSTEMPATH\CodeIgniter.php(520): CodeIgniter\CodeIgniter->runController(Object(App\Controllers\Admin\Scheduling))
 8 SYSTEMPATH\CodeIgniter.php(363): CodeIgniter\CodeIgniter->handleRequest(null, Object(Config\Cache), false)
 9 SYSTEMPATH\Boot.php(417): CodeIgniter\CodeIgniter->run()
10 SYSTEMPATH\Boot.php(68): CodeIgniter\Boot::runCodeIgniter(Object(CodeIgniter\CodeIgniter))
11 FCPATH\index.php(59): CodeIgniter\Boot::bootWeb(Object(Config\Paths))
DEBUG - 2026-08-02 20:36:15 --> Session: Class initialized using 'CodeIgniter\Session\Handlers\FileHandler' driver.
CRITICAL - 2026-08-02 20:36:15 --> ErrorException: Undefined array key "is_undocked"
[Method: GET, Route: admin/scheduling]
in APPPATH\Views\admin\scheduling\index.php on line 95.
 1 APPPATH\Views\admin\scheduling\index.php(95): CodeIgniter\Debug\Exceptions->errorHandler(2, 'Undefined array key "is_undocked"', 'C:\\xampp\\htdocs\\eso8manager_v0.0.1\\app\\Views\\admin\\scheduling\\index.php', 95)
 2 SYSTEMPATH\View\View.php(240): include('C:\\xampp\\htdocs\\eso8manager_v0.0.1\\app\\Views\\admin\\scheduling\\index.php')
 3 SYSTEMPATH\View\View.php(243): CodeIgniter\View\View->CodeIgniter\View\{closure}()
 4 SYSTEMPATH\Common.php(1254): CodeIgniter\View\View->render('admin/scheduling/index', [], true)
 5 APPPATH\Controllers\Admin\Scheduling.php(47): view('admin/scheduling/index', [...])
 6 SYSTEMPATH\CodeIgniter.php(974): App\Controllers\Admin\Scheduling->index()
 7 SYSTEMPATH\CodeIgniter.php(520): CodeIgniter\CodeIgniter->runController(Object(App\Controllers\Admin\Scheduling))
 8 SYSTEMPATH\CodeIgniter.php(363): CodeIgniter\CodeIgniter->handleRequest(null, Object(Config\Cache), false)
 9 SYSTEMPATH\Boot.php(417): CodeIgniter\CodeIgniter->run()
10 SYSTEMPATH\Boot.php(68): CodeIgniter\Boot::runCodeIgniter(Object(CodeIgniter\CodeIgniter))
11 FCPATH\index.php(59): CodeIgniter\Boot::bootWeb(Object(Config\Paths))
DEBUG - 2026-08-02 20:36:15 --> Session: Class initialized using 'CodeIgniter\Session\Handlers\FileHandler' driver.
CRITICAL - 2026-08-02 20:36:15 --> ErrorException: Undefined array key "is_undocked"
[Method: GET, Route: admin/scheduling]
in APPPATH\Views\admin\scheduling\index.php on line 95.
 1 APPPATH\Views\admin\scheduling\index.php(95): CodeIgniter\Debug\Exceptions->errorHandler(2, 'Undefined array key "is_undocked"', 'C:\\xampp\\htdocs\\eso8manager_v0.0.1\\app\\Views\\admin\\scheduling\\index.php', 95)
 2 SYSTEMPATH\View\View.php(240): include('C:\\xampp\\htdocs\\eso8manager_v0.0.1\\app\\Views\\admin\\scheduling\\index.php')
 3 SYSTEMPATH\View\View.php(243): CodeIgniter\View\View->CodeIgniter\View\{closure}()
 4 SYSTEMPATH\Common.php(1254): CodeIgniter\View\View->render('admin/scheduling/index', [], true)
 5 APPPATH\Controllers\Admin\Scheduling.php(47): view('admin/scheduling/index', [...])
 6 SYSTEMPATH\CodeIgniter.php(974): App\Controllers\Admin\Scheduling->index()
 7 SYSTEMPATH\CodeIgniter.php(520): CodeIgniter\CodeIgniter->runController(Object(App\Controllers\Admin\Scheduling))
 8 SYSTEMPATH\CodeIgniter.php(363): CodeIgniter\CodeIgniter->handleRequest(null, Object(Config\Cache), false)
 9 SYSTEMPATH\Boot.php(417): CodeIgniter\CodeIgniter->run()
10 SYSTEMPATH\Boot.php(68): CodeIgniter\Boot::runCodeIgniter(Object(CodeIgniter\CodeIgniter))
11 FCPATH\index.php(59): CodeIgniter\Boot::bootWeb(Object(Config\Paths))
DEBUG - 2026-08-02 20:36:15 --> Session: Class initialized using 'CodeIgniter\Session\Handlers\FileHandler' driver.
CRITICAL - 2026-08-02 20:36:15 --> ErrorException: Undefined array key "is_undocked"
[Method: GET, Route: admin/scheduling]
in APPPATH\Views\admin\scheduling\index.php on line 95.
 1 APPPATH\Views\admin\scheduling\index.php(95): CodeIgniter\Debug\Exceptions->errorHandler(2, 'Undefined array key "is_undocked"', 'C:\\xampp\\htdocs\\eso8manager_v0.0.1\\app\\Views\\admin\\scheduling\\index.php', 95)
 2 SYSTEMPATH\View\View.php(240): include('C:\\xampp\\htdocs\\eso8manager_v0.0.1\\app\\Views\\admin\\scheduling\\index.php')
 3 SYSTEMPATH\View\View.php(243): CodeIgniter\View\View->CodeIgniter\View\{closure}()
 4 SYSTEMPATH\Common.php(1254): CodeIgniter\View\View->render('admin/scheduling/index', [], true)
 5 APPPATH\Controllers\Admin\Scheduling.php(47): view('admin/scheduling/index', [...])
 6 SYSTEMPATH\CodeIgniter.php(974): App\Controllers\Admin\Scheduling->index()
 7 SYSTEMPATH\CodeIgniter.php(520): CodeIgniter\CodeIgniter->runController(Object(App\Controllers\Admin\Scheduling))
 8 SYSTEMPATH\CodeIgniter.php(363): CodeIgniter\CodeIgniter->handleRequest(null, Object(Config\Cache), false)
 9 SYSTEMPATH\Boot.php(417): CodeIgniter\CodeIgniter->run()
10 SYSTEMPATH\Boot.php(68): CodeIgniter\Boot::runCodeIgniter(Object(CodeIgniter\CodeIgniter))
11 FCPATH\index.php(59): CodeIgniter\Boot::bootWeb(Object(Config\Paths))
DEBUG - 2026-08-02 20:36:15 --> Session: Class initialized using 'CodeIgniter\Session\Handlers\FileHandler' driver.
CRITICAL - 2026-08-02 20:36:15 --> ErrorException: Undefined array key "is_undocked"
[Method: GET, Route: admin/scheduling]
in APPPATH\Views\admin\scheduling\index.php on line 95.
 1 APPPATH\Views\admin\scheduling\index.php(95): CodeIgniter\Debug\Exceptions->errorHandler(2, 'Undefined array key "is_undocked"', 'C:\\xampp\\htdocs\\eso8manager_v0.0.1\\app\\Views\\admin\\scheduling\\index.php', 95)
 2 SYSTEMPATH\View\View.php(240): include('C:\\xampp\\htdocs\\eso8manager_v0.0.1\\app\\Views\\admin\\scheduling\\index.php')
 3 SYSTEMPATH\View\View.php(243): CodeIgniter\View\View->CodeIgniter\View\{closure}()
 4 SYSTEMPATH\Common.php(1254): CodeIgniter\View\View->render('admin/scheduling/index', [], true)
 5 APPPATH\Controllers\Admin\Scheduling.php(47): view('admin/scheduling/index', [...])
 6 SYSTEMPATH\CodeIgniter.php(974): App\Controllers\Admin\Scheduling->index()
 7 SYSTEMPATH\CodeIgniter.php(520): CodeIgniter\CodeIgniter->runController(Object(App\Controllers\Admin\Scheduling))
 8 SYSTEMPATH\CodeIgniter.php(363): CodeIgniter\CodeIgniter->handleRequest(null, Object(Config\Cache), false)
 9 SYSTEMPATH\Boot.php(417): CodeIgniter\CodeIgniter->run()
10 SYSTEMPATH\Boot.php(68): CodeIgniter\Boot::runCodeIgniter(Object(CodeIgniter\CodeIgniter))
11 FCPATH\index.php(59): CodeIgniter\Boot::bootWeb(Object(Config\Paths))
DEBUG - 2026-08-02 20:36:16 --> Session: Class initialized using 'CodeIgniter\Session\Handlers\FileHandler' driver.
CRITICAL - 2026-08-02 20:36:16 --> ErrorException: Undefined array key "is_undocked"
[Method: GET, Route: admin/scheduling]
in APPPATH\Views\admin\scheduling\index.php on line 95.
 1 APPPATH\Views\admin\scheduling\index.php(95): CodeIgniter\Debug\Exceptions->errorHandler(2, 'Undefined array key "is_undocked"', 'C:\\xampp\\htdocs\\eso8manager_v0.0.1\\app\\Views\\admin\\scheduling\\index.php', 95)
 2 SYSTEMPATH\View\View.php(240): include('C:\\xampp\\htdocs\\eso8manager_v0.0.1\\app\\Views\\admin\\scheduling\\index.php')
 3 SYSTEMPATH\View\View.php(243): CodeIgniter\View\View->CodeIgniter\View\{closure}()
 4 SYSTEMPATH\Common.php(1254): CodeIgniter\View\View->render('admin/scheduling/index', [], true)
 5 APPPATH\Controllers\Admin\Scheduling.php(47): view('admin/scheduling/index', [...])
 6 SYSTEMPATH\CodeIgniter.php(974): App\Controllers\Admin\Scheduling->index()
 7 SYSTEMPATH\CodeIgniter.php(520): CodeIgniter\CodeIgniter->runController(Object(App\Controllers\Admin\Scheduling))
 8 SYSTEMPATH\CodeIgniter.php(363): CodeIgniter\CodeIgniter->handleRequest(null, Object(Config\Cache), false)
 9 SYSTEMPATH\Boot.php(417): CodeIgniter\CodeIgniter->run()
10 SYSTEMPATH\Boot.php(68): CodeIgniter\Boot::runCodeIgniter(Object(CodeIgniter\CodeIgniter))
11 FCPATH\index.php(59): CodeIgniter\Boot::bootWeb(Object(Config\Paths))
DEBUG - 2026-08-02 20:36:53 --> Session: Class initialized using 'CodeIgniter\Session\Handlers\FileHandler' driver.
DEBUG - 2026-08-02 20:37:20 --> Session: Class initialized using 'CodeIgniter\Session\Handlers\FileHandler' driver.
DEBUG - 2026-08-02 20:37:21 --> Session: Class initialized using 'CodeIgniter\Session\Handlers\FileHandler' driver.
DEBUG - 2026-08-02 20:37:21 --> Session: Class initialized using 'CodeIgniter\Session\Handlers\FileHandler' driver.
CRITICAL - 2026-08-02 20:37:26 --> CodeIgniter\Security\Exceptions\SecurityException: The action you requested is not allowed.
[Method: POST, Route: admin/scheduling/autoSchedule]
in SYSTEMPATH\Security\Security.php on line 258.
 1 SYSTEMPATH\Security\Security.php(258): CodeIgniter\Security\Exceptions\SecurityException::forDisallowedAction()
 2 SYSTEMPATH\Filters\CSRF.php(52): CodeIgniter\Security\Security->verify(Object(CodeIgniter\HTTP\IncomingRequest))
 3 SYSTEMPATH\Filters\Filters.php(241): CodeIgniter\Filters\CSRF->before(Object(CodeIgniter\HTTP\IncomingRequest), null)
 4 SYSTEMPATH\Filters\Filters.php(221): CodeIgniter\Filters\Filters->runBefore([...])
 5 SYSTEMPATH\CodeIgniter.php(488): CodeIgniter\Filters\Filters->run('admin/scheduling/autoSchedule', 'before')
 6 SYSTEMPATH\CodeIgniter.php(363): CodeIgniter\CodeIgniter->handleRequest(null, Object(Config\Cache), false)
 7 SYSTEMPATH\Boot.php(417): CodeIgniter\CodeIgniter->run()
 8 SYSTEMPATH\Boot.php(68): CodeIgniter\Boot::runCodeIgniter(Object(CodeIgniter\CodeIgniter))
 9 FCPATH\index.php(59): CodeIgniter\Boot::bootWeb(Object(Config\Paths))
DEBUG - 2026-08-02 20:37:35 --> Session: Class initialized using 'CodeIgniter\Session\Handlers\FileHandler' driver.
CRITICAL - 2026-08-02 20:37:36 --> CodeIgniter\Security\Exceptions\SecurityException: The action you requested is not allowed.
[Method: POST, Route: admin/scheduling/autoSchedule]
in SYSTEMPATH\Security\Security.php on line 258.
 1 SYSTEMPATH\Security\Security.php(258): CodeIgniter\Security\Exceptions\SecurityException::forDisallowedAction()
 2 SYSTEMPATH\Filters\CSRF.php(52): CodeIgniter\Security\Security->verify(Object(CodeIgniter\HTTP\IncomingRequest))
 3 SYSTEMPATH\Filters\Filters.php(241): CodeIgniter\Filters\CSRF->before(Object(CodeIgniter\HTTP\IncomingRequest), null)
 4 SYSTEMPATH\Filters\Filters.php(221): CodeIgniter\Filters\Filters->runBefore([...])
 5 SYSTEMPATH\CodeIgniter.php(488): CodeIgniter\Filters\Filters->run('admin/scheduling/autoSchedule', 'before')
 6 SYSTEMPATH\CodeIgniter.php(363): CodeIgniter\CodeIgniter->handleRequest(null, Object(Config\Cache), false)
 7 SYSTEMPATH\Boot.php(417): CodeIgniter\CodeIgniter->run()
 8 SYSTEMPATH\Boot.php(68): CodeIgniter\Boot::runCodeIgniter(Object(CodeIgniter\CodeIgniter))
 9 FCPATH\index.php(59): CodeIgniter\Boot::bootWeb(Object(Config\Paths))
DEBUG - 2026-08-02 20:38:16 --> Session: Class initialized using 'CodeIgniter\Session\Handlers\FileHandler' driver.
DEBUG - 2026-08-02 20:38:16 --> Session: Class initialized using 'CodeIgniter\Session\Handlers\FileHandler' driver.
DEBUG - 2026-08-02 20:38:17 --> Session: Class initialized using 'CodeIgniter\Session\Handlers\FileHandler' driver.
DEBUG - 2026-08-02 20:38:17 --> Session: Class initialized using 'CodeIgniter\Session\Handlers\FileHandler' driver.
DEBUG - 2026-08-02 20:38:18 --> Session: Class initialized using 'CodeIgniter\Session\Handlers\FileHandler' driver.
DEBUG - 2026-08-02 20:38:26 --> Session: Class initialized using 'CodeIgniter\Session\Handlers\FileHandler' driver.
DEBUG - 2026-08-02 20:38:31 --> Session: Class initialized using 'CodeIgniter\Session\Handlers\FileHandler' driver.
DEBUG - 2026-08-02 20:38:32 --> Session: Class initialized using 'CodeIgniter\Session\Handlers\FileHandler' driver.
DEBUG - 2026-08-02 20:38:32 --> Session: Class initialized using 'CodeIgniter\Session\Handlers\FileHandler' driver.
DEBUG - 2026-08-02 20:39:53 --> Session: Class initialized using 'CodeIgniter\Session\Handlers\FileHandler' driver.
INFO - 2026-08-02 20:39:55 --> CSRF token verified.
DEBUG - 2026-08-02 20:39:55 --> Session: Class initialized using 'CodeIgniter\Session\Handlers\FileHandler' driver.
ERROR - 2026-08-02 20:39:55 --> Unable to prepare statement: 1, no such column: priority_percentage
in SYSTEMPATH\Database\SQLite3\Connection.php on line 164.
 1 SYSTEMPATH\Database\SQLite3\Connection.php(164): SQLite3->query('SELECT *
FROM `tasks`
WHERE `project_id` = \'1\'
AND `status` != \'approved\'
ORDER BY `priority_percentage` DESC')
 2 SYSTEMPATH\Database\BaseConnection.php(908): CodeIgniter\Database\SQLite3\Connection->execute('SELECT *
FROM `tasks`
WHERE `project_id` = \'1\'
AND `status` != \'approved\'
ORDER BY `priority_percentage` DESC')
 3 SYSTEMPATH\Database\BaseConnection.php(825): CodeIgniter\Database\BaseConnection->simpleQuery('SELECT *
FROM `tasks`
WHERE `project_id` = \'1\'
AND `status` != \'approved\'
ORDER BY `priority_percentage` DESC')
 4 SYSTEMPATH\Database\BaseBuilder.php(1647): CodeIgniter\Database\BaseConnection->query('SELECT *
FROM `tasks`
WHERE `project_id` = :project_id:
AND `status` != :status:
ORDER BY `priority_percentage` DESC', [...], false)
 5 APPPATH\Libraries\SchedulerEngine.php(21): CodeIgniter\Database\BaseBuilder->get()
 6 APPPATH\Controllers\Admin\Scheduling.php(62): App\Libraries\SchedulerEngine->autoSchedule('1')
 7 SYSTEMPATH\CodeIgniter.php(974): App\Controllers\Admin\Scheduling->autoSchedule()
 8 SYSTEMPATH\CodeIgniter.php(520): CodeIgniter\CodeIgniter->runController(Object(App\Controllers\Admin\Scheduling))
 9 SYSTEMPATH\CodeIgniter.php(363): CodeIgniter\CodeIgniter->handleRequest(null, Object(Config\Cache), false)
10 SYSTEMPATH\Boot.php(417): CodeIgniter\CodeIgniter->run()
11 SYSTEMPATH\Boot.php(68): CodeIgniter\Boot::runCodeIgniter(Object(CodeIgniter\CodeIgniter))
12 FCPATH\index.php(59): CodeIgniter\Boot::bootWeb(Object(Config\Paths))
CRITICAL - 2026-08-02 20:39:55 --> CodeIgniter\Database\Exceptions\DatabaseException: Unable to prepare statement: 1, no such column: priority_percentage
[Method: POST, Route: admin/scheduling/autoSchedule]
in SYSTEMPATH\Database\BaseConnection.php on line 863.
 1 SYSTEMPATH\Database\BaseBuilder.php(1647): CodeIgniter\Database\BaseConnection->query('SELECT *
FROM `tasks`
WHERE `project_id` = :project_id:
AND `status` != :status:
ORDER BY `priority_percentage` DESC', [...], false)
 2 APPPATH\Libraries\SchedulerEngine.php(21): CodeIgniter\Database\BaseBuilder->get()
 3 APPPATH\Controllers\Admin\Scheduling.php(62): App\Libraries\SchedulerEngine->autoSchedule('1')
 4 SYSTEMPATH\CodeIgniter.php(974): App\Controllers\Admin\Scheduling->autoSchedule()
 5 SYSTEMPATH\CodeIgniter.php(520): CodeIgniter\CodeIgniter->runController(Object(App\Controllers\Admin\Scheduling))
 6 SYSTEMPATH\CodeIgniter.php(363): CodeIgniter\CodeIgniter->handleRequest(null, Object(Config\Cache), false)
 7 SYSTEMPATH\Boot.php(417): CodeIgniter\CodeIgniter->run()
 8 SYSTEMPATH\Boot.php(68): CodeIgniter\Boot::runCodeIgniter(Object(CodeIgniter\CodeIgniter))
 9 FCPATH\index.php(59): CodeIgniter\Boot::bootWeb(Object(Config\Paths))
CRITICAL - 2026-08-02 20:39:55 --> [Caused by] CodeIgniter\Database\Exceptions\DatabaseException: Unable to prepare statement: 1, no such column: priority_percentage
in SYSTEMPATH\Database\SQLite3\Connection.php on line 174.
 1 SYSTEMPATH\Database\BaseConnection.php(908): CodeIgniter\Database\SQLite3\Connection->execute('SELECT *
FROM `tasks`
WHERE `project_id` = \'1\'
AND `status` != \'approved\'
ORDER BY `priority_percentage` DESC')
 2 SYSTEMPATH\Database\BaseConnection.php(825): CodeIgniter\Database\BaseConnection->simpleQuery('SELECT *
FROM `tasks`
WHERE `project_id` = \'1\'
AND `status` != \'approved\'
ORDER BY `priority_percentage` DESC')
 3 SYSTEMPATH\Database\BaseBuilder.php(1647): CodeIgniter\Database\BaseConnection->query('SELECT *
FROM `tasks`
WHERE `project_id` = :project_id:
AND `status` != :status:
ORDER BY `priority_percentage` DESC', [...], false)
 4 APPPATH\Libraries\SchedulerEngine.php(21): CodeIgniter\Database\BaseBuilder->get()
 5 APPPATH\Controllers\Admin\Scheduling.php(62): App\Libraries\SchedulerEngine->autoSchedule('1')
 6 SYSTEMPATH\CodeIgniter.php(974): App\Controllers\Admin\Scheduling->autoSchedule()
 7 SYSTEMPATH\CodeIgniter.php(520): CodeIgniter\CodeIgniter->runController(Object(App\Controllers\Admin\Scheduling))
 8 SYSTEMPATH\CodeIgniter.php(363): CodeIgniter\CodeIgniter->handleRequest(null, Object(Config\Cache), false)
 9 SYSTEMPATH\Boot.php(417): CodeIgniter\CodeIgniter->run()
10 SYSTEMPATH\Boot.php(68): CodeIgniter\Boot::runCodeIgniter(Object(CodeIgniter\CodeIgniter))
11 FCPATH\index.php(59): CodeIgniter\Boot::bootWeb(Object(Config\Paths))
CRITICAL - 2026-08-02 20:39:55 --> [Caused by] Exception: Unable to prepare statement: 1, no such column: priority_percentage
in SYSTEMPATH\Database\SQLite3\Connection.php on line 164.
 1 SYSTEMPATH\Database\SQLite3\Connection.php(164): SQLite3->query('SELECT *
FROM `tasks`
WHERE `project_id` = \'1\'
AND `status` != \'approved\'
ORDER BY `priority_percentage` DESC')
 2 SYSTEMPATH\Database\BaseConnection.php(908): CodeIgniter\Database\SQLite3\Connection->execute('SELECT *
FROM `tasks`
WHERE `project_id` = \'1\'
AND `status` != \'approved\'
ORDER BY `priority_percentage` DESC')
 3 SYSTEMPATH\Database\BaseConnection.php(825): CodeIgniter\Database\BaseConnection->simpleQuery('SELECT *
FROM `tasks`
WHERE `project_id` = \'1\'
AND `status` != \'approved\'
ORDER BY `priority_percentage` DESC')
 4 SYSTEMPATH\Database\BaseBuilder.php(1647): CodeIgniter\Database\BaseConnection->query('SELECT *
FROM `tasks`
WHERE `project_id` = :project_id:
AND `status` != :status:
ORDER BY `priority_percentage` DESC', [...], false)
 5 APPPATH\Libraries\SchedulerEngine.php(21): CodeIgniter\Database\BaseBuilder->get()
 6 APPPATH\Controllers\Admin\Scheduling.php(62): App\Libraries\SchedulerEngine->autoSchedule('1')
 7 SYSTEMPATH\CodeIgniter.php(974): App\Controllers\Admin\Scheduling->autoSchedule()
 8 SYSTEMPATH\CodeIgniter.php(520): CodeIgniter\CodeIgniter->runController(Object(App\Controllers\Admin\Scheduling))
 9 SYSTEMPATH\CodeIgniter.php(363): CodeIgniter\CodeIgniter->handleRequest(null, Object(Config\Cache), false)
10 SYSTEMPATH\Boot.php(417): CodeIgniter\CodeIgniter->run()
11 SYSTEMPATH\Boot.php(68): CodeIgniter\Boot::runCodeIgniter(Object(CodeIgniter\CodeIgniter))
12 FCPATH\index.php(59): CodeIgniter\Boot::bootWeb(Object(Config\Paths))
DEBUG - 2026-08-02 20:41:10 --> Session: Class initialized using 'CodeIgniter\Session\Handlers\FileHandler' driver.
INFO - 2026-08-02 20:41:11 --> CSRF token verified.
DEBUG - 2026-08-02 20:41:11 --> Session: Class initialized using 'CodeIgniter\Session\Handlers\FileHandler' driver.
DEBUG - 2026-08-02 20:41:17 --> Session: Class initialized using 'CodeIgniter\Session\Handlers\FileHandler' driver.
INFO - 2026-08-02 20:41:18 --> CSRF token verified.
DEBUG - 2026-08-02 20:41:18 --> Session: Class initialized using 'CodeIgniter\Session\Handlers\FileHandler' driver.
DEBUG - 2026-08-02 20:41:30 --> Session: Class initialized using 'CodeIgniter\Session\Handlers\FileHandler' driver.
INFO - 2026-08-02 20:41:33 --> CSRF token verified.
DEBUG - 2026-08-02 20:41:33 --> Session: Class initialized using 'CodeIgniter\Session\Handlers\FileHandler' driver.
DEBUG - 2026-08-02 20:51:03 --> Session: Class initialized using 'CodeIgniter\Session\Handlers\FileHandler' driver.
INFO - 2026-08-02 20:51:20 --> CSRF token verified.
DEBUG - 2026-08-02 20:51:20 --> Session: Class initialized using 'CodeIgniter\Session\Handlers\FileHandler' driver.
DEBUG - 2026-08-02 20:51:26 --> Session: Class initialized using 'CodeIgniter\Session\Handlers\FileHandler' driver.
INFO - 2026-08-02 20:52:11 --> CSRF token verified.
DEBUG - 2026-08-02 20:52:11 --> Session: Class initialized using 'CodeIgniter\Session\Handlers\FileHandler' driver.
CRITICAL - 2026-08-02 20:55:05 --> CodeIgniter\Security\Exceptions\SecurityException: The action you requested is not allowed.
[Method: POST, Route: admin/scheduling/autoSchedule]
in SYSTEMPATH\Security\Security.php on line 258.
 1 SYSTEMPATH\Security\Security.php(258): CodeIgniter\Security\Exceptions\SecurityException::forDisallowedAction()
 2 SYSTEMPATH\Filters\CSRF.php(52): CodeIgniter\Security\Security->verify(Object(CodeIgniter\HTTP\IncomingRequest))
 3 SYSTEMPATH\Filters\Filters.php(241): CodeIgniter\Filters\CSRF->before(Object(CodeIgniter\HTTP\IncomingRequest), null)
 4 SYSTEMPATH\Filters\Filters.php(221): CodeIgniter\Filters\Filters->runBefore([...])
 5 SYSTEMPATH\CodeIgniter.php(488): CodeIgniter\Filters\Filters->run('admin/scheduling/autoSchedule', 'before')
 6 SYSTEMPATH\CodeIgniter.php(363): CodeIgniter\CodeIgniter->handleRequest(null, Object(Config\Cache), false)
 7 SYSTEMPATH\Boot.php(417): CodeIgniter\CodeIgniter->run()
 8 SYSTEMPATH\Boot.php(68): CodeIgniter\Boot::runCodeIgniter(Object(CodeIgniter\CodeIgniter))
 9 FCPATH\index.php(59): CodeIgniter\Boot::bootWeb(Object(Config\Paths))
DEBUG - 2026-08-02 21:05:19 --> Session: Class initialized using 'CodeIgniter\Session\Handlers\FileHandler' driver.
INFO - 2026-08-02 21:05:33 --> CSRF token verified.
DEBUG - 2026-08-02 21:05:33 --> Session: Class initialized using 'CodeIgniter\Session\Handlers\FileHandler' driver.
DEBUG - 2026-08-02 21:05:57 --> Session: Class initialized using 'CodeIgniter\Session\Handlers\FileHandler' driver.
INFO - 2026-08-02 21:06:04 --> CSRF token verified.
DEBUG - 2026-08-02 21:06:04 --> Session: Class initialized using 'CodeIgniter\Session\Handlers\FileHandler' driver.
INFO - 2026-08-02 21:06:49 --> CSRF token verified.
DEBUG - 2026-08-02 21:06:49 --> Session: Class initialized using 'CodeIgniter\Session\Handlers\FileHandler' driver.
DEBUG - 2026-08-02 21:06:52 --> Session: Class initialized using 'CodeIgniter\Session\Handlers\FileHandler' driver.
DEBUG - 2026-08-02 21:24:49 --> Session: Class initialized using 'CodeIgniter\Session\Handlers\FileHandler' driver.
DEBUG - 2026-08-02 21:24:49 --> Session: Class initialized using 'CodeIgniter\Session\Handlers\FileHandler' driver.
DEBUG - 2026-08-02 21:26:51 --> Session: Class initialized using 'CodeIgniter\Session\Handlers\FileHandler' driver.
DEBUG - 2026-08-02 21:26:51 --> Session: Class initialized using 'CodeIgniter\Session\Handlers\FileHandler' driver.
DEBUG - 2026-08-02 21:32:17 --> Session: Class initialized using 'CodeIgniter\Session\Handlers\FileHandler' driver.
DEBUG - 2026-08-02 21:32:17 --> Session: Class initialized using 'CodeIgniter\Session\Handlers\FileHandler' driver.
DEBUG - 2026-08-02 21:33:52 --> Session: Class initialized using 'CodeIgniter\Session\Handlers\FileHandler' driver.
DEBUG - 2026-08-02 21:33:52 --> Session: Class initialized using 'CodeIgniter\Session\Handlers\FileHandler' driver.
INFO - 2026-08-02 21:34:16 --> CSRF token verified.
DEBUG - 2026-08-02 21:34:16 --> Session: Class initialized using 'CodeIgniter\Session\Handlers\FileHandler' driver.
INFO - 2026-08-02 21:34:18 --> CSRF token verified.
DEBUG - 2026-08-02 21:34:18 --> Session: Class initialized using 'CodeIgniter\Session\Handlers\FileHandler' driver.
DEBUG - 2026-08-02 21:34:19 --> Session: Class initialized using 'CodeIgniter\Session\Handlers\FileHandler' driver.
DEBUG - 2026-08-02 21:34:22 --> Session: Class initialized using 'CodeIgniter\Session\Handlers\FileHandler' driver.
DEBUG - 2026-08-02 21:34:22 --> Session: Class initialized using 'CodeIgniter\Session\Handlers\FileHandler' driver.
DEBUG - 2026-08-02 21:34:26 --> Session: Class initialized using 'CodeIgniter\Session\Handlers\FileHandler' driver.
DEBUG - 2026-08-02 21:34:27 --> Session: Class initialized using 'CodeIgniter\Session\Handlers\FileHandler' driver.
DEBUG - 2026-08-02 21:34:44 --> Session: Class initialized using 'CodeIgniter\Session\Handlers\FileHandler' driver.
DEBUG - 2026-08-02 21:34:46 --> Session: Class initialized using 'CodeIgniter\Session\Handlers\FileHandler' driver.
DEBUG - 2026-08-02 21:34:47 --> Session: Class initialized using 'CodeIgniter\Session\Handlers\FileHandler' driver.
DEBUG - 2026-08-02 21:34:49 --> Session: Class initialized using 'CodeIgniter\Session\Handlers\FileHandler' driver.
DEBUG - 2026-08-02 21:34:50 --> Session: Class initialized using 'CodeIgniter\Session\Handlers\FileHandler' driver.
DEBUG - 2026-08-02 21:34:52 --> Session: Class initialized using 'CodeIgniter\Session\Handlers\FileHandler' driver.
DEBUG - 2026-08-02 21:34:52 --> Session: Class initialized using 'CodeIgniter\Session\Handlers\FileHandler' driver.
DEBUG - 2026-08-02 21:34:53 --> Session: Class initialized using 'CodeIgniter\Session\Handlers\FileHandler' driver.
DEBUG - 2026-08-02 21:34:57 --> Session: Class initialized using 'CodeIgniter\Session\Handlers\FileHandler' driver.
DEBUG - 2026-08-02 21:34:57 --> Session: Class initialized using 'CodeIgniter\Session\Handlers\FileHandler' driver.
DEBUG - 2026-08-02 21:34:57 --> Session: Class initialized using 'CodeIgniter\Session\Handlers\FileHandler' driver.
DEBUG - 2026-08-02 21:34:57 --> Session: Class initialized using 'CodeIgniter\Session\Handlers\FileHandler' driver.
DEBUG - 2026-08-02 21:35:23 --> Session: Class initialized using 'CodeIgniter\Session\Handlers\FileHandler' driver.
DEBUG - 2026-08-02 21:35:23 --> Session: Class initialized using 'CodeIgniter\Session\Handlers\FileHandler' driver.
DEBUG - 2026-08-02 21:36:41 --> Session: Class initialized using 'CodeIgniter\Session\Handlers\FileHandler' driver.
DEBUG - 2026-08-02 21:36:41 --> Session: Class initialized using 'CodeIgniter\Session\Handlers\FileHandler' driver.
INFO - 2026-08-02 21:38:03 --> CSRF token verified.
DEBUG - 2026-08-02 21:38:03 --> Session: Class initialized using 'CodeIgniter\Session\Handlers\FileHandler' driver.
DEBUG - 2026-08-02 21:38:05 --> Session: Class initialized using 'CodeIgniter\Session\Handlers\FileHandler' driver.
DEBUG - 2026-08-02 21:38:06 --> Session: Class initialized using 'CodeIgniter\Session\Handlers\FileHandler' driver.
DEBUG - 2026-08-02 21:39:52 --> Session: Class initialized using 'CodeIgniter\Session\Handlers\FileHandler' driver.
DEBUG - 2026-08-02 21:39:52 --> Session: Class initialized using 'CodeIgniter\Session\Handlers\FileHandler' driver.
DEBUG - 2026-08-02 21:40:31 --> Session: Class initialized using 'CodeIgniter\Session\Handlers\FileHandler' driver.
DEBUG - 2026-08-02 21:40:31 --> Session: Class initialized using 'CodeIgniter\Session\Handlers\FileHandler' driver.
DEBUG - 2026-08-02 21:44:17 --> Session: Class initialized using 'CodeIgniter\Session\Handlers\FileHandler' driver.
DEBUG - 2026-08-02 21:44:17 --> Session: Class initialized using 'CodeIgniter\Session\Handlers\FileHandler' driver.
INFO - 2026-08-02 21:44:45 --> CSRF token verified.
DEBUG - 2026-08-02 21:44:45 --> Session: Class initialized using 'CodeIgniter\Session\Handlers\FileHandler' driver.
DEBUG - 2026-08-02 21:44:45 --> Session: Class initialized using 'CodeIgniter\Session\Handlers\FileHandler' driver.
INFO - 2026-08-02 21:44:51 --> CSRF token verified.
DEBUG - 2026-08-02 21:44:51 --> Session: Class initialized using 'CodeIgniter\Session\Handlers\FileHandler' driver.
DEBUG - 2026-08-02 21:44:51 --> Session: Class initialized using 'CodeIgniter\Session\Handlers\FileHandler' driver.
DEBUG - 2026-08-02 21:44:55 --> Session: Class initialized using 'CodeIgniter\Session\Handlers\FileHandler' driver.
DEBUG - 2026-08-02 21:45:11 --> Session: Class initialized using 'CodeIgniter\Session\Handlers\FileHandler' driver.
DEBUG - 2026-08-02 21:45:25 --> Session: Class initialized using 'CodeIgniter\Session\Handlers\FileHandler' driver.
DEBUG - 2026-08-02 21:45:26 --> Session: Class initialized using 'CodeIgniter\Session\Handlers\FileHandler' driver.
DEBUG - 2026-08-02 21:45:27 --> Session: Class initialized using 'CodeIgniter\Session\Handlers\FileHandler' driver.
DEBUG - 2026-08-02 21:45:27 --> Session: Class initialized using 'CodeIgniter\Session\Handlers\FileHandler' driver.
DEBUG - 2026-08-02 21:45:32 --> Session: Class initialized using 'CodeIgniter\Session\Handlers\FileHandler' driver.
DEBUG - 2026-08-02 21:45:32 --> Session: Class initialized using 'CodeIgniter\Session\Handlers\FileHandler' driver.
DEBUG - 2026-08-02 21:45:33 --> Session: Class initialized using 'CodeIgniter\Session\Handlers\FileHandler' driver.
DEBUG - 2026-08-02 21:45:33 --> Session: Class initialized using 'CodeIgniter\Session\Handlers\FileHandler' driver.
DEBUG - 2026-08-02 21:48:38 --> Session: Class initialized using 'CodeIgniter\Session\Handlers\FileHandler' driver.
DEBUG - 2026-08-02 21:48:39 --> Session: Class initialized using 'CodeIgniter\Session\Handlers\FileHandler' driver.
DEBUG - 2026-08-02 21:50:55 --> Session: Class initialized using 'CodeIgniter\Session\Handlers\FileHandler' driver.
DEBUG - 2026-08-02 21:50:55 --> Session: Class initialized using 'CodeIgniter\Session\Handlers\FileHandler' driver.
INFO - 2026-08-02 21:50:56 --> CSRF token verified.
DEBUG - 2026-08-02 21:50:56 --> Session: Class initialized using 'CodeIgniter\Session\Handlers\FileHandler' driver.
INFO - 2026-08-02 21:50:59 --> CSRF token verified.
DEBUG - 2026-08-02 21:50:59 --> Session: Class initialized using 'CodeIgniter\Session\Handlers\FileHandler' driver.
INFO - 2026-08-02 21:51:00 --> CSRF token verified.
DEBUG - 2026-08-02 21:51:00 --> Session: Class initialized using 'CodeIgniter\Session\Handlers\FileHandler' driver.
DEBUG - 2026-08-02 21:51:01 --> Session: Class initialized using 'CodeIgniter\Session\Handlers\FileHandler' driver.
DEBUG - 2026-08-02 21:51:02 --> Session: Class initialized using 'CodeIgniter\Session\Handlers\FileHandler' driver.
DEBUG - 2026-08-02 21:51:11 --> Session: Class initialized using 'CodeIgniter\Session\Handlers\FileHandler' driver.
INFO - 2026-08-02 21:51:13 --> CSRF token verified.
DEBUG - 2026-08-02 21:51:13 --> Session: Class initialized using 'CodeIgniter\Session\Handlers\FileHandler' driver.
DEBUG - 2026-08-02 21:51:13 --> Session: Class initialized using 'CodeIgniter\Session\Handlers\FileHandler' driver.
DEBUG - 2026-08-02 21:51:14 --> Session: Class initialized using 'CodeIgniter\Session\Handlers\FileHandler' driver.
DEBUG - 2026-08-02 21:51:14 --> Session: Class initialized using 'CodeIgniter\Session\Handlers\FileHandler' driver.
INFO - 2026-08-02 21:51:16 --> CSRF token verified.
DEBUG - 2026-08-02 21:51:16 --> Session: Class initialized using 'CodeIgniter\Session\Handlers\FileHandler' driver.
DEBUG - 2026-08-02 21:51:19 --> Session: Class initialized using 'CodeIgniter\Session\Handlers\FileHandler' driver.
DEBUG - 2026-08-02 21:51:19 --> Session: Class initialized using 'CodeIgniter\Session\Handlers\FileHandler' driver.
INFO - 2026-08-02 21:53:13 --> CSRF token verified.
DEBUG - 2026-08-02 21:53:13 --> Session: Class initialized using 'CodeIgniter\Session\Handlers\FileHandler' driver.
DEBUG - 2026-08-02 21:53:15 --> Session: Class initialized using 'CodeIgniter\Session\Handlers\FileHandler' driver.
DEBUG - 2026-08-02 21:53:15 --> Session: Class initialized using 'CodeIgniter\Session\Handlers\FileHandler' driver.
DEBUG - 2026-08-02 21:55:20 --> Session: Class initialized using 'CodeIgniter\Session\Handlers\FileHandler' driver.
DEBUG - 2026-08-02 21:55:20 --> Session: Class initialized using 'CodeIgniter\Session\Handlers\FileHandler' driver.
DEBUG - 2026-08-02 21:55:46 --> Session: Class initialized using 'CodeIgniter\Session\Handlers\FileHandler' driver.
DEBUG - 2026-08-02 21:55:47 --> Session: Class initialized using 'CodeIgniter\Session\Handlers\FileHandler' driver.
DEBUG - 2026-08-02 21:55:48 --> Session: Class initialized using 'CodeIgniter\Session\Handlers\FileHandler' driver.
DEBUG - 2026-08-02 21:55:48 --> Session: Class initialized using 'CodeIgniter\Session\Handlers\FileHandler' driver.
DEBUG - 2026-08-02 21:55:49 --> Session: Class initialized using 'CodeIgniter\Session\Handlers\FileHandler' driver.
DEBUG - 2026-08-02 21:55:50 --> Session: Class initialized using 'CodeIgniter\Session\Handlers\FileHandler' driver.
DEBUG - 2026-08-02 21:55:50 --> Session: Class initialized using 'CodeIgniter\Session\Handlers\FileHandler' driver.
DEBUG - 2026-08-02 21:55:51 --> Session: Class initialized using 'CodeIgniter\Session\Handlers\FileHandler' driver.
DEBUG - 2026-08-02 21:55:51 --> Session: Class initialized using 'CodeIgniter\Session\Handlers\FileHandler' driver.
DEBUG - 2026-08-02 21:55:56 --> Session: Class initialized using 'CodeIgniter\Session\Handlers\FileHandler' driver.
DEBUG - 2026-08-02 21:55:57 --> Session: Class initialized using 'CodeIgniter\Session\Handlers\FileHandler' driver.
DEBUG - 2026-08-02 21:55:58 --> Session: Class initialized using 'CodeIgniter\Session\Handlers\FileHandler' driver.
DEBUG - 2026-08-02 21:56:02 --> Session: Class initialized using 'CodeIgniter\Session\Handlers\FileHandler' driver.
DEBUG - 2026-08-02 21:56:02 --> Session: Class initialized using 'CodeIgniter\Session\Handlers\FileHandler' driver.
DEBUG - 2026-08-02 21:56:31 --> Session: Class initialized using 'CodeIgniter\Session\Handlers\FileHandler' driver.
DEBUG - 2026-08-02 21:56:31 --> Session: Class initialized using 'CodeIgniter\Session\Handlers\FileHandler' driver.
DEBUG - 2026-08-02 21:56:32 --> Session: Class initialized using 'CodeIgniter\Session\Handlers\FileHandler' driver.
DEBUG - 2026-08-02 21:56:33 --> Session: Class initialized using 'CodeIgniter\Session\Handlers\FileHandler' driver.
DEBUG - 2026-08-02 21:56:33 --> Session: Class initialized using 'CodeIgniter\Session\Handlers\FileHandler' driver.
DEBUG - 2026-08-02 21:56:34 --> Session: Class initialized using 'CodeIgniter\Session\Handlers\FileHandler' driver.
DEBUG - 2026-08-02 21:56:34 --> Session: Class initialized using 'CodeIgniter\Session\Handlers\FileHandler' driver.
DEBUG - 2026-08-02 21:59:06 --> Session: Class initialized using 'CodeIgniter\Session\Handlers\FileHandler' driver.
DEBUG - 2026-08-02 21:59:07 --> Session: Class initialized using 'CodeIgniter\Session\Handlers\FileHandler' driver.
DEBUG - 2026-08-02 21:59:14 --> Session: Class initialized using 'CodeIgniter\Session\Handlers\FileHandler' driver.
DEBUG - 2026-08-02 21:59:21 --> Session: Class initialized using 'CodeIgniter\Session\Handlers\FileHandler' driver.
DEBUG - 2026-08-02 21:59:22 --> Session: Class initialized using 'CodeIgniter\Session\Handlers\FileHandler' driver.
DEBUG - 2026-08-02 21:59:22 --> Session: Class initialized using 'CodeIgniter\Session\Handlers\FileHandler' driver.
DEBUG - 2026-08-02 21:59:24 --> Session: Class initialized using 'CodeIgniter\Session\Handlers\FileHandler' driver.
DEBUG - 2026-08-02 21:59:24 --> Session: Class initialized using 'CodeIgniter\Session\Handlers\FileHandler' driver.
DEBUG - 2026-08-02 21:59:24 --> Session: Class initialized using 'CodeIgniter\Session\Handlers\FileHandler' driver.
DEBUG - 2026-08-02 21:59:25 --> Session: Class initialized using 'CodeIgniter\Session\Handlers\FileHandler' driver.
DEBUG - 2026-08-02 21:59:26 --> Session: Class initialized using 'CodeIgniter\Session\Handlers\FileHandler' driver.
DEBUG - 2026-08-02 21:59:26 --> Session: Class initialized using 'CodeIgniter\Session\Handlers\FileHandler' driver.
DEBUG - 2026-08-02 22:00:03 --> Session: Class initialized using 'CodeIgniter\Session\Handlers\FileHandler' driver.
DEBUG - 2026-08-02 22:00:04 --> Session: Class initialized using 'CodeIgniter\Session\Handlers\FileHandler' driver.
DEBUG - 2026-08-02 22:00:05 --> Session: Class initialized using 'CodeIgniter\Session\Handlers\FileHandler' driver.
DEBUG - 2026-08-02 22:00:06 --> Session: Class initialized using 'CodeIgniter\Session\Handlers\FileHandler' driver.
DEBUG - 2026-08-02 22:00:07 --> Session: Class initialized using 'CodeIgniter\Session\Handlers\FileHandler' driver.
DEBUG - 2026-08-02 22:00:08 --> Session: Class initialized using 'CodeIgniter\Session\Handlers\FileHandler' driver.
DEBUG - 2026-08-02 22:00:09 --> Session: Class initialized using 'CodeIgniter\Session\Handlers\FileHandler' driver.
DEBUG - 2026-08-02 22:00:09 --> Session: Class initialized using 'CodeIgniter\Session\Handlers\FileHandler' driver.
DEBUG - 2026-08-02 22:00:10 --> Session: Class initialized using 'CodeIgniter\Session\Handlers\FileHandler' driver.
DEBUG - 2026-08-02 22:00:10 --> Session: Class initialized using 'CodeIgniter\Session\Handlers\FileHandler' driver.
DEBUG - 2026-08-02 22:00:12 --> Session: Class initialized using 'CodeIgniter\Session\Handlers\FileHandler' driver.
DEBUG - 2026-08-02 22:00:13 --> Session: Class initialized using 'CodeIgniter\Session\Handlers\FileHandler' driver.
DEBUG - 2026-08-02 22:00:13 --> Session: Class initialized using 'CodeIgniter\Session\Handlers\FileHandler' driver.
DEBUG - 2026-08-02 22:01:43 --> Session: Class initialized using 'CodeIgniter\Session\Handlers\FileHandler' driver.
DEBUG - 2026-08-02 22:01:43 --> Session: Class initialized using 'CodeIgniter\Session\Handlers\FileHandler' driver.
INFO - 2026-08-02 22:04:15 --> CSRF token verified.
DEBUG - 2026-08-02 22:04:15 --> Session: Class initialized using 'CodeIgniter\Session\Handlers\FileHandler' driver.
DEBUG - 2026-08-02 22:06:45 --> Session: Class initialized using 'CodeIgniter\Session\Handlers\FileHandler' driver.
DEBUG - 2026-08-02 22:06:45 --> Session: Class initialized using 'CodeIgniter\Session\Handlers\FileHandler' driver.
DEBUG - 2026-08-02 22:07:35 --> Session: Class initialized using 'CodeIgniter\Session\Handlers\FileHandler' driver.
DEBUG - 2026-08-02 22:07:38 --> Session: Class initialized using 'CodeIgniter\Session\Handlers\FileHandler' driver.
DEBUG - 2026-08-02 22:07:39 --> Session: Class initialized using 'CodeIgniter\Session\Handlers\FileHandler' driver.
DEBUG - 2026-08-02 22:07:39 --> Session: Class initialized using 'CodeIgniter\Session\Handlers\FileHandler' driver.
DEBUG - 2026-08-02 22:09:38 --> Session: Class initialized using 'CodeIgniter\Session\Handlers\FileHandler' driver.
DEBUG - 2026-08-02 22:09:38 --> Session: Class initialized using 'CodeIgniter\Session\Handlers\FileHandler' driver.
DEBUG - 2026-08-02 22:11:54 --> Session: Class initialized using 'CodeIgniter\Session\Handlers\FileHandler' driver.
DEBUG - 2026-08-02 22:11:54 --> Session: Class initialized using 'CodeIgniter\Session\Handlers\FileHandler' driver.
DEBUG - 2026-08-02 22:13:25 --> Session: Class initialized using 'CodeIgniter\Session\Handlers\FileHandler' driver.
DEBUG - 2026-08-02 22:13:25 --> Session: Class initialized using 'CodeIgniter\Session\Handlers\FileHandler' driver.
DEBUG - 2026-08-02 22:18:49 --> Session: Class initialized using 'CodeIgniter\Session\Handlers\FileHandler' driver.
DEBUG - 2026-08-02 22:18:49 --> Session: Class initialized using 'CodeIgniter\Session\Handlers\FileHandler' driver.
DEBUG - 2026-08-02 22:19:30 --> Session: Class initialized using 'CodeIgniter\Session\Handlers\FileHandler' driver.
DEBUG - 2026-08-02 22:20:21 --> Session: Class initialized using 'CodeIgniter\Session\Handlers\FileHandler' driver.
DEBUG - 2026-08-02 22:20:27 --> Session: Class initialized using 'CodeIgniter\Session\Handlers\FileHandler' driver.
DEBUG - 2026-08-02 22:20:28 --> Session: Class initialized using 'CodeIgniter\Session\Handlers\FileHandler' driver.
DEBUG - 2026-08-02 22:20:28 --> Session: Class initialized using 'CodeIgniter\Session\Handlers\FileHandler' driver.
DEBUG - 2026-08-02 22:23:01 --> Session: Class initialized using 'CodeIgniter\Session\Handlers\FileHandler' driver.
DEBUG - 2026-08-02 22:23:01 --> Session: Class initialized using 'CodeIgniter\Session\Handlers\FileHandler' driver.
DEBUG - 2026-08-02 22:23:38 --> Session: Class initialized using 'CodeIgniter\Session\Handlers\FileHandler' driver.
DEBUG - 2026-08-02 22:23:39 --> Session: Class initialized using 'CodeIgniter\Session\Handlers\FileHandler' driver.
DEBUG - 2026-08-02 22:23:52 --> Session: Class initialized using 'CodeIgniter\Session\Handlers\FileHandler' driver.
DEBUG - 2026-08-02 22:24:03 --> Session: Class initialized using 'CodeIgniter\Session\Handlers\FileHandler' driver.
DEBUG - 2026-08-02 22:24:03 --> Session: Class initialized using 'CodeIgniter\Session\Handlers\FileHandler' driver.
DEBUG - 2026-08-02 22:24:09 --> Session: Class initialized using 'CodeIgniter\Session\Handlers\FileHandler' driver.
DEBUG - 2026-08-02 22:24:09 --> Session: Class initialized using 'CodeIgniter\Session\Handlers\FileHandler' driver.
DEBUG - 2026-08-02 22:25:43 --> Session: Class initialized using 'CodeIgniter\Session\Handlers\FileHandler' driver.
DEBUG - 2026-08-02 22:25:44 --> Session: Class initialized using 'CodeIgniter\Session\Handlers\FileHandler' driver.
DEBUG - 2026-08-02 22:25:51 --> Session: Class initialized using 'CodeIgniter\Session\Handlers\FileHandler' driver.
DEBUG - 2026-08-02 22:25:51 --> Session: Class initialized using 'CodeIgniter\Session\Handlers\FileHandler' driver.
DEBUG - 2026-08-02 22:26:19 --> Session: Class initialized using 'CodeIgniter\Session\Handlers\FileHandler' driver.
DEBUG - 2026-08-02 22:26:19 --> Session: Class initialized using 'CodeIgniter\Session\Handlers\FileHandler' driver.
DEBUG - 2026-08-02 22:27:01 --> Session: Class initialized using 'CodeIgniter\Session\Handlers\FileHandler' driver.
DEBUG - 2026-08-02 22:27:01 --> Session: Class initialized using 'CodeIgniter\Session\Handlers\FileHandler' driver.
DEBUG - 2026-08-02 22:27:02 --> Session: Class initialized using 'CodeIgniter\Session\Handlers\FileHandler' driver.
DEBUG - 2026-08-02 22:27:03 --> Session: Class initialized using 'CodeIgniter\Session\Handlers\FileHandler' driver.
DEBUG - 2026-08-02 22:27:03 --> Session: Class initialized using 'CodeIgniter\Session\Handlers\FileHandler' driver.
DEBUG - 2026-08-02 22:27:41 --> Session: Class initialized using 'CodeIgniter\Session\Handlers\FileHandler' driver.
DEBUG - 2026-08-02 22:27:41 --> Session: Class initialized using 'CodeIgniter\Session\Handlers\FileHandler' driver.
DEBUG - 2026-08-02 22:27:50 --> Session: Class initialized using 'CodeIgniter\Session\Handlers\FileHandler' driver.
DEBUG - 2026-08-02 22:27:50 --> Session: Class initialized using 'CodeIgniter\Session\Handlers\FileHandler' driver.
DEBUG - 2026-08-02 22:36:41 --> Session: Class initialized using 'CodeIgniter\Session\Handlers\FileHandler' driver.
DEBUG - 2026-08-02 22:36:43 --> Session: Class initialized using 'CodeIgniter\Session\Handlers\FileHandler' driver.
DEBUG - 2026-08-02 22:36:46 --> Session: Class initialized using 'CodeIgniter\Session\Handlers\FileHandler' driver.
DEBUG - 2026-08-02 22:36:46 --> Session: Class initialized using 'CodeIgniter\Session\Handlers\FileHandler' driver.
DEBUG - 2026-08-02 22:40:55 --> Session: Class initialized using 'CodeIgniter\Session\Handlers\FileHandler' driver.
DEBUG - 2026-08-02 22:40:57 --> Session: Class initialized using 'CodeIgniter\Session\Handlers\FileHandler' driver.
DEBUG - 2026-08-02 22:40:59 --> Session: Class initialized using 'CodeIgniter\Session\Handlers\FileHandler' driver.
DEBUG - 2026-08-02 22:45:35 --> Session: Class initialized using 'CodeIgniter\Session\Handlers\FileHandler' driver.
CRITICAL - 2026-08-02 22:45:35 --> ErrorException: Undefined property: stdClass::$version_string
[Method: GET, Route: admin/reviews/sequence/1]
in APPPATH\Views\admin\reviews\player.php on line 102.
 1 APPPATH\Views\admin\reviews\player.php(102): CodeIgniter\Debug\Exceptions->errorHandler(2, 'Undefined property: stdClass::$version_string', 'C:\\xampp\\htdocs\\eso8manager_v0.0.1\\app\\Views\\admin\\reviews\\player.php', 102)
 2 SYSTEMPATH\View\View.php(240): include('C:\\xampp\\htdocs\\eso8manager_v0.0.1\\app\\Views\\admin\\reviews\\player.php')
 3 SYSTEMPATH\View\View.php(243): CodeIgniter\View\View->CodeIgniter\View\{closure}()
 4 SYSTEMPATH\Common.php(1254): CodeIgniter\View\View->render('admin/reviews/player', [], true)
 5 APPPATH\Controllers\Admin\Reviews.php(305): view('admin/reviews/player', [...])
 6 SYSTEMPATH\CodeIgniter.php(974): App\Controllers\Admin\Reviews->sequencePlayer('1')
 7 SYSTEMPATH\CodeIgniter.php(520): CodeIgniter\CodeIgniter->runController(Object(App\Controllers\Admin\Reviews))
 8 SYSTEMPATH\CodeIgniter.php(363): CodeIgniter\CodeIgniter->handleRequest(null, Object(Config\Cache), false)
 9 SYSTEMPATH\Boot.php(417): CodeIgniter\CodeIgniter->run()
10 SYSTEMPATH\Boot.php(68): CodeIgniter\Boot::runCodeIgniter(Object(CodeIgniter\CodeIgniter))
11 FCPATH\index.php(59): CodeIgniter\Boot::bootWeb(Object(Config\Paths))
DEBUG - 2026-08-02 22:45:37 --> Session: Class initialized using 'CodeIgniter\Session\Handlers\FileHandler' driver.
CRITICAL - 2026-08-02 22:45:37 --> ErrorException: Undefined property: stdClass::$version_string
[Method: GET, Route: admin/reviews/sequence/1]
in APPPATH\Views\admin\reviews\player.php on line 102.
 1 APPPATH\Views\admin\reviews\player.php(102): CodeIgniter\Debug\Exceptions->errorHandler(2, 'Undefined property: stdClass::$version_string', 'C:\\xampp\\htdocs\\eso8manager_v0.0.1\\app\\Views\\admin\\reviews\\player.php', 102)
 2 SYSTEMPATH\View\View.php(240): include('C:\\xampp\\htdocs\\eso8manager_v0.0.1\\app\\Views\\admin\\reviews\\player.php')
 3 SYSTEMPATH\View\View.php(243): CodeIgniter\View\View->CodeIgniter\View\{closure}()
 4 SYSTEMPATH\Common.php(1254): CodeIgniter\View\View->render('admin/reviews/player', [], true)
 5 APPPATH\Controllers\Admin\Reviews.php(305): view('admin/reviews/player', [...])
 6 SYSTEMPATH\CodeIgniter.php(974): App\Controllers\Admin\Reviews->sequencePlayer('1')
 7 SYSTEMPATH\CodeIgniter.php(520): CodeIgniter\CodeIgniter->runController(Object(App\Controllers\Admin\Reviews))
 8 SYSTEMPATH\CodeIgniter.php(363): CodeIgniter\CodeIgniter->handleRequest(null, Object(Config\Cache), false)
 9 SYSTEMPATH\Boot.php(417): CodeIgniter\CodeIgniter->run()
10 SYSTEMPATH\Boot.php(68): CodeIgniter\Boot::runCodeIgniter(Object(CodeIgniter\CodeIgniter))
11 FCPATH\index.php(59): CodeIgniter\Boot::bootWeb(Object(Config\Paths))
DEBUG - 2026-08-02 22:46:25 --> Session: Class initialized using 'CodeIgniter\Session\Handlers\FileHandler' driver.
DEBUG - 2026-08-02 22:46:25 --> Session: Class initialized using 'CodeIgniter\Session\Handlers\FileHandler' driver.
DEBUG - 2026-08-02 22:49:43 --> Session: Class initialized using 'CodeIgniter\Session\Handlers\FileHandler' driver.
DEBUG - 2026-08-02 22:49:44 --> Session: Class initialized using 'CodeIgniter\Session\Handlers\FileHandler' driver.
DEBUG - 2026-08-02 22:49:47 --> Session: Class initialized using 'CodeIgniter\Session\Handlers\FileHandler' driver.
DEBUG - 2026-08-02 22:49:57 --> Session: Class initialized using 'CodeIgniter\Session\Handlers\FileHandler' driver.
DEBUG - 2026-08-02 22:50:04 --> Session: Class initialized using 'CodeIgniter\Session\Handlers\FileHandler' driver.
DEBUG - 2026-08-02 22:50:06 --> Session: Class initialized using 'CodeIgniter\Session\Handlers\FileHandler' driver.
DEBUG - 2026-08-02 22:50:07 --> Session: Class initialized using 'CodeIgniter\Session\Handlers\FileHandler' driver.
INFO - 2026-08-02 22:50:17 --> CSRF token verified.
DEBUG - 2026-08-02 22:50:17 --> Session: Class initialized using 'CodeIgniter\Session\Handlers\FileHandler' driver.
DEBUG - 2026-08-02 22:50:18 --> Session: Class initialized using 'CodeIgniter\Session\Handlers\FileHandler' driver.
INFO - 2026-08-02 22:50:25 --> CSRF token verified.
DEBUG - 2026-08-02 22:50:25 --> Session: Class initialized using 'CodeIgniter\Session\Handlers\FileHandler' driver.
DEBUG - 2026-08-02 22:50:25 --> Session: Class initialized using 'CodeIgniter\Session\Handlers\FileHandler' driver.
INFO - 2026-08-02 22:50:26 --> CSRF token verified.
DEBUG - 2026-08-02 22:50:26 --> Session: Class initialized using 'CodeIgniter\Session\Handlers\FileHandler' driver.
DEBUG - 2026-08-02 22:50:26 --> Session: Class initialized using 'CodeIgniter\Session\Handlers\FileHandler' driver.
INFO - 2026-08-02 22:50:32 --> CSRF token verified.
DEBUG - 2026-08-02 22:50:32 --> Session: Class initialized using 'CodeIgniter\Session\Handlers\FileHandler' driver.
DEBUG - 2026-08-02 22:50:33 --> Session: Class initialized using 'CodeIgniter\Session\Handlers\FileHandler' driver.
INFO - 2026-08-02 22:50:34 --> CSRF token verified.
DEBUG - 2026-08-02 22:50:34 --> Session: Class initialized using 'CodeIgniter\Session\Handlers\FileHandler' driver.
DEBUG - 2026-08-02 22:50:34 --> Session: Class initialized using 'CodeIgniter\Session\Handlers\FileHandler' driver.
DEBUG - 2026-08-02 22:50:38 --> Session: Class initialized using 'CodeIgniter\Session\Handlers\FileHandler' driver.
DEBUG - 2026-08-02 22:50:47 --> Session: Class initialized using 'CodeIgniter\Session\Handlers\FileHandler' driver.
INFO - 2026-08-02 22:50:50 --> CSRF token verified.
DEBUG - 2026-08-02 22:50:50 --> Session: Class initialized using 'CodeIgniter\Session\Handlers\FileHandler' driver.
DEBUG - 2026-08-02 22:50:50 --> Session: Class initialized using 'CodeIgniter\Session\Handlers\FileHandler' driver.
DEBUG - 2026-08-02 22:50:51 --> Session: Class initialized using 'CodeIgniter\Session\Handlers\FileHandler' driver.
INFO - 2026-08-02 22:51:12 --> CSRF token verified.
DEBUG - 2026-08-02 22:51:12 --> Session: Class initialized using 'CodeIgniter\Session\Handlers\FileHandler' driver.
DEBUG - 2026-08-02 22:51:12 --> Session: Class initialized using 'CodeIgniter\Session\Handlers\FileHandler' driver.
DEBUG - 2026-08-02 22:51:22 --> Session: Class initialized using 'CodeIgniter\Session\Handlers\FileHandler' driver.
DEBUG - 2026-08-02 22:51:24 --> Session: Class initialized using 'CodeIgniter\Session\Handlers\FileHandler' driver.
DEBUG - 2026-08-02 22:51:25 --> Session: Class initialized using 'CodeIgniter\Session\Handlers\FileHandler' driver.
DEBUG - 2026-08-02 22:51:27 --> Session: Class initialized using 'CodeIgniter\Session\Handlers\FileHandler' driver.
DEBUG - 2026-08-02 22:51:49 --> Session: Class initialized using 'CodeIgniter\Session\Handlers\FileHandler' driver.
DEBUG - 2026-08-02 22:56:23 --> Session: Class initialized using 'CodeIgniter\Session\Handlers\FileHandler' driver.
DEBUG - 2026-08-02 22:56:23 --> Session: Class initialized using 'CodeIgniter\Session\Handlers\FileHandler' driver.
DEBUG - 2026-08-02 22:56:25 --> Session: Class initialized using 'CodeIgniter\Session\Handlers\FileHandler' driver.
DEBUG - 2026-08-02 22:56:25 --> Session: Class initialized using 'CodeIgniter\Session\Handlers\FileHandler' driver.
DEBUG - 2026-08-02 22:56:26 --> Session: Class initialized using 'CodeIgniter\Session\Handlers\FileHandler' driver.
DEBUG - 2026-08-02 22:56:26 --> Session: Class initialized using 'CodeIgniter\Session\Handlers\FileHandler' driver.
DEBUG - 2026-08-02 22:56:27 --> Session: Class initialized using 'CodeIgniter\Session\Handlers\FileHandler' driver.
DEBUG - 2026-08-02 22:56:28 --> Session: Class initialized using 'CodeIgniter\Session\Handlers\FileHandler' driver.
DEBUG - 2026-08-02 22:56:28 --> Session: Class initialized using 'CodeIgniter\Session\Handlers\FileHandler' driver.
DEBUG - 2026-08-02 22:56:28 --> Session: Class initialized using 'CodeIgniter\Session\Handlers\FileHandler' driver.
DEBUG - 2026-08-02 22:56:41 --> Session: Class initialized using 'CodeIgniter\Session\Handlers\FileHandler' driver.
DEBUG - 2026-08-02 22:56:49 --> Session: Class initialized using 'CodeIgniter\Session\Handlers\FileHandler' driver.
DEBUG - 2026-08-02 22:56:49 --> Session: Class initialized using 'CodeIgniter\Session\Handlers\FileHandler' driver.
DEBUG - 2026-08-02 22:56:50 --> Session: Class initialized using 'CodeIgniter\Session\Handlers\FileHandler' driver.
DEBUG - 2026-08-02 23:02:16 --> Session: Class initialized using 'CodeIgniter\Session\Handlers\FileHandler' driver.
DEBUG - 2026-08-02 23:02:16 --> Session: Class initialized using 'CodeIgniter\Session\Handlers\FileHandler' driver.
DEBUG - 2026-08-02 23:02:16 --> Session: Class initialized using 'CodeIgniter\Session\Handlers\FileHandler' driver.
DEBUG - 2026-08-02 23:02:17 --> Session: Class initialized using 'CodeIgniter\Session\Handlers\FileHandler' driver.
DEBUG - 2026-08-02 23:02:18 --> Session: Class initialized using 'CodeIgniter\Session\Handlers\FileHandler' driver.
DEBUG - 2026-08-02 23:02:41 --> Session: Class initialized using 'CodeIgniter\Session\Handlers\FileHandler' driver.
DEBUG - 2026-08-02 23:03:32 --> Session: Class initialized using 'CodeIgniter\Session\Handlers\FileHandler' driver.
DEBUG - 2026-08-02 23:03:33 --> Session: Class initialized using 'CodeIgniter\Session\Handlers\FileHandler' driver.
DEBUG - 2026-08-02 23:03:34 --> Session: Class initialized using 'CodeIgniter\Session\Handlers\FileHandler' driver.
DEBUG - 2026-08-02 23:03:34 --> Session: Class initialized using 'CodeIgniter\Session\Handlers\FileHandler' driver.
DEBUG - 2026-08-02 23:03:34 --> Session: Class initialized using 'CodeIgniter\Session\Handlers\FileHandler' driver.
DEBUG - 2026-08-02 23:03:34 --> Session: Class initialized using 'CodeIgniter\Session\Handlers\FileHandler' driver.
DEBUG - 2026-08-02 23:03:35 --> Session: Class initialized using 'CodeIgniter\Session\Handlers\FileHandler' driver.
DEBUG - 2026-08-02 23:03:36 --> Session: Class initialized using 'CodeIgniter\Session\Handlers\FileHandler' driver.
DEBUG - 2026-08-02 23:03:36 --> Session: Class initialized using 'CodeIgniter\Session\Handlers\FileHandler' driver.
DEBUG - 2026-08-02 23:03:36 --> Session: Class initialized using 'CodeIgniter\Session\Handlers\FileHandler' driver.
DEBUG - 2026-08-02 23:03:36 --> Session: Class initialized using 'CodeIgniter\Session\Handlers\FileHandler' driver.
DEBUG - 2026-08-02 23:03:36 --> Session: Class initialized using 'CodeIgniter\Session\Handlers\FileHandler' driver.
DEBUG - 2026-08-02 23:03:36 --> Session: Class initialized using 'CodeIgniter\Session\Handlers\FileHandler' driver.
DEBUG - 2026-08-02 23:03:36 --> Session: Class initialized using 'CodeIgniter\Session\Handlers\FileHandler' driver.
DEBUG - 2026-08-02 23:03:36 --> Session: Class initialized using 'CodeIgniter\Session\Handlers\FileHandler' driver.
DEBUG - 2026-08-02 23:03:36 --> Session: Class initialized using 'CodeIgniter\Session\Handlers\FileHandler' driver.
DEBUG - 2026-08-02 23:03:36 --> Session: Class initialized using 'CodeIgniter\Session\Handlers\FileHandler' driver.
DEBUG - 2026-08-02 23:03:37 --> Session: Class initialized using 'CodeIgniter\Session\Handlers\FileHandler' driver.
DEBUG - 2026-08-02 23:03:41 --> Session: Class initialized using 'CodeIgniter\Session\Handlers\FileHandler' driver.
DEBUG - 2026-08-02 23:03:58 --> Session: Class initialized using 'CodeIgniter\Session\Handlers\FileHandler' driver.
DEBUG - 2026-08-02 23:03:58 --> Session: Class initialized using 'CodeIgniter\Session\Handlers\FileHandler' driver.
DEBUG - 2026-08-02 23:03:58 --> Session: Class initialized using 'CodeIgniter\Session\Handlers\FileHandler' driver.
DEBUG - 2026-08-02 23:04:36 --> Session: Class initialized using 'CodeIgniter\Session\Handlers\FileHandler' driver.
DEBUG - 2026-08-02 23:04:36 --> Session: Class initialized using 'CodeIgniter\Session\Handlers\FileHandler' driver.
DEBUG - 2026-08-02 23:04:36 --> Session: Class initialized using 'CodeIgniter\Session\Handlers\FileHandler' driver.
DEBUG - 2026-08-02 23:04:36 --> Session: Class initialized using 'CodeIgniter\Session\Handlers\FileHandler' driver.
DEBUG - 2026-08-02 23:04:38 --> Session: Class initialized using 'CodeIgniter\Session\Handlers\FileHandler' driver.
DEBUG - 2026-08-02 23:04:40 --> Session: Class initialized using 'CodeIgniter\Session\Handlers\FileHandler' driver.
DEBUG - 2026-08-02 23:04:43 --> Session: Class initialized using 'CodeIgniter\Session\Handlers\FileHandler' driver.
DEBUG - 2026-08-02 23:09:16 --> Session: Class initialized using 'CodeIgniter\Session\Handlers\FileHandler' driver.
DEBUG - 2026-08-02 23:09:16 --> Session: Class initialized using 'CodeIgniter\Session\Handlers\FileHandler' driver.
DEBUG - 2026-08-02 23:09:16 --> Session: Class initialized using 'CodeIgniter\Session\Handlers\FileHandler' driver.
DEBUG - 2026-08-02 23:09:16 --> Session: Class initialized using 'CodeIgniter\Session\Handlers\FileHandler' driver.
DEBUG - 2026-08-02 23:09:20 --> Session: Class initialized using 'CodeIgniter\Session\Handlers\FileHandler' driver.
DEBUG - 2026-08-02 23:09:22 --> Session: Class initialized using 'CodeIgniter\Session\Handlers\FileHandler' driver.
DEBUG - 2026-08-02 23:09:25 --> Session: Class initialized using 'CodeIgniter\Session\Handlers\FileHandler' driver.
DEBUG - 2026-08-02 23:09:34 --> Session: Class initialized using 'CodeIgniter\Session\Handlers\FileHandler' driver.
DEBUG - 2026-08-02 23:09:34 --> Session: Class initialized using 'CodeIgniter\Session\Handlers\FileHandler' driver.
DEBUG - 2026-08-02 23:09:34 --> Session: Class initialized using 'CodeIgniter\Session\Handlers\FileHandler' driver.
DEBUG - 2026-08-02 23:09:34 --> Session: Class initialized using 'CodeIgniter\Session\Handlers\FileHandler' driver.
DEBUG - 2026-08-02 23:09:40 --> Session: Class initialized using 'CodeIgniter\Session\Handlers\FileHandler' driver.
DEBUG - 2026-08-02 23:09:51 --> Session: Class initialized using 'CodeIgniter\Session\Handlers\FileHandler' driver.
DEBUG - 2026-08-02 23:10:01 --> Session: Class initialized using 'CodeIgniter\Session\Handlers\FileHandler' driver.
DEBUG - 2026-08-02 23:11:29 --> Session: Class initialized using 'CodeIgniter\Session\Handlers\FileHandler' driver.
ERROR - 2026-08-02 23:11:29 --> Unable to prepare statement: 1, no such table: vfx_task_assignments
in SYSTEMPATH\Database\SQLite3\Connection.php on line 164.
 1 SYSTEMPATH\Database\SQLite3\Connection.php(164): SQLite3->query('SELECT `r`.`id` as `review_id`, `rf`.`proxy_path`, `rf`.`file_type`, `r`.`version_string`, `t`.`name` as `task_name`
FROM `reviews` `r`
INNER JOIN `review_files` `rf` ON `rf`.`review_id` = `r`.`id`
LEFT JOIN `vfx_task_assignments` `vta` ON `vta`.`vfx_task_assignment_id` = `r`.`vfx_task_assignment_id`
LEFT JOIN `tasks` `t` ON `t`.`id` = `vta`.`task_id`
WHERE `r`.`shot_id` = 1
AND `rf`.`file_type` = \'video\'
ORDER BY `r`.`created_at` DESC
 LIMIT 1')
 2 SYSTEMPATH\Database\BaseConnection.php(908): CodeIgniter\Database\SQLite3\Connection->execute('SELECT `r`.`id` as `review_id`, `rf`.`proxy_path`, `rf`.`file_type`, `r`.`version_string`, `t`.`name` as `task_name`
FROM `reviews` `r`
INNER JOIN `review_files` `rf` ON `rf`.`review_id` = `r`.`id`
LEFT JOIN `vfx_task_assignments` `vta` ON `vta`.`vfx_task_assignment_id` = `r`.`vfx_task_assignment_id`
LEFT JOIN `tasks` `t` ON `t`.`id` = `vta`.`task_id`
WHERE `r`.`shot_id` = 1
AND `rf`.`file_type` = \'video\'
ORDER BY `r`.`created_at` DESC
 LIMIT 1')
 3 SYSTEMPATH\Database\BaseConnection.php(825): CodeIgniter\Database\BaseConnection->simpleQuery('SELECT `r`.`id` as `review_id`, `rf`.`proxy_path`, `rf`.`file_type`, `r`.`version_string`, `t`.`name` as `task_name`
FROM `reviews` `r`
INNER JOIN `review_files` `rf` ON `rf`.`review_id` = `r`.`id`
LEFT JOIN `vfx_task_assignments` `vta` ON `vta`.`vfx_task_assignment_id` = `r`.`vfx_task_assignment_id`
LEFT JOIN `tasks` `t` ON `t`.`id` = `vta`.`task_id`
WHERE `r`.`shot_id` = 1
AND `rf`.`file_type` = \'video\'
ORDER BY `r`.`created_at` DESC
 LIMIT 1')
 4 SYSTEMPATH\Database\BaseBuilder.php(1647): CodeIgniter\Database\BaseConnection->query('SELECT `r`.`id` as `review_id`, `rf`.`proxy_path`, `rf`.`file_type`, `r`.`version_string`, `t`.`name` as `task_name`
FROM `reviews` `r`
INNER JOIN `review_files` `rf` ON `rf`.`review_id` = `r`.`id`
LEFT JOIN `vfx_task_assignments` `vta` ON `vta`.`vfx_task_assignment_id` = `r`.`vfx_task_assignment_id`
LEFT JOIN `tasks` `t` ON `t`.`id` = `vta`.`task_id`
WHERE `r`.`shot_id` = :r.shot_id:
AND `rf`.`file_type` = :rf.file_type:
ORDER BY `r`.`created_at` DESC
 LIMIT 1', [...], false)
 5 APPPATH\Controllers\Admin\Reviews.php(262): CodeIgniter\Database\BaseBuilder->get()
 6 SYSTEMPATH\CodeIgniter.php(974): App\Controllers\Admin\Reviews->sequencePlayer('1')
 7 SYSTEMPATH\CodeIgniter.php(520): CodeIgniter\CodeIgniter->runController(Object(App\Controllers\Admin\Reviews))
 8 SYSTEMPATH\CodeIgniter.php(363): CodeIgniter\CodeIgniter->handleRequest(null, Object(Config\Cache), false)
 9 SYSTEMPATH\Boot.php(417): CodeIgniter\CodeIgniter->run()
10 SYSTEMPATH\Boot.php(68): CodeIgniter\Boot::runCodeIgniter(Object(CodeIgniter\CodeIgniter))
11 FCPATH\index.php(59): CodeIgniter\Boot::bootWeb(Object(Config\Paths))
CRITICAL - 2026-08-02 23:11:29 --> CodeIgniter\Database\Exceptions\DatabaseException: Unable to prepare statement: 1, no such table: vfx_task_assignments
[Method: GET, Route: admin/reviews/sequence/1]
in SYSTEMPATH\Database\BaseConnection.php on line 863.
 1 SYSTEMPATH\Database\BaseBuilder.php(1647): CodeIgniter\Database\BaseConnection->query('SELECT `r`.`id` as `review_id`, `rf`.`proxy_path`, `rf`.`file_type`, `r`.`version_string`, `t`.`name` as `task_name`
FROM `reviews` `r`
INNER JOIN `review_files` `rf` ON `rf`.`review_id` = `r`.`id`
LEFT JOIN `vfx_task_assignments` `vta` ON `vta`.`vfx_task_assignment_id` = `r`.`vfx_task_assignment_id`
LEFT JOIN `tasks` `t` ON `t`.`id` = `vta`.`task_id`
WHERE `r`.`shot_id` = :r.shot_id:
AND `rf`.`file_type` = :rf.file_type:
ORDER BY `r`.`created_at` DESC
 LIMIT 1', [...], false)
 2 APPPATH\Controllers\Admin\Reviews.php(262): CodeIgniter\Database\BaseBuilder->get()
 3 SYSTEMPATH\CodeIgniter.php(974): App\Controllers\Admin\Reviews->sequencePlayer('1')
 4 SYSTEMPATH\CodeIgniter.php(520): CodeIgniter\CodeIgniter->runController(Object(App\Controllers\Admin\Reviews))
 5 SYSTEMPATH\CodeIgniter.php(363): CodeIgniter\CodeIgniter->handleRequest(null, Object(Config\Cache), false)
 6 SYSTEMPATH\Boot.php(417): CodeIgniter\CodeIgniter->run()
 7 SYSTEMPATH\Boot.php(68): CodeIgniter\Boot::runCodeIgniter(Object(CodeIgniter\CodeIgniter))
 8 FCPATH\index.php(59): CodeIgniter\Boot::bootWeb(Object(Config\Paths))
CRITICAL - 2026-08-02 23:11:29 --> [Caused by] CodeIgniter\Database\Exceptions\DatabaseException: Unable to prepare statement: 1, no such table: vfx_task_assignments
in SYSTEMPATH\Database\SQLite3\Connection.php on line 174.
 1 SYSTEMPATH\Database\BaseConnection.php(908): CodeIgniter\Database\SQLite3\Connection->execute('SELECT `r`.`id` as `review_id`, `rf`.`proxy_path`, `rf`.`file_type`, `r`.`version_string`, `t`.`name` as `task_name`
FROM `reviews` `r`
INNER JOIN `review_files` `rf` ON `rf`.`review_id` = `r`.`id`
LEFT JOIN `vfx_task_assignments` `vta` ON `vta`.`vfx_task_assignment_id` = `r`.`vfx_task_assignment_id`
LEFT JOIN `tasks` `t` ON `t`.`id` = `vta`.`task_id`
WHERE `r`.`shot_id` = 1
AND `rf`.`file_type` = \'video\'
ORDER BY `r`.`created_at` DESC
 LIMIT 1')
 2 SYSTEMPATH\Database\BaseConnection.php(825): CodeIgniter\Database\BaseConnection->simpleQuery('SELECT `r`.`id` as `review_id`, `rf`.`proxy_path`, `rf`.`file_type`, `r`.`version_string`, `t`.`name` as `task_name`
FROM `reviews` `r`
INNER JOIN `review_files` `rf` ON `rf`.`review_id` = `r`.`id`
LEFT JOIN `vfx_task_assignments` `vta` ON `vta`.`vfx_task_assignment_id` = `r`.`vfx_task_assignment_id`
LEFT JOIN `tasks` `t` ON `t`.`id` = `vta`.`task_id`
WHERE `r`.`shot_id` = 1
AND `rf`.`file_type` = \'video\'
ORDER BY `r`.`created_at` DESC
 LIMIT 1')
 3 SYSTEMPATH\Database\BaseBuilder.php(1647): CodeIgniter\Database\BaseConnection->query('SELECT `r`.`id` as `review_id`, `rf`.`proxy_path`, `rf`.`file_type`, `r`.`version_string`, `t`.`name` as `task_name`
FROM `reviews` `r`
INNER JOIN `review_files` `rf` ON `rf`.`review_id` = `r`.`id`
LEFT JOIN `vfx_task_assignments` `vta` ON `vta`.`vfx_task_assignment_id` = `r`.`vfx_task_assignment_id`
LEFT JOIN `tasks` `t` ON `t`.`id` = `vta`.`task_id`
WHERE `r`.`shot_id` = :r.shot_id:
AND `rf`.`file_type` = :rf.file_type:
ORDER BY `r`.`created_at` DESC
 LIMIT 1', [...], false)
 4 APPPATH\Controllers\Admin\Reviews.php(262): CodeIgniter\Database\BaseBuilder->get()
 5 SYSTEMPATH\CodeIgniter.php(974): App\Controllers\Admin\Reviews->sequencePlayer('1')
 6 SYSTEMPATH\CodeIgniter.php(520): CodeIgniter\CodeIgniter->runController(Object(App\Controllers\Admin\Reviews))
 7 SYSTEMPATH\CodeIgniter.php(363): CodeIgniter\CodeIgniter->handleRequest(null, Object(Config\Cache), false)
 8 SYSTEMPATH\Boot.php(417): CodeIgniter\CodeIgniter->run()
 9 SYSTEMPATH\Boot.php(68): CodeIgniter\Boot::runCodeIgniter(Object(CodeIgniter\CodeIgniter))
10 FCPATH\index.php(59): CodeIgniter\Boot::bootWeb(Object(Config\Paths))
CRITICAL - 2026-08-02 23:11:29 --> [Caused by] Exception: Unable to prepare statement: 1, no such table: vfx_task_assignments
in SYSTEMPATH\Database\SQLite3\Connection.php on line 164.
 1 SYSTEMPATH\Database\SQLite3\Connection.php(164): SQLite3->query('SELECT `r`.`id` as `review_id`, `rf`.`proxy_path`, `rf`.`file_type`, `r`.`version_string`, `t`.`name` as `task_name`
FROM `reviews` `r`
INNER JOIN `review_files` `rf` ON `rf`.`review_id` = `r`.`id`
LEFT JOIN `vfx_task_assignments` `vta` ON `vta`.`vfx_task_assignment_id` = `r`.`vfx_task_assignment_id`
LEFT JOIN `tasks` `t` ON `t`.`id` = `vta`.`task_id`
WHERE `r`.`shot_id` = 1
AND `rf`.`file_type` = \'video\'
ORDER BY `r`.`created_at` DESC
 LIMIT 1')
 2 SYSTEMPATH\Database\BaseConnection.php(908): CodeIgniter\Database\SQLite3\Connection->execute('SELECT `r`.`id` as `review_id`, `rf`.`proxy_path`, `rf`.`file_type`, `r`.`version_string`, `t`.`name` as `task_name`
FROM `reviews` `r`
INNER JOIN `review_files` `rf` ON `rf`.`review_id` = `r`.`id`
LEFT JOIN `vfx_task_assignments` `vta` ON `vta`.`vfx_task_assignment_id` = `r`.`vfx_task_assignment_id`
LEFT JOIN `tasks` `t` ON `t`.`id` = `vta`.`task_id`
WHERE `r`.`shot_id` = 1
AND `rf`.`file_type` = \'video\'
ORDER BY `r`.`created_at` DESC
 LIMIT 1')
 3 SYSTEMPATH\Database\BaseConnection.php(825): CodeIgniter\Database\BaseConnection->simpleQuery('SELECT `r`.`id` as `review_id`, `rf`.`proxy_path`, `rf`.`file_type`, `r`.`version_string`, `t`.`name` as `task_name`
FROM `reviews` `r`
INNER JOIN `review_files` `rf` ON `rf`.`review_id` = `r`.`id`
LEFT JOIN `vfx_task_assignments` `vta` ON `vta`.`vfx_task_assignment_id` = `r`.`vfx_task_assignment_id`
LEFT JOIN `tasks` `t` ON `t`.`id` = `vta`.`task_id`
WHERE `r`.`shot_id` = 1
AND `rf`.`file_type` = \'video\'
ORDER BY `r`.`created_at` DESC
 LIMIT 1')
 4 SYSTEMPATH\Database\BaseBuilder.php(1647): CodeIgniter\Database\BaseConnection->query('SELECT `r`.`id` as `review_id`, `rf`.`proxy_path`, `rf`.`file_type`, `r`.`version_string`, `t`.`name` as `task_name`
FROM `reviews` `r`
INNER JOIN `review_files` `rf` ON `rf`.`review_id` = `r`.`id`
LEFT JOIN `vfx_task_assignments` `vta` ON `vta`.`vfx_task_assignment_id` = `r`.`vfx_task_assignment_id`
LEFT JOIN `tasks` `t` ON `t`.`id` = `vta`.`task_id`
WHERE `r`.`shot_id` = :r.shot_id:
AND `rf`.`file_type` = :rf.file_type:
ORDER BY `r`.`created_at` DESC
 LIMIT 1', [...], false)
 5 APPPATH\Controllers\Admin\Reviews.php(262): CodeIgniter\Database\BaseBuilder->get()
 6 SYSTEMPATH\CodeIgniter.php(974): App\Controllers\Admin\Reviews->sequencePlayer('1')
 7 SYSTEMPATH\CodeIgniter.php(520): CodeIgniter\CodeIgniter->runController(Object(App\Controllers\Admin\Reviews))
 8 SYSTEMPATH\CodeIgniter.php(363): CodeIgniter\CodeIgniter->handleRequest(null, Object(Config\Cache), false)
 9 SYSTEMPATH\Boot.php(417): CodeIgniter\CodeIgniter->run()
10 SYSTEMPATH\Boot.php(68): CodeIgniter\Boot::runCodeIgniter(Object(CodeIgniter\CodeIgniter))
11 FCPATH\index.php(59): CodeIgniter\Boot::bootWeb(Object(Config\Paths))
DEBUG - 2026-08-02 23:12:43 --> Session: Class initialized using 'CodeIgniter\Session\Handlers\FileHandler' driver.
ERROR - 2026-08-02 23:12:43 --> Unable to prepare statement: 1, no such table: vfx_task_assignments
in SYSTEMPATH\Database\SQLite3\Connection.php on line 164.
 1 SYSTEMPATH\Database\SQLite3\Connection.php(164): SQLite3->query('SELECT `r`.`id` as `review_id`, `rf`.`proxy_path`, `rf`.`file_type`, `r`.`version_string`, `t`.`name` as `task_name`
FROM `reviews` `r`
INNER JOIN `review_files` `rf` ON `rf`.`review_id` = `r`.`id`
LEFT JOIN `vfx_task_assignments` `vta` ON `vta`.`vfx_task_assignment_id` = `r`.`vfx_task_assignment_id`
LEFT JOIN `tasks` `t` ON `t`.`id` = `vta`.`task_id`
WHERE `r`.`shot_id` = 1
AND `rf`.`file_type` = \'video\'
ORDER BY `r`.`created_at` DESC
 LIMIT 1')
 2 SYSTEMPATH\Database\BaseConnection.php(908): CodeIgniter\Database\SQLite3\Connection->execute('SELECT `r`.`id` as `review_id`, `rf`.`proxy_path`, `rf`.`file_type`, `r`.`version_string`, `t`.`name` as `task_name`
FROM `reviews` `r`
INNER JOIN `review_files` `rf` ON `rf`.`review_id` = `r`.`id`
LEFT JOIN `vfx_task_assignments` `vta` ON `vta`.`vfx_task_assignment_id` = `r`.`vfx_task_assignment_id`
LEFT JOIN `tasks` `t` ON `t`.`id` = `vta`.`task_id`
WHERE `r`.`shot_id` = 1
AND `rf`.`file_type` = \'video\'
ORDER BY `r`.`created_at` DESC
 LIMIT 1')
 3 SYSTEMPATH\Database\BaseConnection.php(825): CodeIgniter\Database\BaseConnection->simpleQuery('SELECT `r`.`id` as `review_id`, `rf`.`proxy_path`, `rf`.`file_type`, `r`.`version_string`, `t`.`name` as `task_name`
FROM `reviews` `r`
INNER JOIN `review_files` `rf` ON `rf`.`review_id` = `r`.`id`
LEFT JOIN `vfx_task_assignments` `vta` ON `vta`.`vfx_task_assignment_id` = `r`.`vfx_task_assignment_id`
LEFT JOIN `tasks` `t` ON `t`.`id` = `vta`.`task_id`
WHERE `r`.`shot_id` = 1
AND `rf`.`file_type` = \'video\'
ORDER BY `r`.`created_at` DESC
 LIMIT 1')
 4 SYSTEMPATH\Database\BaseBuilder.php(1647): CodeIgniter\Database\BaseConnection->query('SELECT `r`.`id` as `review_id`, `rf`.`proxy_path`, `rf`.`file_type`, `r`.`version_string`, `t`.`name` as `task_name`
FROM `reviews` `r`
INNER JOIN `review_files` `rf` ON `rf`.`review_id` = `r`.`id`
LEFT JOIN `vfx_task_assignments` `vta` ON `vta`.`vfx_task_assignment_id` = `r`.`vfx_task_assignment_id`
LEFT JOIN `tasks` `t` ON `t`.`id` = `vta`.`task_id`
WHERE `r`.`shot_id` = :r.shot_id:
AND `rf`.`file_type` = :rf.file_type:
ORDER BY `r`.`created_at` DESC
 LIMIT 1', [...], false)
 5 APPPATH\Controllers\Admin\Reviews.php(262): CodeIgniter\Database\BaseBuilder->get()
 6 SYSTEMPATH\CodeIgniter.php(974): App\Controllers\Admin\Reviews->sequencePlayer('1')
 7 SYSTEMPATH\CodeIgniter.php(520): CodeIgniter\CodeIgniter->runController(Object(App\Controllers\Admin\Reviews))
 8 SYSTEMPATH\CodeIgniter.php(363): CodeIgniter\CodeIgniter->handleRequest(null, Object(Config\Cache), false)
 9 SYSTEMPATH\Boot.php(417): CodeIgniter\CodeIgniter->run()
10 SYSTEMPATH\Boot.php(68): CodeIgniter\Boot::runCodeIgniter(Object(CodeIgniter\CodeIgniter))
11 FCPATH\index.php(59): CodeIgniter\Boot::bootWeb(Object(Config\Paths))
CRITICAL - 2026-08-02 23:12:43 --> CodeIgniter\Database\Exceptions\DatabaseException: Unable to prepare statement: 1, no such table: vfx_task_assignments
[Method: GET, Route: admin/reviews/sequence/1]
in SYSTEMPATH\Database\BaseConnection.php on line 863.
 1 SYSTEMPATH\Database\BaseBuilder.php(1647): CodeIgniter\Database\BaseConnection->query('SELECT `r`.`id` as `review_id`, `rf`.`proxy_path`, `rf`.`file_type`, `r`.`version_string`, `t`.`name` as `task_name`
FROM `reviews` `r`
INNER JOIN `review_files` `rf` ON `rf`.`review_id` = `r`.`id`
LEFT JOIN `vfx_task_assignments` `vta` ON `vta`.`vfx_task_assignment_id` = `r`.`vfx_task_assignment_id`
LEFT JOIN `tasks` `t` ON `t`.`id` = `vta`.`task_id`
WHERE `r`.`shot_id` = :r.shot_id:
AND `rf`.`file_type` = :rf.file_type:
ORDER BY `r`.`created_at` DESC
 LIMIT 1', [...], false)
 2 APPPATH\Controllers\Admin\Reviews.php(262): CodeIgniter\Database\BaseBuilder->get()
 3 SYSTEMPATH\CodeIgniter.php(974): App\Controllers\Admin\Reviews->sequencePlayer('1')
 4 SYSTEMPATH\CodeIgniter.php(520): CodeIgniter\CodeIgniter->runController(Object(App\Controllers\Admin\Reviews))
 5 SYSTEMPATH\CodeIgniter.php(363): CodeIgniter\CodeIgniter->handleRequest(null, Object(Config\Cache), false)
 6 SYSTEMPATH\Boot.php(417): CodeIgniter\CodeIgniter->run()
 7 SYSTEMPATH\Boot.php(68): CodeIgniter\Boot::runCodeIgniter(Object(CodeIgniter\CodeIgniter))
 8 FCPATH\index.php(59): CodeIgniter\Boot::bootWeb(Object(Config\Paths))
CRITICAL - 2026-08-02 23:12:43 --> [Caused by] CodeIgniter\Database\Exceptions\DatabaseException: Unable to prepare statement: 1, no such table: vfx_task_assignments
in SYSTEMPATH\Database\SQLite3\Connection.php on line 174.
 1 SYSTEMPATH\Database\BaseConnection.php(908): CodeIgniter\Database\SQLite3\Connection->execute('SELECT `r`.`id` as `review_id`, `rf`.`proxy_path`, `rf`.`file_type`, `r`.`version_string`, `t`.`name` as `task_name`
FROM `reviews` `r`
INNER JOIN `review_files` `rf` ON `rf`.`review_id` = `r`.`id`
LEFT JOIN `vfx_task_assignments` `vta` ON `vta`.`vfx_task_assignment_id` = `r`.`vfx_task_assignment_id`
LEFT JOIN `tasks` `t` ON `t`.`id` = `vta`.`task_id`
WHERE `r`.`shot_id` = 1
AND `rf`.`file_type` = \'video\'
ORDER BY `r`.`created_at` DESC
 LIMIT 1')
 2 SYSTEMPATH\Database\BaseConnection.php(825): CodeIgniter\Database\BaseConnection->simpleQuery('SELECT `r`.`id` as `review_id`, `rf`.`proxy_path`, `rf`.`file_type`, `r`.`version_string`, `t`.`name` as `task_name`
FROM `reviews` `r`
INNER JOIN `review_files` `rf` ON `rf`.`review_id` = `r`.`id`
LEFT JOIN `vfx_task_assignments` `vta` ON `vta`.`vfx_task_assignment_id` = `r`.`vfx_task_assignment_id`
LEFT JOIN `tasks` `t` ON `t`.`id` = `vta`.`task_id`
WHERE `r`.`shot_id` = 1
AND `rf`.`file_type` = \'video\'
ORDER BY `r`.`created_at` DESC
 LIMIT 1')
 3 SYSTEMPATH\Database\BaseBuilder.php(1647): CodeIgniter\Database\BaseConnection->query('SELECT `r`.`id` as `review_id`, `rf`.`proxy_path`, `rf`.`file_type`, `r`.`version_string`, `t`.`name` as `task_name`
FROM `reviews` `r`
INNER JOIN `review_files` `rf` ON `rf`.`review_id` = `r`.`id`
LEFT JOIN `vfx_task_assignments` `vta` ON `vta`.`vfx_task_assignment_id` = `r`.`vfx_task_assignment_id`
LEFT JOIN `tasks` `t` ON `t`.`id` = `vta`.`task_id`
WHERE `r`.`shot_id` = :r.shot_id:
AND `rf`.`file_type` = :rf.file_type:
ORDER BY `r`.`created_at` DESC
 LIMIT 1', [...], false)
 4 APPPATH\Controllers\Admin\Reviews.php(262): CodeIgniter\Database\BaseBuilder->get()
 5 SYSTEMPATH\CodeIgniter.php(974): App\Controllers\Admin\Reviews->sequencePlayer('1')
 6 SYSTEMPATH\CodeIgniter.php(520): CodeIgniter\CodeIgniter->runController(Object(App\Controllers\Admin\Reviews))
 7 SYSTEMPATH\CodeIgniter.php(363): CodeIgniter\CodeIgniter->handleRequest(null, Object(Config\Cache), false)
 8 SYSTEMPATH\Boot.php(417): CodeIgniter\CodeIgniter->run()
 9 SYSTEMPATH\Boot.php(68): CodeIgniter\Boot::runCodeIgniter(Object(CodeIgniter\CodeIgniter))
10 FCPATH\index.php(59): CodeIgniter\Boot::bootWeb(Object(Config\Paths))
CRITICAL - 2026-08-02 23:12:43 --> [Caused by] Exception: Unable to prepare statement: 1, no such table: vfx_task_assignments
in SYSTEMPATH\Database\SQLite3\Connection.php on line 164.
 1 SYSTEMPATH\Database\SQLite3\Connection.php(164): SQLite3->query('SELECT `r`.`id` as `review_id`, `rf`.`proxy_path`, `rf`.`file_type`, `r`.`version_string`, `t`.`name` as `task_name`
FROM `reviews` `r`
INNER JOIN `review_files` `rf` ON `rf`.`review_id` = `r`.`id`
LEFT JOIN `vfx_task_assignments` `vta` ON `vta`.`vfx_task_assignment_id` = `r`.`vfx_task_assignment_id`
LEFT JOIN `tasks` `t` ON `t`.`id` = `vta`.`task_id`
WHERE `r`.`shot_id` = 1
AND `rf`.`file_type` = \'video\'
ORDER BY `r`.`created_at` DESC
 LIMIT 1')
 2 SYSTEMPATH\Database\BaseConnection.php(908): CodeIgniter\Database\SQLite3\Connection->execute('SELECT `r`.`id` as `review_id`, `rf`.`proxy_path`, `rf`.`file_type`, `r`.`version_string`, `t`.`name` as `task_name`
FROM `reviews` `r`
INNER JOIN `review_files` `rf` ON `rf`.`review_id` = `r`.`id`
LEFT JOIN `vfx_task_assignments` `vta` ON `vta`.`vfx_task_assignment_id` = `r`.`vfx_task_assignment_id`
LEFT JOIN `tasks` `t` ON `t`.`id` = `vta`.`task_id`
WHERE `r`.`shot_id` = 1
AND `rf`.`file_type` = \'video\'
ORDER BY `r`.`created_at` DESC
 LIMIT 1')
 3 SYSTEMPATH\Database\BaseConnection.php(825): CodeIgniter\Database\BaseConnection->simpleQuery('SELECT `r`.`id` as `review_id`, `rf`.`proxy_path`, `rf`.`file_type`, `r`.`version_string`, `t`.`name` as `task_name`
FROM `reviews` `r`
INNER JOIN `review_files` `rf` ON `rf`.`review_id` = `r`.`id`
LEFT JOIN `vfx_task_assignments` `vta` ON `vta`.`vfx_task_assignment_id` = `r`.`vfx_task_assignment_id`
LEFT JOIN `tasks` `t` ON `t`.`id` = `vta`.`task_id`
WHERE `r`.`shot_id` = 1
AND `rf`.`file_type` = \'video\'
ORDER BY `r`.`created_at` DESC
 LIMIT 1')
 4 SYSTEMPATH\Database\BaseBuilder.php(1647): CodeIgniter\Database\BaseConnection->query('SELECT `r`.`id` as `review_id`, `rf`.`proxy_path`, `rf`.`file_type`, `r`.`version_string`, `t`.`name` as `task_name`
FROM `reviews` `r`
INNER JOIN `review_files` `rf` ON `rf`.`review_id` = `r`.`id`
LEFT JOIN `vfx_task_assignments` `vta` ON `vta`.`vfx_task_assignment_id` = `r`.`vfx_task_assignment_id`
LEFT JOIN `tasks` `t` ON `t`.`id` = `vta`.`task_id`
WHERE `r`.`shot_id` = :r.shot_id:
AND `rf`.`file_type` = :rf.file_type:
ORDER BY `r`.`created_at` DESC
 LIMIT 1', [...], false)
 5 APPPATH\Controllers\Admin\Reviews.php(262): CodeIgniter\Database\BaseBuilder->get()
 6 SYSTEMPATH\CodeIgniter.php(974): App\Controllers\Admin\Reviews->sequencePlayer('1')
 7 SYSTEMPATH\CodeIgniter.php(520): CodeIgniter\CodeIgniter->runController(Object(App\Controllers\Admin\Reviews))
 8 SYSTEMPATH\CodeIgniter.php(363): CodeIgniter\CodeIgniter->handleRequest(null, Object(Config\Cache), false)
 9 SYSTEMPATH\Boot.php(417): CodeIgniter\CodeIgniter->run()
10 SYSTEMPATH\Boot.php(68): CodeIgniter\Boot::runCodeIgniter(Object(CodeIgniter\CodeIgniter))
11 FCPATH\index.php(59): CodeIgniter\Boot::bootWeb(Object(Config\Paths))
DEBUG - 2026-08-02 23:12:44 --> Session: Class initialized using 'CodeIgniter\Session\Handlers\FileHandler' driver.
ERROR - 2026-08-02 23:12:44 --> Unable to prepare statement: 1, no such table: vfx_task_assignments
in SYSTEMPATH\Database\SQLite3\Connection.php on line 164.
 1 SYSTEMPATH\Database\SQLite3\Connection.php(164): SQLite3->query('SELECT `r`.`id` as `review_id`, `rf`.`proxy_path`, `rf`.`file_type`, `r`.`version_string`, `t`.`name` as `task_name`
FROM `reviews` `r`
INNER JOIN `review_files` `rf` ON `rf`.`review_id` = `r`.`id`
LEFT JOIN `vfx_task_assignments` `vta` ON `vta`.`vfx_task_assignment_id` = `r`.`vfx_task_assignment_id`
LEFT JOIN `tasks` `t` ON `t`.`id` = `vta`.`task_id`
WHERE `r`.`shot_id` = 1
AND `rf`.`file_type` = \'video\'
ORDER BY `r`.`created_at` DESC
 LIMIT 1')
 2 SYSTEMPATH\Database\BaseConnection.php(908): CodeIgniter\Database\SQLite3\Connection->execute('SELECT `r`.`id` as `review_id`, `rf`.`proxy_path`, `rf`.`file_type`, `r`.`version_string`, `t`.`name` as `task_name`
FROM `reviews` `r`
INNER JOIN `review_files` `rf` ON `rf`.`review_id` = `r`.`id`
LEFT JOIN `vfx_task_assignments` `vta` ON `vta`.`vfx_task_assignment_id` = `r`.`vfx_task_assignment_id`
LEFT JOIN `tasks` `t` ON `t`.`id` = `vta`.`task_id`
WHERE `r`.`shot_id` = 1
AND `rf`.`file_type` = \'video\'
ORDER BY `r`.`created_at` DESC
 LIMIT 1')
 3 SYSTEMPATH\Database\BaseConnection.php(825): CodeIgniter\Database\BaseConnection->simpleQuery('SELECT `r`.`id` as `review_id`, `rf`.`proxy_path`, `rf`.`file_type`, `r`.`version_string`, `t`.`name` as `task_name`
FROM `reviews` `r`
INNER JOIN `review_files` `rf` ON `rf`.`review_id` = `r`.`id`
LEFT JOIN `vfx_task_assignments` `vta` ON `vta`.`vfx_task_assignment_id` = `r`.`vfx_task_assignment_id`
LEFT JOIN `tasks` `t` ON `t`.`id` = `vta`.`task_id`
WHERE `r`.`shot_id` = 1
AND `rf`.`file_type` = \'video\'
ORDER BY `r`.`created_at` DESC
 LIMIT 1')
 4 SYSTEMPATH\Database\BaseBuilder.php(1647): CodeIgniter\Database\BaseConnection->query('SELECT `r`.`id` as `review_id`, `rf`.`proxy_path`, `rf`.`file_type`, `r`.`version_string`, `t`.`name` as `task_name`
FROM `reviews` `r`
INNER JOIN `review_files` `rf` ON `rf`.`review_id` = `r`.`id`
LEFT JOIN `vfx_task_assignments` `vta` ON `vta`.`vfx_task_assignment_id` = `r`.`vfx_task_assignment_id`
LEFT JOIN `tasks` `t` ON `t`.`id` = `vta`.`task_id`
WHERE `r`.`shot_id` = :r.shot_id:
AND `rf`.`file_type` = :rf.file_type:
ORDER BY `r`.`created_at` DESC
 LIMIT 1', [...], false)
 5 APPPATH\Controllers\Admin\Reviews.php(262): CodeIgniter\Database\BaseBuilder->get()
 6 SYSTEMPATH\CodeIgniter.php(974): App\Controllers\Admin\Reviews->sequencePlayer('1')
 7 SYSTEMPATH\CodeIgniter.php(520): CodeIgniter\CodeIgniter->runController(Object(App\Controllers\Admin\Reviews))
 8 SYSTEMPATH\CodeIgniter.php(363): CodeIgniter\CodeIgniter->handleRequest(null, Object(Config\Cache), false)
 9 SYSTEMPATH\Boot.php(417): CodeIgniter\CodeIgniter->run()
10 SYSTEMPATH\Boot.php(68): CodeIgniter\Boot::runCodeIgniter(Object(CodeIgniter\CodeIgniter))
11 FCPATH\index.php(59): CodeIgniter\Boot::bootWeb(Object(Config\Paths))
CRITICAL - 2026-08-02 23:12:44 --> CodeIgniter\Database\Exceptions\DatabaseException: Unable to prepare statement: 1, no such table: vfx_task_assignments
[Method: GET, Route: admin/reviews/sequence/1]
in SYSTEMPATH\Database\BaseConnection.php on line 863.
 1 SYSTEMPATH\Database\BaseBuilder.php(1647): CodeIgniter\Database\BaseConnection->query('SELECT `r`.`id` as `review_id`, `rf`.`proxy_path`, `rf`.`file_type`, `r`.`version_string`, `t`.`name` as `task_name`
FROM `reviews` `r`
INNER JOIN `review_files` `rf` ON `rf`.`review_id` = `r`.`id`
LEFT JOIN `vfx_task_assignments` `vta` ON `vta`.`vfx_task_assignment_id` = `r`.`vfx_task_assignment_id`
LEFT JOIN `tasks` `t` ON `t`.`id` = `vta`.`task_id`
WHERE `r`.`shot_id` = :r.shot_id:
AND `rf`.`file_type` = :rf.file_type:
ORDER BY `r`.`created_at` DESC
 LIMIT 1', [...], false)
 2 APPPATH\Controllers\Admin\Reviews.php(262): CodeIgniter\Database\BaseBuilder->get()
 3 SYSTEMPATH\CodeIgniter.php(974): App\Controllers\Admin\Reviews->sequencePlayer('1')
 4 SYSTEMPATH\CodeIgniter.php(520): CodeIgniter\CodeIgniter->runController(Object(App\Controllers\Admin\Reviews))
 5 SYSTEMPATH\CodeIgniter.php(363): CodeIgniter\CodeIgniter->handleRequest(null, Object(Config\Cache), false)
 6 SYSTEMPATH\Boot.php(417): CodeIgniter\CodeIgniter->run()
 7 SYSTEMPATH\Boot.php(68): CodeIgniter\Boot::runCodeIgniter(Object(CodeIgniter\CodeIgniter))
 8 FCPATH\index.php(59): CodeIgniter\Boot::bootWeb(Object(Config\Paths))
CRITICAL - 2026-08-02 23:12:44 --> [Caused by] CodeIgniter\Database\Exceptions\DatabaseException: Unable to prepare statement: 1, no such table: vfx_task_assignments
in SYSTEMPATH\Database\SQLite3\Connection.php on line 174.
 1 SYSTEMPATH\Database\BaseConnection.php(908): CodeIgniter\Database\SQLite3\Connection->execute('SELECT `r`.`id` as `review_id`, `rf`.`proxy_path`, `rf`.`file_type`, `r`.`version_string`, `t`.`name` as `task_name`
FROM `reviews` `r`
INNER JOIN `review_files` `rf` ON `rf`.`review_id` = `r`.`id`
LEFT JOIN `vfx_task_assignments` `vta` ON `vta`.`vfx_task_assignment_id` = `r`.`vfx_task_assignment_id`
LEFT JOIN `tasks` `t` ON `t`.`id` = `vta`.`task_id`
WHERE `r`.`shot_id` = 1
AND `rf`.`file_type` = \'video\'
ORDER BY `r`.`created_at` DESC
 LIMIT 1')
 2 SYSTEMPATH\Database\BaseConnection.php(825): CodeIgniter\Database\BaseConnection->simpleQuery('SELECT `r`.`id` as `review_id`, `rf`.`proxy_path`, `rf`.`file_type`, `r`.`version_string`, `t`.`name` as `task_name`
FROM `reviews` `r`
INNER JOIN `review_files` `rf` ON `rf`.`review_id` = `r`.`id`
LEFT JOIN `vfx_task_assignments` `vta` ON `vta`.`vfx_task_assignment_id` = `r`.`vfx_task_assignment_id`
LEFT JOIN `tasks` `t` ON `t`.`id` = `vta`.`task_id`
WHERE `r`.`shot_id` = 1
AND `rf`.`file_type` = \'video\'
ORDER BY `r`.`created_at` DESC
 LIMIT 1')
 3 SYSTEMPATH\Database\BaseBuilder.php(1647): CodeIgniter\Database\BaseConnection->query('SELECT `r`.`id` as `review_id`, `rf`.`proxy_path`, `rf`.`file_type`, `r`.`version_string`, `t`.`name` as `task_name`
FROM `reviews` `r`
INNER JOIN `review_files` `rf` ON `rf`.`review_id` = `r`.`id`
LEFT JOIN `vfx_task_assignments` `vta` ON `vta`.`vfx_task_assignment_id` = `r`.`vfx_task_assignment_id`
LEFT JOIN `tasks` `t` ON `t`.`id` = `vta`.`task_id`
WHERE `r`.`shot_id` = :r.shot_id:
AND `rf`.`file_type` = :rf.file_type:
ORDER BY `r`.`created_at` DESC
 LIMIT 1', [...], false)
 4 APPPATH\Controllers\Admin\Reviews.php(262): CodeIgniter\Database\BaseBuilder->get()
 5 SYSTEMPATH\CodeIgniter.php(974): App\Controllers\Admin\Reviews->sequencePlayer('1')
 6 SYSTEMPATH\CodeIgniter.php(520): CodeIgniter\CodeIgniter->runController(Object(App\Controllers\Admin\Reviews))
 7 SYSTEMPATH\CodeIgniter.php(363): CodeIgniter\CodeIgniter->handleRequest(null, Object(Config\Cache), false)
 8 SYSTEMPATH\Boot.php(417): CodeIgniter\CodeIgniter->run()
 9 SYSTEMPATH\Boot.php(68): CodeIgniter\Boot::runCodeIgniter(Object(CodeIgniter\CodeIgniter))
10 FCPATH\index.php(59): CodeIgniter\Boot::bootWeb(Object(Config\Paths))
CRITICAL - 2026-08-02 23:12:44 --> [Caused by] Exception: Unable to prepare statement: 1, no such table: vfx_task_assignments
in SYSTEMPATH\Database\SQLite3\Connection.php on line 164.
 1 SYSTEMPATH\Database\SQLite3\Connection.php(164): SQLite3->query('SELECT `r`.`id` as `review_id`, `rf`.`proxy_path`, `rf`.`file_type`, `r`.`version_string`, `t`.`name` as `task_name`
FROM `reviews` `r`
INNER JOIN `review_files` `rf` ON `rf`.`review_id` = `r`.`id`
LEFT JOIN `vfx_task_assignments` `vta` ON `vta`.`vfx_task_assignment_id` = `r`.`vfx_task_assignment_id`
LEFT JOIN `tasks` `t` ON `t`.`id` = `vta`.`task_id`
WHERE `r`.`shot_id` = 1
AND `rf`.`file_type` = \'video\'
ORDER BY `r`.`created_at` DESC
 LIMIT 1')
 2 SYSTEMPATH\Database\BaseConnection.php(908): CodeIgniter\Database\SQLite3\Connection->execute('SELECT `r`.`id` as `review_id`, `rf`.`proxy_path`, `rf`.`file_type`, `r`.`version_string`, `t`.`name` as `task_name`
FROM `reviews` `r`
INNER JOIN `review_files` `rf` ON `rf`.`review_id` = `r`.`id`
LEFT JOIN `vfx_task_assignments` `vta` ON `vta`.`vfx_task_assignment_id` = `r`.`vfx_task_assignment_id`
LEFT JOIN `tasks` `t` ON `t`.`id` = `vta`.`task_id`
WHERE `r`.`shot_id` = 1
AND `rf`.`file_type` = \'video\'
ORDER BY `r`.`created_at` DESC
 LIMIT 1')
 3 SYSTEMPATH\Database\BaseConnection.php(825): CodeIgniter\Database\BaseConnection->simpleQuery('SELECT `r`.`id` as `review_id`, `rf`.`proxy_path`, `rf`.`file_type`, `r`.`version_string`, `t`.`name` as `task_name`
FROM `reviews` `r`
INNER JOIN `review_files` `rf` ON `rf`.`review_id` = `r`.`id`
LEFT JOIN `vfx_task_assignments` `vta` ON `vta`.`vfx_task_assignment_id` = `r`.`vfx_task_assignment_id`
LEFT JOIN `tasks` `t` ON `t`.`id` = `vta`.`task_id`
WHERE `r`.`shot_id` = 1
AND `rf`.`file_type` = \'video\'
ORDER BY `r`.`created_at` DESC
 LIMIT 1')
 4 SYSTEMPATH\Database\BaseBuilder.php(1647): CodeIgniter\Database\BaseConnection->query('SELECT `r`.`id` as `review_id`, `rf`.`proxy_path`, `rf`.`file_type`, `r`.`version_string`, `t`.`name` as `task_name`
FROM `reviews` `r`
INNER JOIN `review_files` `rf` ON `rf`.`review_id` = `r`.`id`
LEFT JOIN `vfx_task_assignments` `vta` ON `vta`.`vfx_task_assignment_id` = `r`.`vfx_task_assignment_id`
LEFT JOIN `tasks` `t` ON `t`.`id` = `vta`.`task_id`
WHERE `r`.`shot_id` = :r.shot_id:
AND `rf`.`file_type` = :rf.file_type:
ORDER BY `r`.`created_at` DESC
 LIMIT 1', [...], false)
 5 APPPATH\Controllers\Admin\Reviews.php(262): CodeIgniter\Database\BaseBuilder->get()
 6 SYSTEMPATH\CodeIgniter.php(974): App\Controllers\Admin\Reviews->sequencePlayer('1')
 7 SYSTEMPATH\CodeIgniter.php(520): CodeIgniter\CodeIgniter->runController(Object(App\Controllers\Admin\Reviews))
 8 SYSTEMPATH\CodeIgniter.php(363): CodeIgniter\CodeIgniter->handleRequest(null, Object(Config\Cache), false)
 9 SYSTEMPATH\Boot.php(417): CodeIgniter\CodeIgniter->run()
10 SYSTEMPATH\Boot.php(68): CodeIgniter\Boot::runCodeIgniter(Object(CodeIgniter\CodeIgniter))
11 FCPATH\index.php(59): CodeIgniter\Boot::bootWeb(Object(Config\Paths))
DEBUG - 2026-08-02 23:12:44 --> Session: Class initialized using 'CodeIgniter\Session\Handlers\FileHandler' driver.
ERROR - 2026-08-02 23:12:44 --> Unable to prepare statement: 1, no such table: vfx_task_assignments
in SYSTEMPATH\Database\SQLite3\Connection.php on line 164.
 1 SYSTEMPATH\Database\SQLite3\Connection.php(164): SQLite3->query('SELECT `r`.`id` as `review_id`, `rf`.`proxy_path`, `rf`.`file_type`, `r`.`version_string`, `t`.`name` as `task_name`
FROM `reviews` `r`
INNER JOIN `review_files` `rf` ON `rf`.`review_id` = `r`.`id`
LEFT JOIN `vfx_task_assignments` `vta` ON `vta`.`vfx_task_assignment_id` = `r`.`vfx_task_assignment_id`
LEFT JOIN `tasks` `t` ON `t`.`id` = `vta`.`task_id`
WHERE `r`.`shot_id` = 1
AND `rf`.`file_type` = \'video\'
ORDER BY `r`.`created_at` DESC
 LIMIT 1')
 2 SYSTEMPATH\Database\BaseConnection.php(908): CodeIgniter\Database\SQLite3\Connection->execute('SELECT `r`.`id` as `review_id`, `rf`.`proxy_path`, `rf`.`file_type`, `r`.`version_string`, `t`.`name` as `task_name`
FROM `reviews` `r`
INNER JOIN `review_files` `rf` ON `rf`.`review_id` = `r`.`id`
LEFT JOIN `vfx_task_assignments` `vta` ON `vta`.`vfx_task_assignment_id` = `r`.`vfx_task_assignment_id`
LEFT JOIN `tasks` `t` ON `t`.`id` = `vta`.`task_id`
WHERE `r`.`shot_id` = 1
AND `rf`.`file_type` = \'video\'
ORDER BY `r`.`created_at` DESC
 LIMIT 1')
 3 SYSTEMPATH\Database\BaseConnection.php(825): CodeIgniter\Database\BaseConnection->simpleQuery('SELECT `r`.`id` as `review_id`, `rf`.`proxy_path`, `rf`.`file_type`, `r`.`version_string`, `t`.`name` as `task_name`
FROM `reviews` `r`
INNER JOIN `review_files` `rf` ON `rf`.`review_id` = `r`.`id`
LEFT JOIN `vfx_task_assignments` `vta` ON `vta`.`vfx_task_assignment_id` = `r`.`vfx_task_assignment_id`
LEFT JOIN `tasks` `t` ON `t`.`id` = `vta`.`task_id`
WHERE `r`.`shot_id` = 1
AND `rf`.`file_type` = \'video\'
ORDER BY `r`.`created_at` DESC
 LIMIT 1')
 4 SYSTEMPATH\Database\BaseBuilder.php(1647): CodeIgniter\Database\BaseConnection->query('SELECT `r`.`id` as `review_id`, `rf`.`proxy_path`, `rf`.`file_type`, `r`.`version_string`, `t`.`name` as `task_name`
FROM `reviews` `r`
INNER JOIN `review_files` `rf` ON `rf`.`review_id` = `r`.`id`
LEFT JOIN `vfx_task_assignments` `vta` ON `vta`.`vfx_task_assignment_id` = `r`.`vfx_task_assignment_id`
LEFT JOIN `tasks` `t` ON `t`.`id` = `vta`.`task_id`
WHERE `r`.`shot_id` = :r.shot_id:
AND `rf`.`file_type` = :rf.file_type:
ORDER BY `r`.`created_at` DESC
 LIMIT 1', [...], false)
 5 APPPATH\Controllers\Admin\Reviews.php(262): CodeIgniter\Database\BaseBuilder->get()
 6 SYSTEMPATH\CodeIgniter.php(974): App\Controllers\Admin\Reviews->sequencePlayer('1')
 7 SYSTEMPATH\CodeIgniter.php(520): CodeIgniter\CodeIgniter->runController(Object(App\Controllers\Admin\Reviews))
 8 SYSTEMPATH\CodeIgniter.php(363): CodeIgniter\CodeIgniter->handleRequest(null, Object(Config\Cache), false)
 9 SYSTEMPATH\Boot.php(417): CodeIgniter\CodeIgniter->run()
10 SYSTEMPATH\Boot.php(68): CodeIgniter\Boot::runCodeIgniter(Object(CodeIgniter\CodeIgniter))
11 FCPATH\index.php(59): CodeIgniter\Boot::bootWeb(Object(Config\Paths))
CRITICAL - 2026-08-02 23:12:44 --> CodeIgniter\Database\Exceptions\DatabaseException: Unable to prepare statement: 1, no such table: vfx_task_assignments
[Method: GET, Route: admin/reviews/sequence/1]
in SYSTEMPATH\Database\BaseConnection.php on line 863.
 1 SYSTEMPATH\Database\BaseBuilder.php(1647): CodeIgniter\Database\BaseConnection->query('SELECT `r`.`id` as `review_id`, `rf`.`proxy_path`, `rf`.`file_type`, `r`.`version_string`, `t`.`name` as `task_name`
FROM `reviews` `r`
INNER JOIN `review_files` `rf` ON `rf`.`review_id` = `r`.`id`
LEFT JOIN `vfx_task_assignments` `vta` ON `vta`.`vfx_task_assignment_id` = `r`.`vfx_task_assignment_id`
LEFT JOIN `tasks` `t` ON `t`.`id` = `vta`.`task_id`
WHERE `r`.`shot_id` = :r.shot_id:
AND `rf`.`file_type` = :rf.file_type:
ORDER BY `r`.`created_at` DESC
 LIMIT 1', [...], false)
 2 APPPATH\Controllers\Admin\Reviews.php(262): CodeIgniter\Database\BaseBuilder->get()
 3 SYSTEMPATH\CodeIgniter.php(974): App\Controllers\Admin\Reviews->sequencePlayer('1')
 4 SYSTEMPATH\CodeIgniter.php(520): CodeIgniter\CodeIgniter->runController(Object(App\Controllers\Admin\Reviews))
 5 SYSTEMPATH\CodeIgniter.php(363): CodeIgniter\CodeIgniter->handleRequest(null, Object(Config\Cache), false)
 6 SYSTEMPATH\Boot.php(417): CodeIgniter\CodeIgniter->run()
 7 SYSTEMPATH\Boot.php(68): CodeIgniter\Boot::runCodeIgniter(Object(CodeIgniter\CodeIgniter))
 8 FCPATH\index.php(59): CodeIgniter\Boot::bootWeb(Object(Config\Paths))
CRITICAL - 2026-08-02 23:12:44 --> [Caused by] CodeIgniter\Database\Exceptions\DatabaseException: Unable to prepare statement: 1, no such table: vfx_task_assignments
in SYSTEMPATH\Database\SQLite3\Connection.php on line 174.
 1 SYSTEMPATH\Database\BaseConnection.php(908): CodeIgniter\Database\SQLite3\Connection->execute('SELECT `r`.`id` as `review_id`, `rf`.`proxy_path`, `rf`.`file_type`, `r`.`version_string`, `t`.`name` as `task_name`
FROM `reviews` `r`
INNER JOIN `review_files` `rf` ON `rf`.`review_id` = `r`.`id`
LEFT JOIN `vfx_task_assignments` `vta` ON `vta`.`vfx_task_assignment_id` = `r`.`vfx_task_assignment_id`
LEFT JOIN `tasks` `t` ON `t`.`id` = `vta`.`task_id`
WHERE `r`.`shot_id` = 1
AND `rf`.`file_type` = \'video\'
ORDER BY `r`.`created_at` DESC
 LIMIT 1')
 2 SYSTEMPATH\Database\BaseConnection.php(825): CodeIgniter\Database\BaseConnection->simpleQuery('SELECT `r`.`id` as `review_id`, `rf`.`proxy_path`, `rf`.`file_type`, `r`.`version_string`, `t`.`name` as `task_name`
FROM `reviews` `r`
INNER JOIN `review_files` `rf` ON `rf`.`review_id` = `r`.`id`
LEFT JOIN `vfx_task_assignments` `vta` ON `vta`.`vfx_task_assignment_id` = `r`.`vfx_task_assignment_id`
LEFT JOIN `tasks` `t` ON `t`.`id` = `vta`.`task_id`
WHERE `r`.`shot_id` = 1
AND `rf`.`file_type` = \'video\'
ORDER BY `r`.`created_at` DESC
 LIMIT 1')
 3 SYSTEMPATH\Database\BaseBuilder.php(1647): CodeIgniter\Database\BaseConnection->query('SELECT `r`.`id` as `review_id`, `rf`.`proxy_path`, `rf`.`file_type`, `r`.`version_string`, `t`.`name` as `task_name`
FROM `reviews` `r`
INNER JOIN `review_files` `rf` ON `rf`.`review_id` = `r`.`id`
LEFT JOIN `vfx_task_assignments` `vta` ON `vta`.`vfx_task_assignment_id` = `r`.`vfx_task_assignment_id`
LEFT JOIN `tasks` `t` ON `t`.`id` = `vta`.`task_id`
WHERE `r`.`shot_id` = :r.shot_id:
AND `rf`.`file_type` = :rf.file_type:
ORDER BY `r`.`created_at` DESC
 LIMIT 1', [...], false)
 4 APPPATH\Controllers\Admin\Reviews.php(262): CodeIgniter\Database\BaseBuilder->get()
 5 SYSTEMPATH\CodeIgniter.php(974): App\Controllers\Admin\Reviews->sequencePlayer('1')
 6 SYSTEMPATH\CodeIgniter.php(520): CodeIgniter\CodeIgniter->runController(Object(App\Controllers\Admin\Reviews))
 7 SYSTEMPATH\CodeIgniter.php(363): CodeIgniter\CodeIgniter->handleRequest(null, Object(Config\Cache), false)
 8 SYSTEMPATH\Boot.php(417): CodeIgniter\CodeIgniter->run()
 9 SYSTEMPATH\Boot.php(68): CodeIgniter\Boot::runCodeIgniter(Object(CodeIgniter\CodeIgniter))
10 FCPATH\index.php(59): CodeIgniter\Boot::bootWeb(Object(Config\Paths))
CRITICAL - 2026-08-02 23:12:44 --> [Caused by] Exception: Unable to prepare statement: 1, no such table: vfx_task_assignments
in SYSTEMPATH\Database\SQLite3\Connection.php on line 164.
 1 SYSTEMPATH\Database\SQLite3\Connection.php(164): SQLite3->query('SELECT `r`.`id` as `review_id`, `rf`.`proxy_path`, `rf`.`file_type`, `r`.`version_string`, `t`.`name` as `task_name`
FROM `reviews` `r`
INNER JOIN `review_files` `rf` ON `rf`.`review_id` = `r`.`id`
LEFT JOIN `vfx_task_assignments` `vta` ON `vta`.`vfx_task_assignment_id` = `r`.`vfx_task_assignment_id`
LEFT JOIN `tasks` `t` ON `t`.`id` = `vta`.`task_id`
WHERE `r`.`shot_id` = 1
AND `rf`.`file_type` = \'video\'
ORDER BY `r`.`created_at` DESC
 LIMIT 1')
 2 SYSTEMPATH\Database\BaseConnection.php(908): CodeIgniter\Database\SQLite3\Connection->execute('SELECT `r`.`id` as `review_id`, `rf`.`proxy_path`, `rf`.`file_type`, `r`.`version_string`, `t`.`name` as `task_name`
FROM `reviews` `r`
INNER JOIN `review_files` `rf` ON `rf`.`review_id` = `r`.`id`
LEFT JOIN `vfx_task_assignments` `vta` ON `vta`.`vfx_task_assignment_id` = `r`.`vfx_task_assignment_id`
LEFT JOIN `tasks` `t` ON `t`.`id` = `vta`.`task_id`
WHERE `r`.`shot_id` = 1
AND `rf`.`file_type` = \'video\'
ORDER BY `r`.`created_at` DESC
 LIMIT 1')
 3 SYSTEMPATH\Database\BaseConnection.php(825): CodeIgniter\Database\BaseConnection->simpleQuery('SELECT `r`.`id` as `review_id`, `rf`.`proxy_path`, `rf`.`file_type`, `r`.`version_string`, `t`.`name` as `task_name`
FROM `reviews` `r`
INNER JOIN `review_files` `rf` ON `rf`.`review_id` = `r`.`id`
LEFT JOIN `vfx_task_assignments` `vta` ON `vta`.`vfx_task_assignment_id` = `r`.`vfx_task_assignment_id`
LEFT JOIN `tasks` `t` ON `t`.`id` = `vta`.`task_id`
WHERE `r`.`shot_id` = 1
AND `rf`.`file_type` = \'video\'
ORDER BY `r`.`created_at` DESC
 LIMIT 1')
 4 SYSTEMPATH\Database\BaseBuilder.php(1647): CodeIgniter\Database\BaseConnection->query('SELECT `r`.`id` as `review_id`, `rf`.`proxy_path`, `rf`.`file_type`, `r`.`version_string`, `t`.`name` as `task_name`
FROM `reviews` `r`
INNER JOIN `review_files` `rf` ON `rf`.`review_id` = `r`.`id`
LEFT JOIN `vfx_task_assignments` `vta` ON `vta`.`vfx_task_assignment_id` = `r`.`vfx_task_assignment_id`
LEFT JOIN `tasks` `t` ON `t`.`id` = `vta`.`task_id`
WHERE `r`.`shot_id` = :r.shot_id:
AND `rf`.`file_type` = :rf.file_type:
ORDER BY `r`.`created_at` DESC
 LIMIT 1', [...], false)
 5 APPPATH\Controllers\Admin\Reviews.php(262): CodeIgniter\Database\BaseBuilder->get()
 6 SYSTEMPATH\CodeIgniter.php(974): App\Controllers\Admin\Reviews->sequencePlayer('1')
 7 SYSTEMPATH\CodeIgniter.php(520): CodeIgniter\CodeIgniter->runController(Object(App\Controllers\Admin\Reviews))
 8 SYSTEMPATH\CodeIgniter.php(363): CodeIgniter\CodeIgniter->handleRequest(null, Object(Config\Cache), false)
 9 SYSTEMPATH\Boot.php(417): CodeIgniter\CodeIgniter->run()
10 SYSTEMPATH\Boot.php(68): CodeIgniter\Boot::runCodeIgniter(Object(CodeIgniter\CodeIgniter))
11 FCPATH\index.php(59): CodeIgniter\Boot::bootWeb(Object(Config\Paths))
DEBUG - 2026-08-02 23:16:04 --> Session: Class initialized using 'CodeIgniter\Session\Handlers\FileHandler' driver.
DEBUG - 2026-08-02 23:16:04 --> Session: Class initialized using 'CodeIgniter\Session\Handlers\FileHandler' driver.
DEBUG - 2026-08-02 23:16:04 --> Session: Class initialized using 'CodeIgniter\Session\Handlers\FileHandler' driver.
DEBUG - 2026-08-02 23:16:05 --> Session: Class initialized using 'CodeIgniter\Session\Handlers\FileHandler' driver.
DEBUG - 2026-08-02 23:16:09 --> Session: Class initialized using 'CodeIgniter\Session\Handlers\FileHandler' driver.
DEBUG - 2026-08-02 23:16:09 --> Session: Class initialized using 'CodeIgniter\Session\Handlers\FileHandler' driver.
DEBUG - 2026-08-02 23:16:31 --> Session: Class initialized using 'CodeIgniter\Session\Handlers\FileHandler' driver.
DEBUG - 2026-08-02 23:17:10 --> Session: Class initialized using 'CodeIgniter\Session\Handlers\FileHandler' driver.
DEBUG - 2026-08-02 23:17:10 --> Session: Class initialized using 'CodeIgniter\Session\Handlers\FileHandler' driver.
DEBUG - 2026-08-02 23:17:10 --> Session: Class initialized using 'CodeIgniter\Session\Handlers\FileHandler' driver.
DEBUG - 2026-08-02 23:17:18 --> Session: Class initialized using 'CodeIgniter\Session\Handlers\FileHandler' driver.
DEBUG - 2026-08-02 23:17:18 --> Session: Class initialized using 'CodeIgniter\Session\Handlers\FileHandler' driver.
DEBUG - 2026-08-02 23:17:19 --> Session: Class initialized using 'CodeIgniter\Session\Handlers\FileHandler' driver.
DEBUG - 2026-08-02 23:17:22 --> Session: Class initialized using 'CodeIgniter\Session\Handlers\FileHandler' driver.
DEBUG - 2026-08-02 23:17:22 --> Session: Class initialized using 'CodeIgniter\Session\Handlers\FileHandler' driver.
DEBUG - 2026-08-02 23:17:29 --> Session: Class initialized using 'CodeIgniter\Session\Handlers\FileHandler' driver.
DEBUG - 2026-08-02 23:17:29 --> Session: Class initialized using 'CodeIgniter\Session\Handlers\FileHandler' driver.
DEBUG - 2026-08-02 23:17:31 --> Session: Class initialized using 'CodeIgniter\Session\Handlers\FileHandler' driver.
DEBUG - 2026-08-02 23:18:05 --> Session: Class initialized using 'CodeIgniter\Session\Handlers\FileHandler' driver.
DEBUG - 2026-08-02 23:18:05 --> Session: Class initialized using 'CodeIgniter\Session\Handlers\FileHandler' driver.
DEBUG - 2026-08-02 23:18:05 --> Session: Class initialized using 'CodeIgniter\Session\Handlers\FileHandler' driver.
DEBUG - 2026-08-02 23:18:05 --> Session: Class initialized using 'CodeIgniter\Session\Handlers\FileHandler' driver.
DEBUG - 2026-08-02 23:18:11 --> Session: Class initialized using 'CodeIgniter\Session\Handlers\FileHandler' driver.
DEBUG - 2026-08-02 23:18:12 --> Session: Class initialized using 'CodeIgniter\Session\Handlers\FileHandler' driver.
DEBUG - 2026-08-02 23:18:12 --> Session: Class initialized using 'CodeIgniter\Session\Handlers\FileHandler' driver.
DEBUG - 2026-08-02 23:18:12 --> Session: Class initialized using 'CodeIgniter\Session\Handlers\FileHandler' driver.
DEBUG - 2026-08-02 23:18:21 --> Session: Class initialized using 'CodeIgniter\Session\Handlers\FileHandler' driver.
DEBUG - 2026-08-02 23:19:05 --> Session: Class initialized using 'CodeIgniter\Session\Handlers\FileHandler' driver.
DEBUG - 2026-08-02 23:19:05 --> Session: Class initialized using 'CodeIgniter\Session\Handlers\FileHandler' driver.
DEBUG - 2026-08-02 23:19:05 --> Session: Class initialized using 'CodeIgniter\Session\Handlers\FileHandler' driver.
DEBUG - 2026-08-02 23:19:05 --> Session: Class initialized using 'CodeIgniter\Session\Handlers\FileHandler' driver.
DEBUG - 2026-08-02 23:19:49 --> Session: Class initialized using 'CodeIgniter\Session\Handlers\FileHandler' driver.
DEBUG - 2026-08-02 23:19:54 --> Session: Class initialized using 'CodeIgniter\Session\Handlers\FileHandler' driver.
DEBUG - 2026-08-02 23:19:56 --> Session: Class initialized using 'CodeIgniter\Session\Handlers\FileHandler' driver.
INFO - 2026-08-02 23:20:25 --> CSRF token verified.
DEBUG - 2026-08-02 23:20:25 --> Session: Class initialized using 'CodeIgniter\Session\Handlers\FileHandler' driver.
INFO - 2026-08-02 23:20:32 --> CSRF token verified.
DEBUG - 2026-08-02 23:20:32 --> Session: Class initialized using 'CodeIgniter\Session\Handlers\FileHandler' driver.
DEBUG - 2026-08-02 23:20:34 --> Session: Class initialized using 'CodeIgniter\Session\Handlers\FileHandler' driver.
DEBUG - 2026-08-02 23:20:40 --> Session: Class initialized using 'CodeIgniter\Session\Handlers\FileHandler' driver.
DEBUG - 2026-08-02 23:21:15 --> Session: Class initialized using 'CodeIgniter\Session\Handlers\FileHandler' driver.
DEBUG - 2026-08-02 23:21:15 --> Session: Class initialized using 'CodeIgniter\Session\Handlers\FileHandler' driver.
DEBUG - 2026-08-02 23:21:15 --> Session: Class initialized using 'CodeIgniter\Session\Handlers\FileHandler' driver.
DEBUG - 2026-08-02 23:21:15 --> Session: Class initialized using 'CodeIgniter\Session\Handlers\FileHandler' driver.
DEBUG - 2026-08-02 23:21:17 --> Session: Class initialized using 'CodeIgniter\Session\Handlers\FileHandler' driver.
DEBUG - 2026-08-02 23:21:17 --> Session: Class initialized using 'CodeIgniter\Session\Handlers\FileHandler' driver.
DEBUG - 2026-08-02 23:21:17 --> Session: Class initialized using 'CodeIgniter\Session\Handlers\FileHandler' driver.
DEBUG - 2026-08-02 23:21:18 --> Session: Class initialized using 'CodeIgniter\Session\Handlers\FileHandler' driver.
DEBUG - 2026-08-02 23:27:57 --> Session: Class initialized using 'CodeIgniter\Session\Handlers\FileHandler' driver.
DEBUG - 2026-08-02 23:27:57 --> Session: Class initialized using 'CodeIgniter\Session\Handlers\FileHandler' driver.
DEBUG - 2026-08-02 23:27:57 --> Session: Class initialized using 'CodeIgniter\Session\Handlers\FileHandler' driver.
DEBUG - 2026-08-02 23:27:57 --> Session: Class initialized using 'CodeIgniter\Session\Handlers\FileHandler' driver.
DEBUG - 2026-08-02 23:28:04 --> Session: Class initialized using 'CodeIgniter\Session\Handlers\FileHandler' driver.
DEBUG - 2026-08-02 23:28:04 --> Session: Class initialized using 'CodeIgniter\Session\Handlers\FileHandler' driver.
DEBUG - 2026-08-02 23:28:04 --> Session: Class initialized using 'CodeIgniter\Session\Handlers\FileHandler' driver.
DEBUG - 2026-08-02 23:28:05 --> Session: Class initialized using 'CodeIgniter\Session\Handlers\FileHandler' driver.
DEBUG - 2026-08-02 23:29:36 --> Session: Class initialized using 'CodeIgniter\Session\Handlers\FileHandler' driver.
DEBUG - 2026-08-02 23:29:37 --> Session: Class initialized using 'CodeIgniter\Session\Handlers\FileHandler' driver.
DEBUG - 2026-08-02 23:29:37 --> Session: Class initialized using 'CodeIgniter\Session\Handlers\FileHandler' driver.
DEBUG - 2026-08-02 23:29:37 --> Session: Class initialized using 'CodeIgniter\Session\Handlers\FileHandler' driver.
DEBUG - 2026-08-02 23:29:37 --> Session: Class initialized using 'CodeIgniter\Session\Handlers\FileHandler' driver.
DEBUG - 2026-08-02 23:29:42 --> Session: Class initialized using 'CodeIgniter\Session\Handlers\FileHandler' driver.
DEBUG - 2026-08-02 23:29:42 --> Session: Class initialized using 'CodeIgniter\Session\Handlers\FileHandler' driver.
DEBUG - 2026-08-02 23:29:42 --> Session: Class initialized using 'CodeIgniter\Session\Handlers\FileHandler' driver.
DEBUG - 2026-08-02 23:29:43 --> Session: Class initialized using 'CodeIgniter\Session\Handlers\FileHandler' driver.
DEBUG - 2026-08-02 23:37:21 --> Session: Class initialized using 'CodeIgniter\Session\Handlers\FileHandler' driver.
DEBUG - 2026-08-02 23:37:22 --> Session: Class initialized using 'CodeIgniter\Session\Handlers\FileHandler' driver.
DEBUG - 2026-08-02 23:37:22 --> Session: Class initialized using 'CodeIgniter\Session\Handlers\FileHandler' driver.
DEBUG - 2026-08-02 23:37:22 --> Session: Class initialized using 'CodeIgniter\Session\Handlers\FileHandler' driver.
DEBUG - 2026-08-02 23:38:05 --> Session: Class initialized using 'CodeIgniter\Session\Handlers\FileHandler' driver.
DEBUG - 2026-08-02 23:38:05 --> Session: Class initialized using 'CodeIgniter\Session\Handlers\FileHandler' driver.
DEBUG - 2026-08-02 23:38:05 --> Session: Class initialized using 'CodeIgniter\Session\Handlers\FileHandler' driver.
DEBUG - 2026-08-02 23:38:05 --> Session: Class initialized using 'CodeIgniter\Session\Handlers\FileHandler' driver.
DEBUG - 2026-08-02 23:38:09 --> Session: Class initialized using 'CodeIgniter\Session\Handlers\FileHandler' driver.
DEBUG - 2026-08-02 23:38:31 --> Session: Class initialized using 'CodeIgniter\Session\Handlers\FileHandler' driver.
DEBUG - 2026-08-02 23:38:40 --> Session: Class initialized using 'CodeIgniter\Session\Handlers\FileHandler' driver.
DEBUG - 2026-08-02 23:38:42 --> Session: Class initialized using 'CodeIgniter\Session\Handlers\FileHandler' driver.
DEBUG - 2026-08-02 23:38:45 --> Session: Class initialized using 'CodeIgniter\Session\Handlers\FileHandler' driver.
DEBUG - 2026-08-02 23:46:17 --> Session: Class initialized using 'CodeIgniter\Session\Handlers\FileHandler' driver.
INFO - 2026-08-02 23:46:24 --> CSRF token verified.
DEBUG - 2026-08-02 23:46:24 --> Session: Class initialized using 'CodeIgniter\Session\Handlers\FileHandler' driver.
DEBUG - 2026-08-02 23:47:43 --> Session: Class initialized using 'CodeIgniter\Session\Handlers\FileHandler' driver.
INFO - 2026-08-02 23:54:41 --> CSRF token verified.
DEBUG - 2026-08-02 23:54:41 --> Session: Class initialized using 'CodeIgniter\Session\Handlers\FileHandler' driver.
DEBUG - 2026-08-02 23:54:50 --> Session: Class initialized using 'CodeIgniter\Session\Handlers\FileHandler' driver.
INFO - 2026-08-02 23:56:01 --> CSRF token verified.
DEBUG - 2026-08-02 23:56:01 --> Session: Class initialized using 'CodeIgniter\Session\Handlers\FileHandler' driver.
DEBUG - 2026-08-02 23:56:01 --> Session: Class initialized using 'CodeIgniter\Session\Handlers\FileHandler' driver.
INFO - 2026-08-02 23:56:44 --> CSRF token verified.
DEBUG - 2026-08-02 23:56:44 --> Session: Class initialized using 'CodeIgniter\Session\Handlers\FileHandler' driver.
DEBUG - 2026-08-02 23:56:44 --> Session: Class initialized using 'CodeIgniter\Session\Handlers\FileHandler' driver.
DEBUG - 2026-08-02 23:57:03 --> Session: Class initialized using 'CodeIgniter\Session\Handlers\FileHandler' driver.
DEBUG - 2026-08-02 23:57:10 --> Session: Class initialized using 'CodeIgniter\Session\Handlers\FileHandler' driver.
DEBUG - 2026-08-02 23:57:19 --> Session: Class initialized using 'CodeIgniter\Session\Handlers\FileHandler' driver.
DEBUG - 2026-08-02 23:57:28 --> Session: Class initialized using 'CodeIgniter\Session\Handlers\FileHandler' driver.
DEBUG - 2026-08-02 23:57:33 --> Session: Class initialized using 'CodeIgniter\Session\Handlers\FileHandler' driver.
INFO - 2026-08-02 23:58:41 --> CSRF token verified.
DEBUG - 2026-08-02 23:58:41 --> Session: Class initialized using 'CodeIgniter\Session\Handlers\FileHandler' driver.
DEBUG - 2026-08-02 23:58:42 --> Session: Class initialized using 'CodeIgniter\Session\Handlers\FileHandler' driver.
INFO - 2026-08-02 23:59:18 --> CSRF token verified.
DEBUG - 2026-08-02 23:59:18 --> Session: Class initialized using 'CodeIgniter\Session\Handlers\FileHandler' driver.
DEBUG - 2026-08-02 23:59:18 --> Session: Class initialized using 'CodeIgniter\Session\Handlers\FileHandler' driver.
INFO - 2026-08-02 23:59:58 --> CSRF token verified.
DEBUG - 2026-08-02 23:59:58 --> Session: Class initialized using 'CodeIgniter\Session\Handlers\FileHandler' driver.
DEBUG - 2026-08-02 23:59:58 --> Session: Class initialized using 'CodeIgniter\Session\Handlers\FileHandler' driver.
